{
  "dy_obs": 0.006121925148931045,
  "dc_obs": 0.008053819065938156,
  "dinv_obs": 0.0031620981514531186,
  "dx_obs": 0.003191366669854947,
  "dm_obs": 0.007923362660987738,
  "pi_obs": 0.0239982174959869,
  "dw_obs": 0.00844344278242402,
  "i_R_obs": 0.006235243491337119,
  "i_3m_obs": 0.005140986394557822,
  "ds_obs": 0.0015409666439384385,
  "dpO_obs": 0.009112654953463176,
  "dyS_obs": -1.1079137607339362e-13,
  "dh_obs": 0.014412281711279186,
  "db_obs": 0.016798610687997345,
  "pi_core_obs": 0.024016960519908502
}