{
  "summary": {
    "rho_A": {
      "mean": 0.7200651350057398,
      "std": 0.21133566096698692,
      "p5": 0.24797484838541997,
      "p95": 0.9567000007233645,
      "ess": 96.47341881991827,
      "psrf": 1.0625679459322561,
      "fixed": false
    },
    "rho_C": {
      "mean": 0.8360178758794077,
      "std": 0.19446395936680946,
      "p5": 0.4121960371362344,
      "p95": 0.9986886452995758,
      "ess": 89.69455332399409,
      "psrf": 1.0162077256701487,
      "fixed": false
    },
    "rho_O": {
      "mean": 0.37939452386842115,
      "std": 0.10162477650136954,
      "p5": 0.21757287305018577,
      "p95": 0.5614442275526952,
      "ess": 93.12561188857829,
      "psrf": 1.0193189783858978,
      "fixed": false
    },
    "rho_Ys": {
      "mean": 0.8299791071773953,
      "std": 0.07829101514260789,
      "p5": 0.6848937321450768,
      "p95": 0.9486315345082735,
      "ess": 74.39583097897055,
      "psrf": 1.0311992532958236,
      "fixed": false
    },
    "rho_rp": {
      "mean": 0.7775484388075896,
      "std": 0.21964530114012928,
      "p5": 0.32309961905794804,
      "p95": 0.9976849283878657,
      "ess": 84.14882972008758,
      "psrf": 1.0340883174836213,
      "fixed": false
    },
    "rho_H": {
      "mean": 0.8126599225928314,
      "std": 0.20098104863355293,
      "p5": 0.3837716507803658,
      "p95": 0.9976851255160103,
      "ess": 103.52338991891982,
      "psrf": 1.0636676267811007,
      "fixed": false
    },
    "sigma_C": {
      "mean": 0.015730680064589057,
      "std": 0.002345386887177776,
      "p5": 0.012015497513586994,
      "p95": 0.019628517582799446,
      "ess": 154.3602568412558,
      "psrf": 1.0054355332112386,
      "fixed": false
    },
    "sigma_O": {
      "mean": 0.10590369447863156,
      "std": 0.010657375131576809,
      "p5": 0.09037928533381208,
      "p95": 0.12570568594066103,
      "ess": 79.35014129053883,
      "psrf": 1.043342090496267,
      "fixed": false
    },
    "sigma_Ys": {
      "mean": 0.005888568302075773,
      "std": 0.0007819685486846848,
      "p5": 0.004744960779468269,
      "p95": 0.007251940456813198,
      "ess": 78.9933058543315,
      "psrf": 1.0263065938926708,
      "fixed": false
    },
    "sigma_rp": {
      "mean": 0.006,
      "std": 0.0,
      "p5": 0.0009582940416460875,
      "p95": 0.018428390055865895,
      "ess": 31.39815880167259,
      "psrf": 1.8767800816551776,
      "fixed": true
    },
    "sigma_i": {
      "mean": 0.0002656703163278421,
      "std": 2.329079029929394e-05,
      "p5": 0.00022879182646436035,
      "p95": 0.0003060842279769228,
      "ess": 983.6577617799337,
      "psrf": 1.002067367179846,
      "fixed": false
    },
    "sigma_P": {
      "mean": 0.005423720412117334,
      "std": 0.00038600301756854346,
      "p5": 0.004785619520598033,
      "p95": 0.0060347359508897734,
      "ess": 167.89108621707913,
      "psrf": 1.0291244116896539,
      "fixed": false
    },
    "sigma_H": {
      "mean": 0.13416363373377227,
      "std": 0.016664852348679975,
      "p5": 0.11051859898888196,
      "p95": 0.15499370683136518,
      "ess": 30.850740380534013,
      "psrf": 3.5602354219307477,
      "fixed": false
    },
    "psi_R": {
      "mean": 0.9514806716943652,
      "std": 0.011655214975682065,
      "p5": 0.9313706300299914,
      "p95": 0.9694714315758605,
      "ess": 114.40467129469252,
      "psrf": 1.0051735185307116,
      "fixed": false
    },
    "psi_P1": {
      "mean": 0.24795125739667073,
      "std": 0.0757443970881847,
      "p5": 0.13442248158157366,
      "p95": 0.37895452252270684,
      "ess": 124.5299769941496,
      "psrf": 1.0188473684540449,
      "fixed": false
    },
    "psi_Y": {
      "mean": 0.2713181474252095,
      "std": 0.04362393415449786,
      "p5": 0.19977701294333544,
      "p95": 0.34321184925851533,
      "ess": 126.22672555156262,
      "psrf": 1.048003814206819,
      "fixed": false
    },
    "h_c": {
      "mean": 0.9869677895603213,
      "std": 0.002167413450232728,
      "p5": 0.9832212235455023,
      "p95": 0.9904654512417098,
      "ess": 98.57160536892998,
      "psrf": 1.0301344796256642,
      "fixed": false
    }
  },
  "meta": {
    "n_burnin": 5000,
    "n_prod": 30000,
    "acc_rate": 0.2272,
    "sigma_rp_fixed": 0.006,
    "sigma_A_fixed": 0.006,
    "psrf_max": 3.5602354219307477,
    "ess_min": 30.850740380534013
  }
}