{
  "rho_A": {
    "km": 0.804,
    "post_mean": 0.7376068783478384,
    "post_std": 0.1906972855892261,
    "prior_std": 0.21148716612717608,
    "id_ratio": 0.9016967274248303,
    "ess": 65.55439590038543,
    "ess_n": 0.0032777197950192715
  },
  "rho_C": {
    "km": 0.725,
    "post_mean": 0.8099460918164799,
    "post_std": 0.18895118362017413,
    "prior_std": 0.21148716612717608,
    "id_ratio": 0.8934404251582334,
    "ess": 44.906516603123315,
    "ess_n": 0.002245325830156166
  },
  "rho_O": {
    "km": 0.874,
    "post_mean": 0.4087076683931601,
    "post_std": 0.10037719531439449,
    "prior_std": 0.21148716612717608,
    "id_ratio": 0.4746254685451385,
    "ess": 52.91038242719542,
    "ess_n": 0.002645519121359771
  },
  "rho_Ys": {
    "km": 0.783,
    "post_mean": 0.8182907034909159,
    "post_std": 0.07394341234605623,
    "prior_std": 0.21148716612717608,
    "id_ratio": 0.3496354587379121,
    "ess": 48.2994278514326,
    "ess_n": 0.00241497139257163
  },
  "rho_rp": {
    "km": 0.737,
    "post_mean": 0.7686286532089757,
    "post_std": 0.23119132983525706,
    "prior_std": 0.21148716612717608,
    "id_ratio": 1.0931695481523074,
    "ess": 34.79535999470534,
    "ess_n": 0.0017397679997352671
  },
  "rho_H": {
    "km": 0.694,
    "post_mean": 0.7925117647901224,
    "post_std": 0.20329647265793185,
    "prior_std": 0.21148716612717608,
    "id_ratio": 0.9612709668428825,
    "ess": 44.47209717748705,
    "ess_n": 0.0022236048588743524
  },
  "sigma_C": {
    "km": 0.03,
    "post_mean": 0.013078383295418865,
    "post_std": 0.002563285079773263,
    "prior_std": 0.027800876371978395,
    "id_ratio": 0.09220159269356341,
    "ess": 123.33186273740402,
    "ess_n": 0.0061665931368702015
  },
  "sigma_O": {
    "km": 0.079,
    "post_mean": 0.10775169922412164,
    "post_std": 0.01063052555457317,
    "prior_std": 0.06928652942488267,
    "id_ratio": 0.15342846066634505,
    "ess": 60.12191777904574,
    "ess_n": 0.003006095888952287
  },
  "sigma_Ys": {
    "km": 0.011,
    "post_mean": 0.005889084509437929,
    "post_std": 0.0007296469511213827,
    "prior_std": 0.012081788535989738,
    "id_ratio": 0.060392296136278154,
    "ess": 53.67426473630295,
    "ess_n": 0.0026837132368151477
  },
  "sigma_rp": {
    "km": 0.006,
    "post_mean": 0.01585058989624738,
    "post_std": 0.0014586275438872103,
    "prior_std": 0.007244111920112483,
    "id_ratio": 0.20135353511553167,
    "ess": 63.937052557855104,
    "ess_n": 0.003196852627892755
  },
  "sigma_i": {
    "km": 0.0003,
    "post_mean": 0.0002733657847108948,
    "post_std": 2.1434594309932577e-05,
    "prior_std": 0.00040378404198358314,
    "id_ratio": 0.05308430269961995,
    "ess": 70.3078276207185,
    "ess_n": 0.003515391381035925
  },
  "sigma_P": {
    "km": 0.003,
    "post_mean": 0.005883541278835935,
    "post_std": 0.0004831892469648449,
    "prior_std": 0.005451084566778373,
    "id_ratio": 0.0886409376052687,
    "ess": 116.30282398298226,
    "ess_n": 0.005815141199149113
  },
  "sigma_H": {
    "km": 0.05,
    "post_mean": 0.1543317980437723,
    "post_std": 0.012613960145558606,
    "prior_std": 0.0722346651146072,
    "id_ratio": 0.17462474735011718,
    "ess": 592.2589662350974,
    "ess_n": 0.029612948311754872
  },
  "psi_R": {
    "km": 0.666,
    "post_mean": 0.9627232897442285,
    "post_std": 0.010246887241458138,
    "prior_std": 0.12236987696957195,
    "id_ratio": 0.08373700697603946,
    "ess": 79.31616868652826,
    "ess_n": 0.003965808434326413
  },
  "psi_P1": {
    "km": 0.292,
    "post_mean": 0.29116538321625285,
    "post_std": 0.08801980369408795,
    "prior_std": 0.09934671604970541,
    "id_ratio": 0.8859860415521903,
    "ess": 76.64226907673559,
    "ess_n": 0.003832113453836779
  },
  "psi_Y": {
    "km": 0.242,
    "post_mean": 0.2628682245804084,
    "post_std": 0.04787640848985984,
    "prior_std": 0.0500706299286355,
    "id_ratio": 0.9561774748609508,
    "ess": 61.299590079076246,
    "ess_n": 0.0030649795039538125
  },
  "h_c": {
    "km": 0.938,
    "post_mean": 0.9924013163978529,
    "post_std": 0.0015131171567500199,
    "prior_std": 0.12178216540223853,
    "id_ratio": 0.012424784464558442,
    "ess": 120.58857309839392,
    "ess_n": 0.0060294286549196965
  }
}