{
  "summary": {
    "rho_A": {
      "mean": 0.7376068783478384,
      "std": 0.1906972855892261,
      "p5": 0.3219050222685352,
      "p50": 0.7950263167041884,
      "p95": 0.9440291929939538,
      "km": 0.804,
      "psrf": 1.0975331187411328,
      "ess": 65.55439590038543
    },
    "rho_C": {
      "mean": 0.8099460918164799,
      "std": 0.18895118362017413,
      "p5": 0.42861581786277353,
      "p50": 0.8762412634719591,
      "p95": 0.9982202812315143,
      "km": 0.725,
      "psrf": 1.0117469582307563,
      "ess": 44.906516603123315
    },
    "rho_O": {
      "mean": 0.4087076683931601,
      "std": 0.10037719531439449,
      "p5": 0.23606927108598943,
      "p50": 0.41180965926659535,
      "p95": 0.576591582019911,
      "km": 0.874,
      "psrf": 1.0010783716788287,
      "ess": 52.91038242719542
    },
    "rho_Ys": {
      "mean": 0.8182907034909159,
      "std": 0.07394341234605623,
      "p5": 0.6853373547229562,
      "p50": 0.8254372792269734,
      "p95": 0.9304213613534177,
      "km": 0.783,
      "psrf": 1.1520194448972345,
      "ess": 48.2994278514326
    },
    "rho_rp": {
      "mean": 0.7686286532089757,
      "std": 0.23119132983525706,
      "p5": 0.28411354879038997,
      "p50": 0.8492899283128091,
      "p95": 0.9985954079026949,
      "km": 0.737,
      "psrf": 1.214790869034594,
      "ess": 34.79535999470534
    },
    "rho_H": {
      "mean": 0.7925117647901224,
      "std": 0.20329647265793185,
      "p5": 0.3700134883314349,
      "p50": 0.8493880251766325,
      "p95": 0.998158162088115,
      "km": 0.694,
      "psrf": 1.0241410625410707,
      "ess": 44.47209717748705
    },
    "sigma_C": {
      "mean": 0.013078383295418865,
      "std": 0.002563285079773263,
      "p5": 0.008955099786835284,
      "p50": 0.013176826436458984,
      "p95": 0.016971683412609902,
      "km": 0.03,
      "psrf": 1.0014081846891048,
      "ess": 123.33186273740402
    },
    "sigma_O": {
      "mean": 0.10775169922412164,
      "std": 0.01063052555457317,
      "p5": 0.09152888371650747,
      "p50": 0.10681915655758506,
      "p95": 0.12783704449579306,
      "km": 0.079,
      "psrf": 1.021341438851371,
      "ess": 60.12191777904574
    },
    "sigma_Ys": {
      "mean": 0.005889084509437929,
      "std": 0.0007296469511213827,
      "p5": 0.004801190652213871,
      "p50": 0.00584964804524557,
      "p95": 0.007273313252177384,
      "km": 0.011,
      "psrf": 1.0593537383915688,
      "ess": 53.67426473630295
    },
    "sigma_rp": {
      "mean": 0.01585058989624738,
      "std": 0.0014586275438872103,
      "p5": 0.013658743104909825,
      "p50": 0.015742948884198502,
      "p95": 0.018390264000540068,
      "km": 0.006,
      "psrf": 1.03687710738907,
      "ess": 63.937052557855104
    },
    "sigma_i": {
      "mean": 0.0002733657847108948,
      "std": 2.1434594309932577e-05,
      "p5": 0.00023881141692731135,
      "p50": 0.00027360929662757164,
      "p95": 0.00030844137627717653,
      "km": 0.0003,
      "psrf": 1.0051827523245596,
      "ess": 70.3078276207185
    },
    "sigma_P": {
      "mean": 0.005883541278835935,
      "std": 0.0004831892469648449,
      "p5": 0.005180327429761775,
      "p50": 0.005849989561861205,
      "p95": 0.006708607696988297,
      "km": 0.003,
      "psrf": 1.0122558634240741,
      "ess": 116.30282398298226
    },
    "sigma_H": {
      "mean": 0.1543317980437723,
      "std": 0.012613960145558606,
      "p5": 0.1353054979023826,
      "p50": 0.15344825398448464,
      "p95": 0.17701912667094885,
      "km": 0.05,
      "psrf": 1.0059404500416973,
      "ess": 592.2589662350974
    },
    "psi_R": {
      "mean": 0.9627232897442285,
      "std": 0.010246887241458138,
      "p5": 0.9445706409996695,
      "p50": 0.9636342171281459,
      "p95": 0.9784064162542367,
      "km": 0.666,
      "psrf": 1.0359332565379338,
      "ess": 79.31616868652826
    },
    "psi_P1": {
      "mean": 0.29116538321625285,
      "std": 0.08801980369408795,
      "p5": 0.1473446721476591,
      "p50": 0.2902639395657867,
      "p95": 0.45123226217243856,
      "km": 0.292,
      "psrf": 1.004631201191688,
      "ess": 76.64226907673559
    },
    "psi_Y": {
      "mean": 0.2628682245804084,
      "std": 0.04787640848985984,
      "p5": 0.18361121786944393,
      "p50": 0.26376745261225115,
      "p95": 0.33556222114893075,
      "km": 0.242,
      "psrf": 1.0034543922139938,
      "ess": 61.299590079076246
    },
    "h_c": {
      "mean": 0.9924013163978529,
      "std": 0.0015131171567500199,
      "p5": 0.9899335361582956,
      "p50": 0.9923854379051176,
      "p95": 0.9948656080099944,
      "km": 0.938,
      "psrf": 1.0063510352900997,
      "ess": 120.58857309839392
    },
    "sigma_A": {
      "mean": 0.006,
      "std": 0.0,
      "p5": 0.006,
      "p50": 0.006,
      "p95": 0.006,
      "km": 0.006,
      "psrf": 1.0,
      "ess": Infinity,
      "fixed": true
    }
  },
  "meta": {
    "n_production": 20000,
    "burnin": 5000,
    "acc_rate": 0.2682,
    "final_scale": 0.43581929876994113,
    "n_recalibrations": 2,
    "recalib_log": [
      {
        "round": 0,
        "psrf_max": 2.8722717114060243,
        "ess_min": 6.616241673866892,
        "scale_new": 1.4633351894037994
      },
      {
        "round": 1,
        "psrf_max": 2.6528261853740216,
        "ess_min": 8.46761685685737,
        "scale_new": 1.7764620751106959
      }
    ],
    "psrf_final": 1.214790869034594,
    "sigma_A_fixed": 0.006,
    "ess_min": 34.79535999470534
  }
}