{
  "summary": {
    "rho_A": {
      "mean": 0.12164075097546982,
      "std": 0.07011039191743391,
      "p5": 0.032305414266931586,
      "p50": 0.10764101814081811,
      "p95": 0.2565562233765589,
      "km": 0.804,
      "psrf": 1.0023608591436532,
      "ess": 1339.9400205227676
    },
    "rho_C": {
      "mean": 0.12188902911034001,
      "std": 0.07147678474575571,
      "p5": 0.03129836534388177,
      "p50": 0.10859228872571774,
      "p95": 0.2607727315317228,
      "km": 0.725,
      "psrf": 1.005343367161764,
      "ess": 454.60253504693804
    },
    "rho_O": {
      "mean": 0.3201300079875176,
      "std": 0.10462933360661594,
      "p5": 0.1494900133158671,
      "p50": 0.3182774237487795,
      "p95": 0.4928259641262717,
      "km": 0.874,
      "psrf": 1.036067702418077,
      "ess": 793.3189447829905
    },
    "rho_Ys": {
      "mean": 0.8082950722089849,
      "std": 0.08043157320031412,
      "p5": 0.6698929230874652,
      "p50": 0.8121677023502516,
      "p95": 0.9359101807863051,
      "km": 0.783,
      "psrf": 1.000488907450853,
      "ess": 1393.7007897325093
    },
    "rho_rp": {
      "mean": 0.7141096225128949,
      "std": 0.25133490076121345,
      "p5": 0.22891907599927577,
      "p50": 0.776424159550155,
      "p95": 0.9970657780363865,
      "km": 0.737,
      "psrf": 1.0421800539976473,
      "ess": 812.91057551736
    },
    "rho_H": {
      "mean": 0.5300372481782856,
      "std": 0.11144115651146785,
      "p5": 0.3416434755434932,
      "p50": 0.5350022217616978,
      "p95": 0.7066915707452938,
      "km": 0.694,
      "psrf": 1.0015719241741357,
      "ess": 1454.539883492302
    },
    "sigma_A": {
      "mean": 0.006,
      "std": 0.0,
      "p5": 0.006,
      "p50": 0.006,
      "p95": 0.006,
      "km": 0.006,
      "psrf": 1.0,
      "ess": Infinity,
      "fixed": true
    },
    "sigma_C": {
      "mean": 0.022845189335167198,
      "std": 0.0025937075393909037,
      "p5": 0.018815380319949643,
      "p50": 0.02272487355340062,
      "p95": 0.027369226285296668,
      "km": 0.03,
      "psrf": 1.0032649997994625,
      "ess": 820.5422702638076
    },
    "sigma_O": {
      "mean": 0.08988660637342313,
      "std": 0.0081419901053323,
      "p5": 0.07715143049578181,
      "p50": 0.08954700882148366,
      "p95": 0.10369227090310593,
      "km": 0.079,
      "psrf": 1.0532400910549171,
      "ess": 691.8296584428251
    },
    "sigma_Ys": {
      "mean": 0.006319609931071568,
      "std": 0.0008391352467845024,
      "p5": 0.004997096227504103,
      "p50": 0.006281464221265739,
      "p95": 0.007763963350089269,
      "km": 0.011,
      "psrf": 1.0244944464901284,
      "ess": 959.4007974113802
    },
    "sigma_i": {
      "mean": 0.0002625555701631172,
      "std": 2.2935023931268266e-05,
      "p5": 0.00022641514052947005,
      "p50": 0.0002614654173620149,
      "p95": 0.0003026530147309281,
      "km": 0.0003,
      "psrf": 1.0013445283470979,
      "ess": 1592.120306022016
    },
    "sigma_P": {
      "mean": 0.004534433545531037,
      "std": 0.00038587407551534053,
      "p5": 0.003939824594545968,
      "p50": 0.004509068601101192,
      "p95": 0.005204969814803127,
      "km": 0.003,
      "psrf": 1.0140384569091123,
      "ess": 1248.8205908774323
    },
    "sigma_H": {
      "mean": 0.09366362563276373,
      "std": 0.01154757381491631,
      "p5": 0.07511576218869608,
      "p50": 0.09331030282689456,
      "p95": 0.11336843216963051,
      "km": 0.05,
      "psrf": 1.0030849080881739,
      "ess": 1153.0216200737182
    },
    "psi_R": {
      "mean": 0.9537138580139771,
      "std": 0.011979056339235747,
      "p5": 0.9327866706270391,
      "p50": 0.9544401310454015,
      "p95": 0.972401280631359,
      "km": 0.666,
      "psrf": 1.0029484272340983,
      "ess": 1007.5221531178671
    },
    "psi_P1": {
      "mean": 0.23972210459259935,
      "std": 0.08778614149217479,
      "p5": 0.1003997708579285,
      "p50": 0.23702487233039174,
      "p95": 0.38926792303567437,
      "km": 0.292,
      "psrf": 1.0247337618560364,
      "ess": 699.7978507157892
    },
    "psi_Y": {
      "mean": 0.24377315229405452,
      "std": 0.04481828458780323,
      "p5": 0.17100325830958962,
      "p50": 0.24337745272770284,
      "p95": 0.31937896376486913,
      "km": 0.242,
      "psrf": 1.0281448646954365,
      "ess": 870.6261930900155
    },
    "gamma_p": {
      "mean": 0.203600576461675,
      "std": 0.11008522805462836,
      "p5": 0.060714335718360234,
      "p50": 0.18585962041215964,
      "p95": 0.4106053909331679,
      "km": 0.35,
      "psrf": 1.0020219097816894,
      "ess": 599.3733041508702
    },
    "phi_I1": {
      "mean": 0.165439304282953,
      "std": 0.04400538704491295,
      "p5": 0.10679288348714928,
      "p50": 0.1583801236837069,
      "p95": 0.2489891582400583,
      "km": 4.0,
      "psrf": 1.0037282665735017,
      "ess": 689.7509260592082
    },
    "phi_I2": {
      "mean": 9.63921130153771,
      "std": 3.782979410545192,
      "p5": 3.442590414014161,
      "p50": 9.608871286177774,
      "p95": 15.957251079934872,
      "km": 8.0,
      "psrf": 1.0186242511996737,
      "ess": 1150.4302891456068
    },
    "phi_u": {
      "mean": 0.02501899430860195,
      "std": 0.013622322186004562,
      "p5": 0.010911260271533212,
      "p50": 0.021159154576268706,
      "p95": 0.051948476738961656,
      "km": 0.2192,
      "psrf": 1.0123116564024675,
      "ess": 853.448496873225
    },
    "kappa_M": {
      "mean": 0.017462454585413945,
      "std": 0.010739489275514467,
      "p5": 0.005704207199580888,
      "p50": 0.014665724553884776,
      "p95": 0.039105471848939734,
      "km": 0.03,
      "psrf": 1.0089669390334268,
      "ess": 889.6227893723701
    }
  },
  "meta": {
    "n_production": 200000,
    "burnin": 20000,
    "acc_rate": 0.167345,
    "final_scale": 0.9393267123894059,
    "n_recalibrations": 5,
    "recalib_log": [
      {
        "round": 0,
        "psrf_max": 1.0791538096819047,
        "ess_min": 45.673906075628786,
        "scale_new": 3.0
      },
      {
        "round": 1,
        "psrf_max": 1.5490813135404728,
        "ess_min": 25.58951735599548,
        "scale_new": 2.741979898183679
      },
      {
        "round": 2,
        "psrf_max": 1.2781871258485789,
        "ess_min": 31.325144420623477,
        "scale_new": 2.6591895082057144
      },
      {
        "round": 3,
        "psrf_max": 1.1381995003716785,
        "ess_min": 53.547408723691596,
        "scale_new": 2.9139159410230073
      },
      {
        "round": 4,
        "psrf_max": 1.205015994347121,
        "ess_min": 35.58217705418119,
        "scale_new": 2.6493132879415553
      }
    ],
    "psrf_final": 1.0532400910549171,
    "sigma_A_fixed": 0.006,
    "use_reparam": false,
    "ess_min": 454.60253504693804
  }
}