{
  "summary": {
    "rho_A": {
      "mean": 0.05019108303906045,
      "std": 0.02643762395296296,
      "p5": 0.017559427187306156,
      "p50": 0.045017195648110755,
      "p95": 0.10144446528128924,
      "km": 0.804,
      "psrf": 1.0490477560944902,
      "ess": 828.1564536475257
    },
    "rho_C": {
      "mean": 0.06905297568783057,
      "std": 0.035942910953679554,
      "p5": 0.022023575956678743,
      "p50": 0.06280367832165214,
      "p95": 0.13790349631301405,
      "km": 0.725,
      "psrf": 1.1614032295786487,
      "ess": 401.2579254609253
    },
    "rho_O": {
      "mean": 0.08261693931249402,
      "std": 0.02635311628559897,
      "p5": 0.04052501786482544,
      "p50": 0.08155847367985959,
      "p95": 0.1286476287963033,
      "km": 0.874,
      "psrf": 1.1068765610913256,
      "ess": 540.9076353723913
    },
    "rho_Ys": {
      "mean": 0.21329317498932304,
      "std": 0.07373413338051696,
      "p5": 0.10340560877368005,
      "p50": 0.2065040060911903,
      "p95": 0.33024618913725623,
      "km": 0.783,
      "psrf": 1.5832678167955416,
      "ess": 225.8421299638225
    },
    "rho_rp": {
      "mean": 0.9144234356662916,
      "std": 0.10479434349420973,
      "p5": 0.6947047055083495,
      "p50": 0.9548912595185608,
      "p95": 0.9989876042209748,
      "km": 0.737,
      "psrf": 1.0243443681999336,
      "ess": 685.1637993704592
    },
    "rho_H": {
      "mean": 0.970783981826526,
      "std": 0.020683670629281593,
      "p5": 0.9315793969140737,
      "p50": 0.975139389284979,
      "p95": 0.9965754947195882,
      "km": 0.694,
      "psrf": 1.0323112774815326,
      "ess": 908.2151274268373
    },
    "sigma_C": {
      "mean": 0.10153121293334744,
      "std": 0.007176050739031273,
      "p5": 0.09023316144858651,
      "p50": 0.10127904285801163,
      "p95": 0.11400261258668777,
      "km": 0.03,
      "psrf": 1.069778881627813,
      "ess": 559.6469024599116
    },
    "sigma_O": {
      "mean": 0.1469212924235086,
      "std": 0.010696052542009178,
      "p5": 0.1301737735210298,
      "p50": 0.14644044722686764,
      "p95": 0.1653899446934215,
      "km": 0.079,
      "psrf": 1.0079749699541019,
      "ess": 1492.457940527748
    },
    "sigma_Ys": {
      "mean": 0.016908853355316122,
      "std": 0.0013810461671883438,
      "p5": 0.014733816473600959,
      "p50": 0.01683619832156858,
      "p95": 0.019297872757214344,
      "km": 0.011,
      "psrf": 1.008945817315387,
      "ess": 2674.54778378978
    },
    "sigma_i": {
      "mean": 0.00184159744213211,
      "std": 0.00017764826871400163,
      "p5": 0.0015671642462760631,
      "p50": 0.0018321440363491376,
      "p95": 0.0021384321948063286,
      "km": 0.0003,
      "psrf": 1.086917033883028,
      "ess": 892.3417199349177
    },
    "sigma_P": {
      "mean": 0.006847718017520137,
      "std": 0.0005677796276984313,
      "p5": 0.005955959545994745,
      "p50": 0.006816032414711678,
      "p95": 0.007815572516560771,
      "km": 0.003,
      "psrf": 1.0003370623656098,
      "ess": 3310.9507862426185
    },
    "sigma_H": {
      "mean": 0.32409603890143107,
      "std": 0.019463196667943435,
      "p5": 0.29311115124680054,
      "p50": 0.3232441145279864,
      "p95": 0.35753626981170744,
      "km": 0.05,
      "psrf": 1.0410029936547558,
      "ess": 943.810894273377
    },
    "psi_P1": {
      "mean": 0.19838759792446722,
      "std": 0.0707458259402484,
      "p5": 0.08520356243642571,
      "p50": 0.19565353198032898,
      "p95": 0.32063346734176607,
      "km": 0.292,
      "psrf": 1.0580051494761575,
      "ess": 707.4796537753122
    },
    "psi_Y": {
      "mean": 0.4198233546744088,
      "std": 0.04891151115896661,
      "p5": 0.342415773368196,
      "p50": 0.418740466685407,
      "p95": 0.5012089331096043,
      "km": 0.242,
      "psrf": 1.362740026037483,
      "ess": 329.2412143150217
    },
    "gamma_p": {
      "mean": 0.32571456854305797,
      "std": 0.10216549793504955,
      "p5": 0.16380146626758235,
      "p50": 0.321895512157829,
      "p95": 0.5020246786284562,
      "km": 0.35,
      "psrf": 1.1604819492252851,
      "ess": 494.1918835693934
    },
    "phi_I2": {
      "mean": 11.619429802813618,
      "std": 2.8929486185788917,
      "p5": 6.935707719112958,
      "p50": 11.596858738873053,
      "p95": 16.445878847526245,
      "km": 8.0,
      "psrf": 1.0527132761082718,
      "ess": 742.1583999211294
    },
    "rho_s": {
      "mean": 0.6835837544165272,
      "std": 0.10051297847106545,
      "p5": 0.5053320261612488,
      "p50": 0.6914292188382176,
      "p95": 0.8320546567058236,
      "km": 0.5,
      "psrf": 1.0181155805396407,
      "ess": 480.4552039536117
    },
    "sigma_A": {
      "mean": 0.006,
      "std": 0.0,
      "p5": 0.006,
      "p50": 0.006,
      "p95": 0.006,
      "km": 0.006,
      "psrf": 1.0,
      "ess": Infinity,
      "fixed": true
    }
  },
  "meta": {
    "n_production": 200000,
    "burnin": 15000,
    "acc_rate": 0.216375,
    "final_scale": 1.315276340914235,
    "n_recalibrations": 6,
    "recalib_log": [
      {
        "round": 0,
        "psrf_max": 1.2094951409858412,
        "ess_min": 19.782211230178035,
        "scale_new": 3.0
      },
      {
        "round": 1,
        "psrf_max": 1.2776319536389844,
        "ess_min": 25.627977787505756,
        "scale_new": 4.8963926753279985
      },
      {
        "round": 2,
        "psrf_max": 1.578862889637319,
        "ess_min": 20.15141477108849,
        "scale_new": 3.0154884759133607
      },
      {
        "round": 3,
        "psrf_max": 1.1441718395843956,
        "ess_min": 41.17967213096569,
        "scale_new": 2.321395400481526
      },
      {
        "round": 4,
        "psrf_max": 1.0701947893451884,
        "ess_min": 61.08343839636759,
        "scale_new": 2.5027195952131382
      },
      {
        "round": 5,
        "psrf_max": 1.060421531787663,
        "ess_min": 68.2885902239157,
        "scale_new": 2.3785847032905667
      }
    ],
    "psrf_final": 1.5832678167955416,
    "sigma_A_fixed": 0.006,
    "use_reparam": false,
    "ess_min": 225.8421299638225
  }
}