{
  "summary": {
    "rho_A": {
      "mean": 0.043566086154487205,
      "std": 0.02128029229705682,
      "p5": 0.017131068725966373,
      "p50": 0.03909095348284498,
      "p95": 0.08605019139013834,
      "km": 0.804,
      "psrf": 1.1481592784927581,
      "ess": 267.9994721894176
    },
    "rho_C": {
      "mean": 0.05448925600397768,
      "std": 0.02081125373590636,
      "p5": 0.02205319883821962,
      "p50": 0.05373927838030984,
      "p95": 0.09208639775611666,
      "km": 0.725,
      "psrf": 1.3173429766029976,
      "ess": 258.25134407688415
    },
    "rho_O": {
      "mean": 0.05861873679400597,
      "std": 0.02766628426596419,
      "p5": 0.020872950258920255,
      "p50": 0.05453145853851001,
      "p95": 0.11278172775094826,
      "km": 0.874,
      "psrf": 1.3380600001933596,
      "ess": 299.21186710201596
    },
    "rho_Ys": {
      "mean": 0.18468188958684784,
      "std": 0.06603509091465651,
      "p5": 0.07908838013680997,
      "p50": 0.18239863339238205,
      "p95": 0.2970197212724614,
      "km": 0.783,
      "psrf": 1.0904362298480275,
      "ess": 484.2377567156558
    },
    "rho_rp": {
      "mean": 0.975411576185161,
      "std": 0.025913483880336916,
      "p5": 0.9228554810082203,
      "p50": 0.9843892308279842,
      "p95": 0.9993763515550258,
      "km": 0.737,
      "psrf": 1.1044380461895116,
      "ess": 572.6157374626832
    },
    "rho_H": {
      "mean": 0.9186103336848621,
      "std": 0.01472817499093605,
      "p5": 0.8920488861640384,
      "p50": 0.9202393943232279,
      "p95": 0.9397365009906326,
      "km": 0.694,
      "psrf": 1.044021348547485,
      "ess": 310.3870910365729
    },
    "sigma_C": {
      "mean": 0.10330052052139274,
      "std": 0.007988729681321208,
      "p5": 0.09098629144914261,
      "p50": 0.10290664242121819,
      "p95": 0.1169933678574705,
      "km": 0.03,
      "psrf": 1.0052368953565678,
      "ess": 834.315078885057
    },
    "sigma_O": {
      "mean": 0.14500896712824773,
      "std": 0.011285364619613034,
      "p5": 0.12808136109456564,
      "p50": 0.1442492517054367,
      "p95": 0.16508216559713496,
      "km": 0.079,
      "psrf": 1.0209648422359274,
      "ess": 564.1963486945035
    },
    "sigma_Ys": {
      "mean": 0.017092041730287586,
      "std": 0.001376459774378686,
      "p5": 0.014969959502768635,
      "p50": 0.01701459358021851,
      "p95": 0.019454187770971923,
      "km": 0.011,
      "psrf": 1.0005686026237173,
      "ess": 3063.3272969593654
    },
    "sigma_i": {
      "mean": 0.00034861498171918356,
      "std": 3.091612065086845e-05,
      "p5": 0.0003014739355661395,
      "p50": 0.00034715691626753596,
      "p95": 0.00040207930366009616,
      "km": 0.0003,
      "psrf": 1.0012076448520815,
      "ess": 3979.0433737349013
    },
    "sigma_P": {
      "mean": 0.006450016774430464,
      "std": 0.0005312330877005705,
      "p5": 0.005635447640019992,
      "p50": 0.006411778703705723,
      "p95": 0.007384334260101675,
      "km": 0.003,
      "psrf": 1.0005921280936374,
      "ess": 3668.4233058986615
    },
    "sigma_H": {
      "mean": 0.34668315240194775,
      "std": 0.029015703359752072,
      "p5": 0.29878527151853757,
      "p50": 0.34686411780353466,
      "p95": 0.39424828330692396,
      "km": 0.05,
      "psrf": 1.1116096803940958,
      "ess": 258.7985648383897
    },
    "psi_R": {
      "mean": 0.989452229176416,
      "std": 0.00039390890906621775,
      "p5": 0.988702278903214,
      "p50": 0.9895420095823992,
      "p95": 0.9899021911046747,
      "km": 0.666,
      "psrf": 1.0002633945698094,
      "ess": 1537.9611653320173
    },
    "psi_P1": {
      "mean": 0.3338209090996336,
      "std": 0.038937858713852455,
      "p5": 0.2691158772276437,
      "p50": 0.33404293029519305,
      "p95": 0.39647735457746414,
      "km": 0.292,
      "psrf": 1.0127974922694605,
      "ess": 351.48699171029
    },
    "psi_Y": {
      "mean": 0.2826715883422372,
      "std": 0.03575316982120876,
      "p5": 0.22632108541739887,
      "p50": 0.2810489651363808,
      "p95": 0.3445214874985905,
      "km": 0.242,
      "psrf": 1.3613654278569276,
      "ess": 337.4730465932045
    },
    "gamma_p": {
      "mean": 0.13455210929441022,
      "std": 0.03351687803449686,
      "p5": 0.07824162164346464,
      "p50": 0.13493549388056897,
      "p95": 0.1895266367414501,
      "km": 0.35,
      "psrf": 1.1314639044368022,
      "ess": 396.20189723558735
    },
    "phi_I1": {
      "mean": 0.4997300271444585,
      "std": 0.001006750173002552,
      "p5": 0.49808342676937584,
      "p50": 0.49973438476623755,
      "p95": 0.5013902295499802,
      "km": 12.54,
      "psrf": 1.00015118494487,
      "ess": 3076.2311799440977
    },
    "phi_I2": {
      "mean": 70.03174828351767,
      "std": 12.108163723400072,
      "p5": 49.84983845180382,
      "p50": 70.0906121045794,
      "p95": 90.24190443203551,
      "km": 165.66,
      "psrf": 1.0268110815577336,
      "ess": 655.7756326403584
    },
    "rho_s": {
      "mean": 0.05541804549734487,
      "std": 0.0037381668511331377,
      "p5": 0.050992661746283086,
      "p50": 0.0545630334304019,
      "p95": 0.06271904123163137,
      "km": 0.5,
      "psrf": 1.0019608127341242,
      "ess": 914.0795200459132
    },
    "phi_H1": {
      "mean": 60.72999271957518,
      "std": 0.000999335878165219,
      "p5": 60.728353788818566,
      "p50": 60.72998763470045,
      "p95": 60.73165769150003,
      "km": 60.73,
      "psrf": 1.000407566195597,
      "ess": 3810.9554449259526
    },
    "sigma_A": {
      "mean": 0.006,
      "std": 0.0,
      "p5": 0.006,
      "p50": 0.006,
      "p95": 0.006,
      "km": 0.006,
      "psrf": 1.0,
      "ess": Infinity,
      "fixed": true
    }
  },
  "meta": {
    "n_production": 200000,
    "burnin": 15000,
    "acc_rate": 0.18287,
    "final_scale": 1.511356649698598,
    "n_recalibrations": 6,
    "recalib_log": [
      {
        "round": 0,
        "psrf_max": 3.5187747049575413,
        "ess_min": 15.874576601284412,
        "scale_new": 3.0
      },
      {
        "round": 1,
        "psrf_max": 1.3942794474644962,
        "ess_min": 18.463518744693122,
        "scale_new": 4.189135955558401
      },
      {
        "round": 2,
        "psrf_max": 1.4626829684046734,
        "ess_min": 25.043480739241144,
        "scale_new": 3.50359223470318
      },
      {
        "round": 3,
        "psrf_max": 1.3355009430812799,
        "ess_min": 25.54940854157868,
        "scale_new": 1.9769053009483253
      },
      {
        "round": 4,
        "psrf_max": 1.0958957337269901,
        "ess_min": 46.334559019094776,
        "scale_new": 2.230941449297214
      },
      {
        "round": 5,
        "psrf_max": 1.0874613811199931,
        "ess_min": 43.82705764596678,
        "scale_new": 2.539891501912322
      }
    ],
    "psrf_final": 1.3613654278569276,
    "sigma_A_fixed": 0.006,
    "use_reparam": false,
    "ess_min": 258.25134407688415
  }
}