{
  "summary": {
    "rho_A": {
      "mean": 0.8072307858278622,
      "std": 0.001071036981722924,
      "p5": 0.8054777448085786,
      "p50": 0.8077125496303388,
      "p95": 0.8085061967399546,
      "km": 0.804,
      "psrf": 3.7358202731063073,
      "ess": 5.896265874915699
    },
    "rho_C": {
      "mean": 0.7142231551527757,
      "std": 0.0012927188631995361,
      "p5": 0.7123560775834337,
      "p50": 0.714078557871408,
      "p95": 0.7164680562544716,
      "km": 0.725,
      "psrf": 1.7068240311249023,
      "ess": 9.261907541334326
    },
    "rho_O": {
      "mean": 0.8432563618780113,
      "std": 0.0007027096026494055,
      "p5": 0.8422733364411725,
      "p50": 0.8431120285689602,
      "p95": 0.8445372338681721,
      "km": 0.874,
      "psrf": 1.3736936427227606,
      "ess": 9.512237899884035
    },
    "rho_Ys": {
      "mean": 0.8253196386886197,
      "std": 0.00516472260038055,
      "p5": 0.8161837600033517,
      "p50": 0.8273846520835244,
      "p95": 0.831312615729537,
      "km": 0.783,
      "psrf": 2.6877961078361956,
      "ess": 6.518806881079776
    },
    "rho_rp": {
      "mean": 0.754156638255423,
      "std": 0.002035475937622475,
      "p5": 0.751207884734621,
      "p50": 0.7537112844084763,
      "p95": 0.7576161834936446,
      "km": 0.737,
      "psrf": 1.8900617475210486,
      "ess": 7.983596874089893
    },
    "rho_H": {
      "mean": 0.7111892216209585,
      "std": 0.0008842192720044645,
      "p5": 0.7098612580796684,
      "p50": 0.7112041474964739,
      "p95": 0.7124961575072463,
      "km": 0.694,
      "psrf": 2.462155417679222,
      "ess": 6.148038800598026
    },
    "sigma_C": {
      "mean": 0.022552903393880327,
      "std": 0.0007064732112629363,
      "p5": 0.021394543997308602,
      "p50": 0.022961412550414877,
      "p95": 0.023349500646150687,
      "km": 0.03,
      "psrf": 3.0430690734108357,
      "ess": 5.847763717600614
    },
    "sigma_O": {
      "mean": 0.10051071724266618,
      "std": 0.0004687105854242104,
      "p5": 0.09970807454267916,
      "p50": 0.10058229584970409,
      "p95": 0.10123031156709651,
      "km": 0.079,
      "psrf": 2.6556271098357276,
      "ess": 6.143474458680943
    },
    "sigma_Ys": {
      "mean": 0.006697832878645027,
      "std": 0.0006299863066933444,
      "p5": 0.005474584669097849,
      "p50": 0.006681083650724442,
      "p95": 0.007649746740149701,
      "km": 0.011,
      "psrf": 1.636821516979344,
      "ess": 8.771947777182502
    },
    "sigma_rp": {
      "mean": 0.019115428223761798,
      "std": 0.0007354487277445756,
      "p5": 0.01785087023307239,
      "p50": 0.019500208791460034,
      "p95": 0.01993352229553246,
      "km": 0.006,
      "psrf": 3.5453578761162117,
      "ess": 5.884727223297478
    },
    "sigma_i": {
      "mean": 0.0007454821232750927,
      "std": 2.1682187467256284e-05,
      "p5": 0.0007076425398376121,
      "p50": 0.0007468587724419901,
      "p95": 0.0007802265344135368,
      "km": 0.0003,
      "psrf": 1.1470380213513203,
      "ess": 21.949890122903426
    },
    "sigma_P": {
      "mean": 0.004829510912600802,
      "std": 8.23178043010106e-05,
      "p5": 0.00467466313784889,
      "p50": 0.004830219826151972,
      "p95": 0.004962998325762523,
      "km": 0.003,
      "psrf": 1.0835853452247388,
      "ess": 8.612062413109074
    },
    "sigma_H": {
      "mean": 0.11538902493009759,
      "std": 0.007031303922073799,
      "p5": 0.10309928819562109,
      "p50": 0.1179381911368928,
      "p95": 0.12474379798468155,
      "km": 0.05,
      "psrf": 2.5740076890805152,
      "ess": 6.8495837766783945
    },
    "psi_R": {
      "mean": 0.7468128947383904,
      "std": 0.005269988076336986,
      "p5": 0.7377454274862114,
      "p50": 0.7490844524438347,
      "p95": 0.7532623701944208,
      "km": 0.666,
      "psrf": 3.2486132968345602,
      "ess": 6.303032040124939
    },
    "psi_P1": {
      "mean": 0.31891959413405885,
      "std": 0.0016152528437062032,
      "p5": 0.3166765294369892,
      "p50": 0.3185521757648749,
      "p95": 0.3216998473578626,
      "km": 0.292,
      "psrf": 2.2972831955252517,
      "ess": 6.5130226297927445
    },
    "psi_Y": {
      "mean": 0.24234555393172522,
      "std": 0.002768507710534307,
      "p5": 0.23895057579279075,
      "p50": 0.24124345164243,
      "p95": 0.24722208308204202,
      "km": 0.242,
      "psrf": 2.5415818493792286,
      "ess": 6.883572276270627
    },
    "h_c": {
      "mean": 0.9438754889005435,
      "std": 0.0011337656812886426,
      "p5": 0.9425242448335098,
      "p50": 0.9434204868830658,
      "p95": 0.9459655460640437,
      "km": 0.938,
      "psrf": 2.5178719732039427,
      "ess": 6.819017050011145
    },
    "phi_I1": {
      "mean": 3.9765152555411545,
      "std": 0.049539480558743784,
      "p5": 3.895942813394059,
      "p50": 3.9937800734460245,
      "p95": 4.034507215409047,
      "km": 4.0,
      "psrf": 4.816617044339198,
      "ess": 5.771443735380523
    },
    "phi_I2": {
      "mean": 6.6939349830926105,
      "std": 0.1346237080913582,
      "p5": 6.536976711185089,
      "p50": 6.634727184216617,
      "p95": 6.923172961569851,
      "km": 8.0,
      "psrf": 3.169334594559883,
      "ess": 6.175982087854732
    },
    "sigma_A": {
      "mean": 0.006,
      "std": 0.0,
      "p5": 0.006,
      "p50": 0.006,
      "p95": 0.006,
      "km": 0.006,
      "psrf": 1.0,
      "ess": Infinity,
      "fixed": true
    }
  },
  "meta": {
    "n_production": 5000,
    "burnin": 2000,
    "acc_rate": 0.9636,
    "final_scale": 0.13116464791879673,
    "n_recalibrations": 1,
    "recalib_log": [
      {
        "round": 0,
        "psrf_max": 4.426436401055361,
        "ess_min": 3.152347545410667,
        "scale_new": 0.024388024319999993
      }
    ],
    "psrf_final": 4.816617044339198,
    "sigma_A_fixed": 0.006,
    "ess_min": 5.771443735380523
  }
}