{
  "summary": {
    "rho_A": {
      "mean": 0.13222832480063526,
      "std": 0.07701834211281781,
      "p5": 0.03335645050191914,
      "p50": 0.11770780276713705,
      "p95": 0.28178624426922305,
      "km": 0.804,
      "psrf": 1.0030723485246655,
      "ess": 912.5063349955059
    },
    "rho_C": {
      "mean": 0.139770125622333,
      "std": 0.0851985146392005,
      "p5": 0.03573663930962226,
      "p50": 0.12154185498577107,
      "p95": 0.30409098311874627,
      "km": 0.725,
      "psrf": 1.0008938192806163,
      "ess": 793.6627227400841
    },
    "rho_O": {
      "mean": 0.2755115156231527,
      "std": 0.10034100274590718,
      "p5": 0.11729239791561581,
      "p50": 0.2710348500805947,
      "p95": 0.4458214804768776,
      "km": 0.874,
      "psrf": 1.000413524550272,
      "ess": 1598.617273265533
    },
    "rho_Ys": {
      "mean": 0.8044870070515485,
      "std": 0.07935494926630852,
      "p5": 0.6665238572488197,
      "p50": 0.8080703871270389,
      "p95": 0.9317821931578185,
      "km": 0.783,
      "psrf": 1.0022941591312424,
      "ess": 791.378394041365
    },
    "rho_rp": {
      "mean": 0.803032670657377,
      "std": 0.21094671443944676,
      "p5": 0.341266758686063,
      "p50": 0.8807689678602246,
      "p95": 0.99836525970627,
      "km": 0.737,
      "psrf": 1.0028394904289766,
      "ess": 767.6713212338627
    },
    "rho_H": {
      "mean": 0.521171700150059,
      "std": 0.10884620597888789,
      "p5": 0.3322076947576417,
      "p50": 0.5236974092718556,
      "p95": 0.6928944410378451,
      "km": 0.694,
      "psrf": 1.0015692823167899,
      "ess": 865.6363625844634
    },
    "sigma_A": {
      "mean": 0.006,
      "std": 0.0,
      "p5": 0.006,
      "p50": 0.006,
      "p95": 0.006,
      "km": 0.006,
      "psrf": 1.0,
      "ess": Infinity,
      "fixed": true
    },
    "sigma_C": {
      "mean": 0.02278578282194894,
      "std": 0.0025099100012475825,
      "p5": 0.018793806434608488,
      "p50": 0.02270934338626998,
      "p95": 0.026924109824443276,
      "km": 0.03,
      "psrf": 1.001099141289017,
      "ess": 1014.6771055343395
    },
    "sigma_O": {
      "mean": 0.08655522516787892,
      "std": 0.007689886903509246,
      "p5": 0.07465603087067942,
      "p50": 0.08602583680462934,
      "p95": 0.0999318537385338,
      "km": 0.079,
      "psrf": 1.0010424788440488,
      "ess": 1401.285871508329
    },
    "sigma_Ys": {
      "mean": 0.005986663360820242,
      "std": 0.0007937742399581612,
      "p5": 0.0047681701652046325,
      "p50": 0.005936702639544547,
      "p95": 0.00736355394401466,
      "km": 0.011,
      "psrf": 1.003142833919001,
      "ess": 900.0747598457089
    },
    "sigma_i": {
      "mean": 0.00026016376866731816,
      "std": 2.273413278391554e-05,
      "p5": 0.00022486993299631054,
      "p50": 0.00025881082583893966,
      "p95": 0.0002997552123081131,
      "km": 0.0003,
      "psrf": 1.000316173146002,
      "ess": 2500.4424951655055
    },
    "sigma_P": {
      "mean": 0.00463570550367326,
      "std": 0.0004014091280544323,
      "p5": 0.004021140271796629,
      "p50": 0.004613028496399437,
      "p95": 0.005329941125936937,
      "km": 0.003,
      "psrf": 1.0003461721353677,
      "ess": 965.7377831631601
    },
    "sigma_H": {
      "mean": 0.09489483991781966,
      "std": 0.011453163605574907,
      "p5": 0.07694222573002732,
      "p50": 0.09452366402091247,
      "p95": 0.11434204623021044,
      "km": 0.05,
      "psrf": 1.0005373614016868,
      "ess": 1423.8093804855753
    },
    "psi_R": {
      "mean": 0.9527502908664974,
      "std": 0.012043934076484604,
      "p5": 0.9322959437502506,
      "p50": 0.9531191086550562,
      "p95": 0.971646610966253,
      "km": 0.666,
      "psrf": 1.0004487290729345,
      "ess": 869.2614189160203
    },
    "psi_P1": {
      "mean": 0.20994292480405785,
      "std": 0.08158598167075001,
      "p5": 0.08649561383820029,
      "p50": 0.2021527745840556,
      "p95": 0.35611777377871695,
      "km": 0.292,
      "psrf": 1.0037951329803245,
      "ess": 789.0437954858223
    },
    "psi_Y": {
      "mean": 0.25737588734175887,
      "std": 0.045718938456544,
      "p5": 0.18248635989624434,
      "p50": 0.2572685616003676,
      "p95": 0.3327942066757599,
      "km": 0.242,
      "psrf": 1.0009082021479077,
      "ess": 1289.9975928637384
    },
    "gamma_p": {
      "mean": 0.22963665768932476,
      "std": 0.11652029182724448,
      "p5": 0.07168959486684973,
      "p50": 0.2121014063658746,
      "p95": 0.45344646151393453,
      "km": 0.35,
      "psrf": 1.006904749777559,
      "ess": 670.3199960527406
    },
    "phi_I1": {
      "mean": 0.1536482935960277,
      "std": 0.04001465707666065,
      "p5": 0.10483782008604672,
      "p50": 0.1453868913861236,
      "p95": 0.23024824208887684,
      "km": 4.0,
      "psrf": 1.0019411224167485,
      "ess": 1422.4936414256874
    },
    "phi_I2": {
      "mean": 8.402111118659432,
      "std": 3.8350065925637504,
      "p5": 2.427901156477446,
      "p50": 8.235140282914037,
      "p95": 14.927466986812414,
      "km": 8.0,
      "psrf": 1.0010714075109959,
      "ess": 780.7459905935847
    },
    "phi_u": {
      "mean": 0.03598707563599354,
      "std": 0.02224939055374728,
      "p5": 0.011582775044913849,
      "p50": 0.030483870567855738,
      "p95": 0.07919089185539768,
      "km": 0.2192,
      "psrf": 1.0013290539952606,
      "ess": 853.3589615296129
    },
    "sigma_rp": {
      "mean": 0.006,
      "std": 0.0,
      "p5": 0.006,
      "p50": 0.006,
      "p95": 0.006,
      "km": 0.006,
      "psrf": 1.0,
      "ess": Infinity,
      "fixed": true
    }
  },
  "meta": {
    "n_production": 200000,
    "burnin": 20000,
    "acc_rate": 0.18211,
    "final_scale": 0.9450771379759282,
    "n_recalibrations": 5,
    "recalib_log": [
      {
        "round": 0,
        "psrf_max": 1.136806023779481,
        "ess_min": 40.78678759950612,
        "scale_new": 3.0
      },
      {
        "round": 1,
        "psrf_max": 1.3904022884735021,
        "ess_min": 24.205296969346914,
        "scale_new": 3.7917664877740016
      },
      {
        "round": 2,
        "psrf_max": 1.445813464357301,
        "ess_min": 29.72921868427453,
        "scale_new": 3.645036821558052
      },
      {
        "round": 3,
        "psrf_max": 1.2170956501223382,
        "ess_min": 34.81371587215853,
        "scale_new": 2.8922562360531727
      },
      {
        "round": 4,
        "psrf_max": 1.426785132754021,
        "ess_min": 26.26319556915836,
        "scale_new": 2.878774570854471
      }
    ],
    "psrf_final": 1.006904749777559,
    "sigma_A_fixed": 0.006,
    "use_reparam": false,
    "ess_min": 670.3199960527406
  }
}