{
  "summary": {
    "rho_A": {
      "mean": 0.7059394584354636,
      "std": 0.20798399328495873,
      "p5": 0.2826510424300199,
      "p50": 0.7600721157078791,
      "p95": 0.9519793119779074,
      "km": 0.804,
      "psrf": 1.001618835597857,
      "ess": 881.8733082528042
    },
    "rho_C": {
      "mean": 0.791583781521938,
      "std": 0.21695349503430453,
      "p5": 0.32594154564033767,
      "p50": 0.8694079935874552,
      "p95": 0.997981222484255,
      "km": 0.725,
      "psrf": 1.003636381031273,
      "ess": 801.5378911565418
    },
    "rho_O": {
      "mean": 0.38633844631524816,
      "std": 0.10516746039563114,
      "p5": 0.21281905521264008,
      "p50": 0.3849455025388637,
      "p95": 0.5576865003941992,
      "km": 0.874,
      "psrf": 1.0002177706383004,
      "ess": 900.2403358690668
    },
    "rho_Ys": {
      "mean": 0.8231241048962876,
      "std": 0.07141552963658884,
      "p5": 0.6962058526326107,
      "p50": 0.8279694129949586,
      "p95": 0.9318955410266669,
      "km": 0.783,
      "psrf": 1.0009328033710376,
      "ess": 1126.8565401168369
    },
    "rho_rp": {
      "mean": 0.8019151871538754,
      "std": 0.21418786766802392,
      "p5": 0.3402982222583508,
      "p50": 0.88414359002045,
      "p95": 0.9984600641933499,
      "km": 0.737,
      "psrf": 1.0007358940209259,
      "ess": 706.0128291164889
    },
    "rho_H": {
      "mean": 0.8009978937623147,
      "std": 0.21023228056514878,
      "p5": 0.35940802434782254,
      "p50": 0.8765667301011266,
      "p95": 0.9980799711585845,
      "km": 0.694,
      "psrf": 1.0040688665825745,
      "ess": 1049.1146895230918
    },
    "sigma_C": {
      "mean": 0.019802154453159814,
      "std": 0.004145633818992226,
      "p5": 0.013049518080827757,
      "p50": 0.019821675067803027,
      "p95": 0.026598299341193808,
      "km": 0.03,
      "psrf": 1.0034421091475203,
      "ess": 662.4208100389598
    },
    "sigma_O": {
      "mean": 0.10587597330570708,
      "std": 0.009074432500912017,
      "p5": 0.09186260364749871,
      "p50": 0.10544635497026363,
      "p95": 0.12152412051540114,
      "km": 0.079,
      "psrf": 1.0011811626875275,
      "ess": 898.6377620196863
    },
    "sigma_Ys": {
      "mean": 0.005936003653428558,
      "std": 0.0007732706121007395,
      "p5": 0.004775990715380088,
      "p50": 0.0058805840988166895,
      "p95": 0.0073045284598502935,
      "km": 0.011,
      "psrf": 1.0010488175187608,
      "ess": 1015.636182934713
    },
    "sigma_rp": {
      "mean": 0.0160777469619102,
      "std": 0.0015372491554477442,
      "p5": 0.013728925631804603,
      "p50": 0.01599500948091709,
      "p95": 0.018710874188313416,
      "km": 0.006,
      "psrf": 1.0045840558980386,
      "ess": 824.7341216225669
    },
    "sigma_i": {
      "mean": 0.00027658389347929506,
      "std": 2.3536834501924045e-05,
      "p5": 0.00024016476035583625,
      "p50": 0.00027562265293308563,
      "p95": 0.000316891170122925,
      "km": 0.0003,
      "psrf": 1.001021394344212,
      "ess": 1036.0595080648234
    },
    "sigma_P": {
      "mean": 0.005973688547171343,
      "std": 0.0005077320177431814,
      "p5": 0.005168746754777846,
      "p50": 0.005945294378231445,
      "p95": 0.006840155348458035,
      "km": 0.003,
      "psrf": 1.0014911823928445,
      "ess": 1048.109029172301
    },
    "sigma_H": {
      "mean": 0.013905853187859096,
      "std": 0.0011329557293482306,
      "p5": 0.012171357901777622,
      "p50": 0.013841473873032271,
      "p95": 0.015889449869726412,
      "km": 0.05,
      "psrf": 1.0026622428351921,
      "ess": 1215.6462370401741
    },
    "psi_R": {
      "mean": 0.9602064171518435,
      "std": 0.011616348463390278,
      "p5": 0.9395690234787081,
      "p50": 0.9610507709086393,
      "p95": 0.977720984527157,
      "km": 0.666,
      "psrf": 1.00255504827879,
      "ess": 744.473276020517
    },
    "psi_P1": {
      "mean": 0.26203255179944057,
      "std": 0.08642953420523743,
      "p5": 0.12450720708400795,
      "p50": 0.2579195240264332,
      "p95": 0.41009542150769646,
      "km": 0.292,
      "psrf": 1.002544180824233,
      "ess": 766.5437859126214
    },
    "psi_Y": {
      "mean": 0.25900538944222323,
      "std": 0.04649228519867666,
      "p5": 0.1830082455280225,
      "p50": 0.2596142427753958,
      "p95": 0.33694444871277085,
      "km": 0.242,
      "psrf": 1.0001341289383014,
      "ess": 1516.8543242168807
    },
    "h_c": {
      "mean": 0.9890828541475374,
      "std": 0.0023193632360082816,
      "p5": 0.985279575030967,
      "p50": 0.9890978026751156,
      "p95": 0.9928434065526611,
      "km": 0.938,
      "psrf": 1.002395164012918,
      "ess": 666.6945461712265
    },
    "sigma_A": {
      "mean": 0.006,
      "std": 0.0,
      "p5": 0.006,
      "p50": 0.006,
      "p95": 0.006,
      "km": 0.006,
      "psrf": 1.0,
      "ess": Infinity,
      "fixed": true
    }
  },
  "meta": {
    "n_production": 200000,
    "burnin": 20000,
    "acc_rate": 0.21697,
    "final_scale": 0.5968645886372539,
    "n_recalibrations": 5,
    "recalib_log": [
      {
        "round": 0,
        "psrf_max": 1.1547276538691758,
        "ess_min": 42.40099314194039,
        "scale_new": 1.497846654527169
      },
      {
        "round": 1,
        "psrf_max": 1.1175950821123857,
        "ess_min": 44.973699721295645,
        "scale_new": 1.980192254757672
      },
      {
        "round": 2,
        "psrf_max": 1.0907763375271609,
        "ess_min": 44.8023188338806,
        "scale_new": 1.6733516484521438
      },
      {
        "round": 3,
        "psrf_max": 1.1125502309210615,
        "ess_min": 46.47698170660903,
        "scale_new": 1.950806370173598
      },
      {
        "round": 4,
        "psrf_max": 1.0788836575270055,
        "ess_min": 41.641746487070854,
        "scale_new": 1.6790473866623217
      }
    ],
    "psrf_final": 1.0045840558980386,
    "sigma_A_fixed": 0.006,
    "ess_min": 662.4208100389598
  }
}
