{
  "run": "kj33",
  "note": "Delvis kj\u00f8ring 74k/200k, posterior fra tail [55k:74k], PSRF=1.055",
  "n_samples": 19000,
  "psrf_tail": 1.0553235224872703,
  "psrf_tail_worst_param": "gamma_p",
  "posterior_mean": {
    "rho_A": 0.4549145791768219,
    "rho_C": 0.23033811452405473,
    "rho_O": 0.2858063360956602,
    "rho_Ys": 0.33444264425650394,
    "rho_rp": 0.6240216152887783,
    "rho_H": 0.9401284239252876,
    "sigma_C": 0.10799991410791783,
    "sigma_O": 0.16000228330336252,
    "sigma_Ys": 0.01685422310554902,
    "sigma_i": 0.001712363178646818,
    "sigma_P": 0.006190188656434731,
    "sigma_H": 0.330740454585923,
    "psi_R": 0.9032152695444758,
    "psi_P1": 0.3027544871267528,
    "psi_Y": 0.44710143678897246,
    "gamma_p": 0.13551445103364138,
    "phi_I1": 0.49966205190834884,
    "phi_I2": 66.25384078147887,
    "rho_s": 0.055824076982037805,
    "phi_H1": 60.72977548457525
  },
  "posterior_std": {
    "rho_A": 0.1432691922072381,
    "rho_C": 0.05808980461597078,
    "rho_O": 0.0733496283171716,
    "rho_Ys": 0.07491865523197483,
    "rho_rp": 0.13984999004364826,
    "rho_H": 0.02355578726835539,
    "sigma_C": 0.008756045856074398,
    "sigma_O": 0.014636995475799996,
    "sigma_Ys": 0.0013724475515352996,
    "sigma_i": 0.00019000434368533255,
    "sigma_P": 0.0004958749856340632,
    "sigma_H": 0.028499322706110712,
    "psi_R": 0.005494349601184576,
    "psi_P1": 0.08762621656530452,
    "psi_Y": 0.049479240273663974,
    "gamma_p": 0.07700105933720282,
    "phi_I1": 0.0010624781858146924,
    "phi_I2": 39.228286826001195,
    "rho_s": 0.0038226166458662056,
    "phi_H1": 0.001002937785659254
  }
}