{
  "summary": {
    "rho_A": {
      "mean": 0.026449408933943586,
      "std": 0.011111315807883226,
      "p5": 0.013015435708733678,
      "p50": 0.024086433994951275,
      "p95": 0.0474441702333961,
      "km": 0.804,
      "psrf": 1.0241512390088001,
      "ess": 429.97847184688436
    },
    "rho_C": {
      "mean": 0.08256027150524954,
      "std": 0.05201746945107539,
      "p5": 0.023157677087776548,
      "p50": 0.07028333296413575,
      "p95": 0.18387241451536565,
      "km": 0.725,
      "psrf": 1.0113957977081136,
      "ess": 738.1800459958482
    },
    "rho_O": {
      "mean": 0.1396904498192853,
      "std": 0.07083452009742155,
      "p5": 0.04119685981569531,
      "p50": 0.12959257371336666,
      "p95": 0.2690778509959122,
      "km": 0.874,
      "psrf": 1.0059521552265793,
      "ess": 1411.0800055076527
    },
    "rho_Ys": {
      "mean": 0.24579920692109178,
      "std": 0.09826343925410969,
      "p5": 0.09406545436268829,
      "p50": 0.24019258805226806,
      "p95": 0.4185553436887618,
      "km": 0.783,
      "psrf": 1.0043028133244125,
      "ess": 1023.7045642241807
    },
    "rho_rp": {
      "mean": 0.8278348816021861,
      "std": 0.19276637086701293,
      "p5": 0.41054317667554235,
      "p50": 0.9005014786403046,
      "p95": 0.9986382810368564,
      "km": 0.737,
      "psrf": 1.0165630902649376,
      "ess": 900.5004506201213
    },
    "rho_H": {
      "mean": 0.9599955930554408,
      "std": 0.01814447177365616,
      "p5": 0.9270697240173057,
      "p50": 0.9621866448360477,
      "p95": 0.9858353134733572,
      "km": 0.694,
      "psrf": 1.0904782042912171,
      "ess": 481.5792294765736
    },
    "sigma_A": {
      "mean": 0.006,
      "std": 0.0,
      "p5": 0.006,
      "p50": 0.006,
      "p95": 0.006,
      "km": 0.006,
      "psrf": 1.0,
      "ess": Infinity,
      "fixed": true
    },
    "sigma_C": {
      "mean": 0.12127880270374204,
      "std": 0.009827131617027777,
      "p5": 0.10646642753026558,
      "p50": 0.1205063126136912,
      "p95": 0.138593570919954,
      "km": 0.03,
      "psrf": 1.0019128345133375,
      "ess": 1607.412452603488
    },
    "sigma_O": {
      "mean": 0.1217590065343551,
      "std": 0.009831172469475402,
      "p5": 0.10649373184202124,
      "p50": 0.12126843394890915,
      "p95": 0.13883619180611298,
      "km": 0.079,
      "psrf": 1.0061850100493035,
      "ess": 1327.7097341435435
    },
    "sigma_Ys": {
      "mean": 0.016057825887096384,
      "std": 0.0012964989490603092,
      "p5": 0.014011918932193933,
      "p50": 0.015984505038478775,
      "p95": 0.01826228121717808,
      "km": 0.011,
      "psrf": 1.0061292659453869,
      "ess": 637.1979800920467
    },
    "sigma_i": {
      "mean": 0.0002855892263375746,
      "std": 2.6313834282395274e-05,
      "p5": 0.0002454747407507173,
      "p50": 0.0002841001367121467,
      "p95": 0.00033079459609574045,
      "km": 0.0003,
      "psrf": 1.002317942995651,
      "ess": 2026.750113205744
    },
    "sigma_P": {
      "mean": 0.0070569780134333735,
      "std": 0.0005767608997294803,
      "p5": 0.006173081223747233,
      "p50": 0.0070298174436305245,
      "p95": 0.008069042070056877,
      "km": 0.003,
      "psrf": 1.0039067846073881,
      "ess": 1379.7309740077535
    },
    "sigma_H": {
      "mean": 0.3124053684263839,
      "std": 0.025812894528425757,
      "p5": 0.2728015337977526,
      "p50": 0.31070421716813296,
      "p95": 0.3577446584677591,
      "km": 0.05,
      "psrf": 1.0356858618084859,
      "ess": 861.6264556395254
    },
    "psi_R": {
      "mean": 0.9560400943114837,
      "std": 0.006120633589242335,
      "p5": 0.9452371646349608,
      "p50": 0.9565071783885383,
      "p95": 0.9653122238931299,
      "km": 0.666,
      "psrf": 1.0044399672704458,
      "ess": 1144.644459751106
    },
    "psi_P1": {
      "mean": 0.2548492356729115,
      "std": 0.07677924823415683,
      "p5": 0.13043475190449022,
      "p50": 0.2529912807162471,
      "p95": 0.3842472836843928,
      "km": 0.292,
      "psrf": 1.0120166330569722,
      "ess": 1114.5161844835418
    },
    "psi_Y": {
      "mean": 0.11791075850405348,
      "std": 0.02122040871336345,
      "p5": 0.08299946751745547,
      "p50": 0.11808898110579064,
      "p95": 0.1526435321207864,
      "km": 0.242,
      "psrf": 1.009094452680559,
      "ess": 1250.7509068003012
    },
    "gamma_p": {
      "mean": 0.15033437004538525,
      "std": 0.08241209367693457,
      "p5": 0.04271850162046982,
      "p50": 0.13639225570689695,
      "p95": 0.3045063659981659,
      "km": 0.35,
      "psrf": 1.0305510744366282,
      "ess": 547.729634074602
    },
    "phi_I2": {
      "mean": 7.987881322357964,
      "std": 3.641438666087398,
      "p5": 2.2004277549312308,
      "p50": 7.889445516053689,
      "p95": 14.172913284852363,
      "km": 8.0,
      "psrf": 1.0038774473669918,
      "ess": 1744.8067698566183
    },
    "phi_u": {
      "mean": 0.011673828356840568,
      "std": 0.0014564322544438147,
      "p5": 0.010102316889829788,
      "p50": 0.011281823857681356,
      "p95": 0.014590925378699054,
      "km": 0.2192,
      "psrf": 1.0220747846915788,
      "ess": 781.1362001494217
    }
  },
  "meta": {
    "n_production": 200000,
    "burnin": 20000,
    "acc_rate": 0.24863,
    "final_scale": 0.7818576336463692,
    "n_recalibrations": 5,
    "recalib_log": [
      {
        "round": 0,
        "psrf_max": 1.5036616016919213,
        "ess_min": 22.014239193824174,
        "scale_new": 3.0
      },
      {
        "round": 1,
        "psrf_max": 1.4213439300038295,
        "ess_min": 20.744276115476243,
        "scale_new": 2.482704247947265
      },
      {
        "round": 2,
        "psrf_max": 1.1413142139681212,
        "ess_min": 54.09581929615171,
        "scale_new": 1.910274912017167
      },
      {
        "round": 3,
        "psrf_max": 1.1009027567736571,
        "ess_min": 51.67540857354297,
        "scale_new": 2.263536373069414
      },
      {
        "round": 4,
        "psrf_max": 1.1250217161352836,
        "ess_min": 37.36191223880662,
        "scale_new": 2.5660292944592724
      }
    ],
    "psrf_final": 1.0904782042912171,
    "sigma_A_fixed": 0.006,
    "use_reparam": false,
    "ess_min": 429.97847184688436
  }
}