{
  "summary": {
    "rho_A": {
      "mean": 0.18568669980050778,
      "std": 0.03669471745486989,
      "p05": 0.1274861061085807,
      "p95": 0.24779098971727848,
      "ess": 361.5908020177631,
      "psrf": 1.1182895995999524
    },
    "rho_C": {
      "mean": 0.8760519870677367,
      "std": 0.07308870837252081,
      "p05": 0.7539434097195942,
      "p95": 0.9918028293097539,
      "ess": 1185.4203493638247,
      "psrf": 1.0210623750358672
    },
    "rho_O": {
      "mean": 0.43676875709059476,
      "std": 0.07331690101512724,
      "p05": 0.3152462182551891,
      "p95": 0.5559613262130122,
      "ess": 2224.7992481079973,
      "psrf": 1.0049282840673923
    },
    "rho_Ys": {
      "mean": 0.8740271481624758,
      "std": 0.054329510769685826,
      "p05": 0.7813208212625992,
      "p95": 0.958496736268138,
      "ess": 624.5146114220065,
      "psrf": 1.0125854711473716
    },
    "rho_rp": {
      "mean": 0.7009307350751239,
      "std": 0.1532951664636072,
      "p05": 0.4512906128838247,
      "p95": 0.9627292049927189,
      "ess": 1183.6117265766795,
      "psrf": 1.0040853980767985
    },
    "rho_H": {
      "mean": 0.6110568356360683,
      "std": 0.18023948694228417,
      "p05": 0.31333128859240744,
      "p95": 0.9201046062122026,
      "ess": 1443.1498737828201,
      "psrf": 1.015309272391433
    },
    "sigma_C": {
      "mean": 0.01598126514871536,
      "std": 0.002296190295850812,
      "p05": 0.0122675614590724,
      "p95": 0.019824833574799666,
      "ess": 1056.3136265518565,
      "psrf": 1.0003601291900825
    },
    "sigma_O": {
      "mean": 0.0880398615960842,
      "std": 0.0066676998882691674,
      "p05": 0.07706751212807407,
      "p95": 0.09922760511232294,
      "ess": 585.706271343448,
      "psrf": 1.0159705164540436
    },
    "sigma_Ys": {
      "mean": 0.005668237948799467,
      "std": 0.0007330501577627027,
      "p05": 0.004549806593626777,
      "p95": 0.006926128430888491,
      "ess": 1423.610906449467,
      "psrf": 1.0038878333850372
    },
    "sigma_rp": {
      "mean": 0.016272233088124463,
      "std": 0.0015248686075860305,
      "p05": 0.013903880312333717,
      "p95": 0.01895350617983741,
      "ess": 2196.2245349473633,
      "psrf": 1.001063006522771
    },
    "sigma_i": {
      "mean": 0.0002750736540387358,
      "std": 2.3098629264801295e-05,
      "p05": 0.00023928302052405524,
      "p95": 0.00031488598529346123,
      "ess": 2922.8619906600443,
      "psrf": 1.0008969926782094
    },
    "sigma_P": {
      "mean": 0.005535798582107409,
      "std": 0.0004475468419272196,
      "p05": 0.0048406452891009985,
      "p95": 0.006300020991973266,
      "ess": 2386.396447766664,
      "psrf": 1.0011370748051502
    },
    "sigma_H": {
      "mean": 0.14398186181321254,
      "std": 0.01176257854249199,
      "p05": 0.12599992237868546,
      "p95": 0.16429946135041015,
      "ess": 680.1484783746954,
      "psrf": 1.0160535454294146
    },
    "psi_R": {
      "mean": 0.9630366298939402,
      "std": 0.009684769110124034,
      "p05": 0.9465737973043804,
      "p95": 0.9783240157625905,
      "ess": 828.4062525071508,
      "psrf": 1.001082755187836
    },
    "psi_P1": {
      "mean": 0.3108783720797183,
      "std": 0.05422022374977184,
      "p05": 0.21902905814644158,
      "p95": 0.3978919362710494,
      "ess": 593.0634566453828,
      "psrf": 1.049972886297961
    },
    "psi_Y": {
      "mean": 0.26274260111269204,
      "std": 0.0383481916287804,
      "p05": 0.1963672879422362,
      "p95": 0.32482928148274304,
      "ess": 214.4758076965236,
      "psrf": 1.014625851441119
    },
    "h_c": {
      "mean": 0.987042567792746,
      "std": 0.001973825873218952,
      "p05": 0.9836368706930901,
      "p95": 0.9900623123388478,
      "ess": 1674.3644123370957,
      "psrf": 1.0005629454158136
    },
    "phi_I1": {
      "mean": 0.5049254686971202,
      "std": 0.004320045456272201,
      "p05": 0.5003097657357071,
      "p95": 0.5137251930368792,
      "ess": 302.2209391031409,
      "psrf": 1.007381457948309
    },
    "phi_I2": {
      "mean": 9.975624807706307,
      "std": 1.6036793985404225,
      "p05": 7.329802511349148,
      "p95": 12.599161997014333,
      "ess": 479.3929203315769,
      "psrf": 1.0505636939165286
    },
    "phi_u": {
      "mean": 0.7043455472100325,
      "std": 0.0257676060268692,
      "p05": 0.6618449552315318,
      "p95": 0.7467929589673408,
      "ess": 380.9608262781623,
      "psrf": 1.0396232732682895
    }
  },
  "meta": {
    "n_samples": 100000,
    "time_min": 53.95052350362142,
    "param_names": [
      "rho_A",
      "rho_C",
      "rho_O",
      "rho_Ys",
      "rho_rp",
      "rho_H",
      "sigma_C",
      "sigma_O",
      "sigma_Ys",
      "sigma_rp",
      "sigma_i",
      "sigma_P",
      "sigma_H",
      "psi_R",
      "psi_P1",
      "psi_Y",
      "h_c",
      "phi_I1",
      "phi_I2",
      "phi_u"
    ],
    "psrf_max": 1.1182895995999524,
    "ess_min": 214.4758076965236
  }
}