{
  "summary": {
    "rho_A": {
      "mean": 0.876204963290623,
      "std": 0.055593539681264674,
      "p05": 0.7844695515988221,
      "p95": 0.9482994863747156,
      "ess": 955.0631130616244,
      "psrf": 1.003895319088148
    },
    "rho_C": {
      "mean": 0.8029917037130904,
      "std": 0.21236201663654297,
      "p05": 0.3461939222203857,
      "p95": 0.9985884012606931,
      "ess": 703.4471317377609,
      "psrf": 1.000717597818826
    },
    "rho_O": {
      "mean": 0.3820503852602076,
      "std": 0.10460396871941359,
      "p05": 0.2103741285622054,
      "p95": 0.5539404143898065,
      "ess": 1319.4099808408619,
      "psrf": 1.0012666637530843
    },
    "rho_Ys": {
      "mean": 0.8275935289931435,
      "std": 0.07684824514545797,
      "p05": 0.6946468987714425,
      "p95": 0.948610540239428,
      "ess": 2494.0147655198134,
      "psrf": 1.0007081164684144
    },
    "rho_rp": {
      "mean": 0.8062010329467486,
      "std": 0.21199509145295434,
      "p05": 0.338671942776777,
      "p95": 0.9991325511361899,
      "ess": 1100.442501318232,
      "psrf": 1.0004243521613387
    },
    "rho_H": {
      "mean": 0.7977177487593314,
      "std": 0.21215254333675587,
      "p05": 0.33810283976402355,
      "p95": 0.998058953139514,
      "ess": 2299.42659978957,
      "psrf": 1.0005817475935255
    },
    "sigma_C": {
      "mean": 0.021054471648771746,
      "std": 0.002340820824603744,
      "p05": 0.01737169363511352,
      "p95": 0.02512667897633494,
      "ess": 3215.1703411778158,
      "psrf": 1.0006609044620092
    },
    "sigma_O": {
      "mean": 0.0951991199977465,
      "std": 0.008286221955250566,
      "p05": 0.08242702381864725,
      "p95": 0.10952384654385597,
      "ess": 3084.8801408492786,
      "psrf": 1.0012769371398202
    },
    "sigma_Ys": {
      "mean": 0.006097950881203131,
      "std": 0.0007794557471416526,
      "p05": 0.004911892984142268,
      "p95": 0.007430104106358964,
      "ess": 2519.2319376528976,
      "psrf": 1.0021611587684311
    },
    "sigma_rp": {
      "mean": 0.013970627831570383,
      "std": 0.0016086918683303236,
      "p05": 0.011397078175812073,
      "p95": 0.016707669102972875,
      "ess": 2658.32414623332,
      "psrf": 1.0000530336811
    },
    "sigma_i": {
      "mean": 0.00030390808121722563,
      "std": 2.69794240569902e-05,
      "p05": 0.00026233119521761977,
      "p95": 0.0003503213580769094,
      "ess": 2991.867926104811,
      "psrf": 1.0006975920311616
    },
    "sigma_P": {
      "mean": 0.005214558017153883,
      "std": 0.00043145544879484403,
      "p05": 0.004549008972248939,
      "p95": 0.005976397552319172,
      "ess": 2956.483357401319,
      "psrf": 1.000753460851813
    },
    "sigma_H": {
      "mean": 0.12649015424096827,
      "std": 0.010898014644184066,
      "p05": 0.1094081373363852,
      "p95": 0.1452007743473804,
      "ess": 2903.8478897763866,
      "psrf": 1.0002475901325376
    },
    "psi_R": {
      "mean": 0.9116119974784003,
      "std": 0.00587081017818202,
      "p05": 0.9001148348385216,
      "p95": 0.918494245827789,
      "ess": 7356.671545890582,
      "psrf": 1.0002712639041451
    },
    "psi_P1": {
      "mean": 0.13993416586592275,
      "std": 0.05310022302153274,
      "p05": 0.06226467779019755,
      "p95": 0.23539681129470857,
      "ess": 7048.587034000098,
      "psrf": 1.000138293966509
    },
    "psi_Y": {
      "mean": 0.20087089037662306,
      "std": 0.03735954028628271,
      "p05": 0.13768660323784465,
      "p95": 0.25989266497263863,
      "ess": 2496.7315270666227,
      "psrf": 1.000269276809283
    },
    "phi_I2": {
      "mean": 1.1833036738119393,
      "std": 1.8381396539841157,
      "p05": 0.5164667844806088,
      "p95": 3.7617288872058587,
      "ess": 880.2408973869872,
      "psrf": 1.0028809581261648
    },
    "phi_u": {
      "mean": 0.37086717783231227,
      "std": 0.0788956263012746,
      "p05": 0.2426357253274062,
      "p95": 0.5027029689822758,
      "ess": 1479.8072959936817,
      "psrf": 1.0010309526964123
    }
  },
  "meta": {
    "n_samples": 60000,
    "salvaged": true,
    "param_names": [
      "rho_A",
      "rho_C",
      "rho_O",
      "rho_Ys",
      "rho_rp",
      "rho_H",
      "sigma_C",
      "sigma_O",
      "sigma_Ys",
      "sigma_rp",
      "sigma_i",
      "sigma_P",
      "sigma_H",
      "psi_R",
      "psi_P1",
      "psi_Y",
      "phi_I2",
      "phi_u"
    ],
    "phi_O": 0.15,
    "phi_B": 0.0016,
    "psrf_max": 1.003895319088148,
    "ess_min": 703.4471317377609
  }
}