{
  "summary": {
    "rho_A": {
      "mean": 0.06480652344299724,
      "std": 0.03922797753349287,
      "p5": 0.01990586373079104,
      "p50": 0.055458782156526894,
      "p95": 0.1408736032483258,
      "km": 0.804,
      "psrf": 1.0012102773478435,
      "ess": 692.223212898881
    },
    "rho_C": {
      "mean": 0.06679087734949288,
      "std": 0.04171248855849493,
      "p5": 0.019616107418673603,
      "p50": 0.05671785019096072,
      "p95": 0.14774557453128118,
      "km": 0.725,
      "psrf": 1.00281005816368,
      "ess": 813.7609107565913
    },
    "rho_O": {
      "mean": 0.09622021201741951,
      "std": 0.055499444879495353,
      "p5": 0.026425758295314957,
      "p50": 0.08549666880950302,
      "p95": 0.20301929705916796,
      "km": 0.874,
      "psrf": 1.0008349918249175,
      "ess": 1365.2662464558123
    },
    "rho_Ys": {
      "mean": 0.23206891867751675,
      "std": 0.09455934145354143,
      "p5": 0.08586255857024674,
      "p50": 0.22659764872761082,
      "p95": 0.3975360962506397,
      "km": 0.783,
      "psrf": 1.0017022432192901,
      "ess": 1695.9450216397859
    },
    "rho_rp": {
      "mean": 0.797192275510909,
      "std": 0.2148143975844195,
      "p5": 0.33399616690886896,
      "p50": 0.8771009828532823,
      "p95": 0.9981187324650698,
      "km": 0.737,
      "psrf": 1.0024242912269439,
      "ess": 1421.0560510974829
    },
    "rho_H": {
      "mean": 0.988537206537623,
      "std": 0.009361876978962548,
      "p5": 0.969725028069495,
      "p50": 0.9909787716176666,
      "p95": 0.9984287969969755,
      "km": 0.694,
      "psrf": 1.0010901812347315,
      "ess": 1197.3376752048546
    },
    "sigma_C": {
      "mean": 0.10090246253577692,
      "std": 0.007720976370108235,
      "p5": 0.08887755019047613,
      "p50": 0.10049962585252964,
      "p95": 0.11424884542020124,
      "km": 0.03,
      "psrf": 1.0031118264441132,
      "ess": 1010.140252843908
    },
    "sigma_O": {
      "mean": 0.14533894935290773,
      "std": 0.0114921574870714,
      "p5": 0.12750314459145706,
      "p50": 0.14467599731151629,
      "p95": 0.16519401472144085,
      "km": 0.079,
      "psrf": 1.000380680433745,
      "ess": 1929.545576257229
    },
    "sigma_Ys": {
      "mean": 0.016950943288802683,
      "std": 0.00141040119344827,
      "p5": 0.014791088903318065,
      "p50": 0.016849789236579062,
      "p95": 0.019391395715053092,
      "km": 0.011,
      "psrf": 1.0012404814582299,
      "ess": 1278.7399977964963
    },
    "sigma_i": {
      "mean": 0.000638199546043738,
      "std": 6.185124676232524e-05,
      "p5": 0.0005448828688422411,
      "p50": 0.000633147028518838,
      "p95": 0.0007461518429689011,
      "km": 0.0003,
      "psrf": 1.0070304980401161,
      "ess": 1046.9094202876706
    },
    "sigma_P": {
      "mean": 0.006449454106986359,
      "std": 0.0005350417819402037,
      "p5": 0.005631405498893745,
      "p50": 0.006417820282481235,
      "p95": 0.007371105937272001,
      "km": 0.003,
      "psrf": 1.0008396274285476,
      "ess": 1036.2245044883746
    },
    "sigma_H": {
      "mean": 0.3376508921849788,
      "std": 0.028381770804442857,
      "p5": 0.29398288361231817,
      "p50": 0.335849391832175,
      "p95": 0.3875471515889701,
      "km": 0.05,
      "psrf": 1.003835897796182,
      "ess": 925.1923381145868
    },
    "psi_R": {
      "mean": 0.9688412100543824,
      "std": 0.0006741246723339082,
      "p5": 0.9675580447417707,
      "p50": 0.9689650517264571,
      "p95": 0.9696971260644148,
      "km": 0.666,
      "psrf": 1.004348794632696,
      "ess": 752.9851587984377
    },
    "psi_P1": {
      "mean": 0.2981396204871334,
      "std": 0.09513582149880814,
      "p5": 0.14471265110954637,
      "p50": 0.29624333027257266,
      "p95": 0.45946160183127105,
      "km": 0.292,
      "psrf": 1.000290166969969,
      "ess": 1399.7476679103854
    },
    "psi_Y": {
      "mean": 0.3478405128518773,
      "std": 0.04376859387254166,
      "p5": 0.2756843421335979,
      "p50": 0.34819231336043405,
      "p95": 0.41930898789926274,
      "km": 0.242,
      "psrf": 1.0063932358739465,
      "ess": 759.8096660797356
    },
    "gamma_p": {
      "mean": 0.1650649681529116,
      "std": 0.09288950791130772,
      "p5": 0.04611536945865652,
      "p50": 0.14786361943146062,
      "p95": 0.34235467683718024,
      "km": 0.35,
      "psrf": 1.0034503465751408,
      "ess": 607.2930994516821
    },
    "phi_I2": {
      "mean": 8.294207423643416,
      "std": 3.707249012811911,
      "p5": 2.307592832945015,
      "p50": 8.204702802953364,
      "p95": 14.616146071827895,
      "km": 8.0,
      "psrf": 1.0010423583725696,
      "ess": 1374.0312763454576
    },
    "sigma_A": {
      "mean": 0.006,
      "std": 0.0,
      "p5": 0.006,
      "p50": 0.006,
      "p95": 0.006,
      "km": 0.006,
      "psrf": 1.0,
      "ess": Infinity,
      "fixed": true
    }
  },
  "meta": {
    "n_production": 200000,
    "burnin": 10000,
    "acc_rate": 0.25384,
    "final_scale": 0.7865690156384154,
    "n_recalibrations": 5,
    "recalib_log": [
      {
        "round": 0,
        "psrf_max": 1.4915005192575974,
        "ess_min": 13.038700233231319,
        "scale_new": 3.0
      },
      {
        "round": 1,
        "psrf_max": 1.2671420666638777,
        "ess_min": 15.380834380931466,
        "scale_new": 3.3872256
      },
      {
        "round": 2,
        "psrf_max": 1.2207950675522885,
        "ess_min": 29.39912355752236,
        "scale_new": 3.8630630522879996
      },
      {
        "round": 3,
        "psrf_max": 1.2160381783685918,
        "ess_min": 29.41326592121518,
        "scale_new": 4.038600637383967
      },
      {
        "round": 4,
        "psrf_max": 1.2887386630283784,
        "ess_min": 26.860621950084088,
        "scale_new": 3.3162791435450396
      }
    ],
    "psrf_final": 1.0070304980401161,
    "sigma_A_fixed": 0.006,
    "use_reparam": false,
    "ess_min": 607.2930994516821
  }
}