{
  "summary": {
    "rho_A": {
      "mean": 0.6068566646172656,
      "std": 0.16463537978899911,
      "q025": 0.272118477256189,
      "q975": 0.889847177587082
    },
    "rho_C": {
      "mean": 0.24198269248048543,
      "std": 0.06266375373595393,
      "q025": 0.14665034664840634,
      "q975": 0.3894283591908703
    },
    "rho_O": {
      "mean": 0.23756149613541877,
      "std": 0.05593582097841362,
      "q025": 0.14887027242117754,
      "q975": 0.3658921760985477
    },
    "rho_Ys": {
      "mean": 0.3398413516619967,
      "std": 0.07649507931347996,
      "q025": 0.20370920282897942,
      "q975": 0.5024337612053036
    },
    "rho_rp": {
      "mean": 0.12249493899343779,
      "std": 0.0521279548050977,
      "q025": 0.05336617477242805,
      "q975": 0.244898305074141
    },
    "rho_H": {
      "mean": 0.948657175529695,
      "std": 0.019620434820845415,
      "q025": 0.9044789409113395,
      "q975": 0.9796758443376534
    },
    "sigma_C": {
      "mean": 0.10825777444646756,
      "std": 0.008582915504839615,
      "q025": 0.09292410941430793,
      "q975": 0.1265289547767052
    },
    "sigma_O": {
      "mean": 0.15611238721672036,
      "std": 0.012489556734533573,
      "q025": 0.1335356623391842,
      "q975": 0.18255637413036965
    },
    "sigma_Ys": {
      "mean": 0.017264919044786605,
      "std": 0.0014341577954311922,
      "q025": 0.014722568105056292,
      "q975": 0.020352312853169133
    },
    "sigma_i": {
      "mean": 0.00561474735385948,
      "std": 0.0005331914847089654,
      "q025": 0.004659368545139121,
      "q975": 0.0067291856544449725
    },
    "sigma_P": {
      "mean": 0.007818566135715285,
      "std": 0.0006362772338024799,
      "q025": 0.006681570461572474,
      "q975": 0.00918657967283262
    },
    "sigma_H": {
      "mean": 0.30537696164151057,
      "std": 0.02683985554691571,
      "q025": 0.25698567863773586,
      "q975": 0.3620697052582501
    },
    "psi_R": {
      "mean": 0.66650494257063,
      "std": 0.000999168094442978,
      "q025": 0.6645525777431027,
      "q975": 0.6684529092769884
    },
    "psi_P1": {
      "mean": 0.2972844455367563,
      "std": 0.05075184448406997,
      "q025": 0.1970329192274626,
      "q975": 0.3960854410553047
    },
    "psi_Y": {
      "mean": 0.5036627473701695,
      "std": 0.047407063027936215,
      "q025": 0.4099672098225511,
      "q975": 0.5949516220523569
    },
    "gamma_p": {
      "mean": 0.727246469842617,
      "std": 0.049229550082445575,
      "q025": 0.6311813540096983,
      "q975": 0.8245768753874175
    },
    "phi_I1": {
      "mean": 12.543185112609754,
      "std": 0.0010057483968535423,
      "q025": 12.541228036258035,
      "q975": 12.545148220441918
    },
    "phi_I2": {
      "mean": 64.2400437543559,
      "std": 38.8162632286297,
      "q025": 4.994879378657393,
      "q975": 148.24434451854196
    },
    "rho_s": {
      "mean": 0.0026104344975245793,
      "std": 0.002578393533923513,
      "q025": 6.525957183077524e-05,
      "q975": 0.009534127239992213
    },
    "phi_H1": {
      "mean": 60.72997773705706,
      "std": 0.0009978188283671719,
      "q025": 60.728027401765665,
      "q975": 60.73192938417624
    }
  }
}