{
  "summary": {
    "rho_A": {
      "mean": 0.7030132604990508,
      "std": 0.23746787165610697,
      "p05": 0.21637674684652222,
      "p95": 0.9378354416662448,
      "ess": 723.5877156935935,
      "psrf": 1.0017002579864893
    },
    "rho_C": {
      "mean": 0.8178053132201488,
      "std": 0.2057124936992818,
      "p05": 0.377290794131418,
      "p95": 0.9976022772940875,
      "ess": 1127.8917881467692,
      "psrf": 1.0118605327804253
    },
    "rho_O": {
      "mean": 0.39273926188198627,
      "std": 0.1085948036115013,
      "p05": 0.21154727769886092,
      "p95": 0.5729941721945011,
      "ess": 1716.5604035972076,
      "psrf": 1.0006084276496443
    },
    "rho_Ys": {
      "mean": 0.8260740885264293,
      "std": 0.07238236460686207,
      "p05": 0.7014728741435671,
      "p95": 0.9382045050033362,
      "ess": 5560.169473465536,
      "psrf": 1.000083941937778
    },
    "rho_rp": {
      "mean": 0.8098456655236808,
      "std": 0.2121861272566487,
      "p05": 0.3541814663275874,
      "p95": 0.9994463957440974,
      "ess": 1346.3743598851484,
      "psrf": 1.0065337152545606
    },
    "rho_H": {
      "mean": 0.8028707542952829,
      "std": 0.2117233599082784,
      "p05": 0.3471785902326051,
      "p95": 0.9984992896522722,
      "ess": 5054.155266990282,
      "psrf": 1.000011383217047
    },
    "sigma_C": {
      "mean": 0.01527582105877441,
      "std": 0.0024964733439985106,
      "p05": 0.01124210805039109,
      "p95": 0.019514445771705465,
      "ess": 3812.226784446355,
      "psrf": 1.000957701974027
    },
    "sigma_O": {
      "mean": 0.10211499011862543,
      "std": 0.009107719298434014,
      "p05": 0.0879874762046989,
      "p95": 0.1178289432731498,
      "ess": 6134.774632787112,
      "psrf": 1.0001465976509056
    },
    "sigma_Ys": {
      "mean": 0.005963593603833179,
      "std": 0.0007815536364519754,
      "p05": 0.004767177580891127,
      "p95": 0.007337100690404165,
      "ess": 5359.906262130654,
      "psrf": 1.0004166046414318
    },
    "sigma_rp": {
      "mean": 0.016711759810698886,
      "std": 0.0015627269441489805,
      "p05": 0.014302657801819716,
      "p95": 0.019401608436145714,
      "ess": 5977.8529371498735,
      "psrf": 1.0000210464971062
    },
    "sigma_i": {
      "mean": 0.0003325494662493204,
      "std": 3.012874508340781e-05,
      "p05": 0.0002864112214601953,
      "p95": 0.0003846217085302901,
      "ess": 5932.089977037669,
      "psrf": 1.0007614156309756
    },
    "sigma_P": {
      "mean": 0.00569872085669254,
      "std": 0.0004898123875417285,
      "p05": 0.004947374639965495,
      "p95": 0.00655360766469348,
      "ess": 5556.858927273851,
      "psrf": 1.0002815057559806
    },
    "sigma_H": {
      "mean": 0.13375356618564221,
      "std": 0.011576408297710781,
      "p05": 0.1159363373152904,
      "p95": 0.15359172848536523,
      "ess": 5620.091782251307,
      "psrf": 1.0004862388333908
    },
    "psi_R": {
      "mean": 0.8423055787457993,
      "std": 0.005507987023115321,
      "p05": 0.8316502722616269,
      "p95": 0.8486664598197619,
      "ess": 10918.237722498454,
      "psrf": 1.0003203237417377
    },
    "psi_P1": {
      "mean": 0.10838863905452269,
      "std": 0.03512288479534785,
      "p05": 0.05788510363622736,
      "p95": 0.17187459953414305,
      "ess": 10393.455141134058,
      "psrf": 1.000199230740995
    },
    "psi_Y": {
      "mean": 0.14075700927327425,
      "std": 0.02903893941145983,
      "p05": 0.09302011816174323,
      "p95": 0.18828979927953643,
      "ess": 4261.047262960973,
      "psrf": 1.0008442994447981
    },
    "h_c": {
      "mean": 0.9876181837511112,
      "std": 0.002104093473664182,
      "p05": 0.984000116631456,
      "p95": 0.9909043205577157,
      "ess": 4633.876643076855,
      "psrf": 1.0004242936320575
    },
    "phi_I2": {
      "mean": 4.734140755937179,
      "std": 4.687941362857227,
      "p05": 0.5370200118443547,
      "p95": 13.476812977140735,
      "ess": 1000.5342948963659,
      "psrf": 1.0011701910275668
    },
    "phi_u": {
      "mean": 0.2851624209069828,
      "std": 0.11541908196236582,
      "p05": 0.08163470044283733,
      "p95": 0.4668911129840371,
      "ess": 1551.551924266277,
      "psrf": 1.0005085003625307
    }
  },
  "meta": {
    "n_samples": 140000,
    "note": "140k draws etter burn-in (prosess avbrutt ved 175k, salvaged)",
    "param_names": [
      "rho_A",
      "rho_C",
      "rho_O",
      "rho_Ys",
      "rho_rp",
      "rho_H",
      "sigma_C",
      "sigma_O",
      "sigma_Ys",
      "sigma_rp",
      "sigma_i",
      "sigma_P",
      "sigma_H",
      "psi_R",
      "psi_P1",
      "psi_Y",
      "h_c",
      "phi_I2",
      "phi_u"
    ],
    "phi_I1_fixed": 4.0,
    "modellfix": [
      "A4a",
      "A4c",
      "CEE",
      "A5",
      "LTV-fortegn-E3E4"
    ],
    "prior_endring": "psi_R: Beta(4,2)/(0.30,0.990) -> Beta(2,2)/(0.01,0.85)",
    "psrf_max": 1.0118605327804253,
    "ess_min": 723.5877156935935
  }
}