{
  "summary": {
    "rho_A": {
      "mean": 0.08637205800009994,
      "std": 0.05250560146119133,
      "p05": 0.023709808992204106,
      "p95": 0.18866428285038664,
      "ess": 3074.141421184093,
      "psrf": 1.0005770393929645
    },
    "rho_C": {
      "mean": 0.7987610050859367,
      "std": 0.2127386150103525,
      "p05": 0.34293828114783953,
      "p95": 0.9981382114521675,
      "ess": 3574.5025422287536,
      "psrf": 1.0006938452951377
    },
    "rho_O": {
      "mean": 0.41233986284286234,
      "std": 0.10547920620230916,
      "p05": 0.2388257314572248,
      "p95": 0.5870814152903561,
      "ess": 6227.644501706917,
      "psrf": 1.0001421412093108
    },
    "rho_Ys": {
      "mean": 0.8224544602912904,
      "std": 0.07207884671284473,
      "p05": 0.6975256326575182,
      "p95": 0.9329627283344609,
      "ess": 4222.7471526050485,
      "psrf": 1.0001572875310292
    },
    "rho_rp": {
      "mean": 0.8075996936099676,
      "std": 0.2097441331103554,
      "p05": 0.34995287904087097,
      "p95": 0.9981169346371672,
      "ess": 532.2152030168567,
      "psrf": 1.0047839639345657
    },
    "rho_H": {
      "mean": 0.8052573936588612,
      "std": 0.2092230858586099,
      "p05": 0.35446322021607946,
      "p95": 0.9986973063282332,
      "ess": 5809.926187776449,
      "psrf": 1.000546859763959
    },
    "sigma_C": {
      "mean": 0.02125520815035702,
      "std": 0.0022909590868272337,
      "p05": 0.0176611650092016,
      "p95": 0.02519368188571517,
      "ess": 3762.9835281108076,
      "psrf": 1.0001868485409995
    },
    "sigma_O": {
      "mean": 0.08246083541417515,
      "std": 0.007456066677924139,
      "p05": 0.07098234491827864,
      "p95": 0.09528462035728734,
      "ess": 6132.416077076455,
      "psrf": 1.000398962220612
    },
    "sigma_Ys": {
      "mean": 0.005946814865395984,
      "std": 0.0007815136715317069,
      "p05": 0.004767663665969903,
      "p95": 0.007298638254024271,
      "ess": 4806.649634269738,
      "psrf": 1.001255995697872
    },
    "sigma_rp": {
      "mean": 0.012949265686917621,
      "std": 0.0015006144114427518,
      "p05": 0.010607179740078163,
      "p95": 0.015508682899437458,
      "ess": 1761.702778885103,
      "psrf": 1.0004226451557316
    },
    "sigma_i": {
      "mean": 0.00029614950103782326,
      "std": 2.6284123259461995e-05,
      "p05": 0.0002557771084512518,
      "p95": 0.0003416943984555317,
      "ess": 10616.58586378711,
      "psrf": 1.0001999210664354
    },
    "sigma_P": {
      "mean": 0.004971159175710085,
      "std": 0.0004205577643590289,
      "p05": 0.004326087914023399,
      "p95": 0.005694636003836641,
      "ess": 3709.936419990353,
      "psrf": 1.0010865377786913
    },
    "sigma_H": {
      "mean": 0.12083105592447019,
      "std": 0.010407025599738844,
      "p05": 0.10477156378700543,
      "p95": 0.13892322289312412,
      "ess": 2107.8090730318336,
      "psrf": 1.0004736172662738
    },
    "psi_R": {
      "mean": 0.9106046100081105,
      "std": 0.006531181655173828,
      "p05": 0.8980288036065545,
      "p95": 0.9183182155560358,
      "ess": 17092.70787594239,
      "psrf": 1.0001693501681848
    },
    "psi_P1": {
      "mean": 0.1459611987744551,
      "std": 0.05540212077249275,
      "p05": 0.06480803336567467,
      "p95": 0.24527925268522538,
      "ess": 20403.52306794848,
      "psrf": 1.0001343731879533
    },
    "psi_Y": {
      "mean": 0.1958370171740952,
      "std": 0.033578870914396354,
      "p05": 0.14063478519479033,
      "p95": 0.2518756472453527,
      "ess": 4175.914100012626,
      "psrf": 1.000752591804265
    },
    "phi_I1": {
      "mean": 0.20517346327484112,
      "std": 0.015291091646414161,
      "p05": 0.18079267270569288,
      "p95": 0.23098032572562993,
      "ess": 5451.5335308039075,
      "psrf": 1.0010580384007681
    },
    "phi_I2": {
      "mean": 10.403807668193702,
      "std": 3.256015610199018,
      "p05": 5.3717019942321045,
      "p95": 16.065616875495145,
      "ess": 9914.839669292014,
      "psrf": 1.0000831978722415
    },
    "phi_u": {
      "mean": 0.4936887788365662,
      "std": 0.0652200593963339,
      "p05": 0.3913308022709148,
      "p95": 0.6053337715885685,
      "ess": 7505.997746118306,
      "psrf": 1.0004179048161146
    }
  },
  "meta": {
    "n_samples": 198000,
    "param_names": [
      "rho_A",
      "rho_C",
      "rho_O",
      "rho_Ys",
      "rho_rp",
      "rho_H",
      "sigma_C",
      "sigma_O",
      "sigma_Ys",
      "sigma_rp",
      "sigma_i",
      "sigma_P",
      "sigma_H",
      "psi_R",
      "psi_P1",
      "psi_Y",
      "phi_I1",
      "phi_I2",
      "phi_u"
    ],
    "phi_I1_free": true,
    "h_c_fixed": 0.938,
    "phi_O": 0.15,
    "phi_B": 0.0016,
    "psrf_max": 1.0047839639345657,
    "ess_min": 532.2152030168567,
    "modellfix": [
      "A4a",
      "A4c",
      "CEE",
      "A5",
      "LTV-fortegn-E3E4",
      "h_c-kalibrering",
      "phi_B-UIP",
      "phi_O-UIP",
      "phi_I1-fri"
    ],
    "begrunnelse": "PE-godkjent (2026-05-20): akkumulerende kj\u00f8ring"
  }
}