{
  "summary": {
    "rho_A": {
      "mean": 0.04051953056122779,
      "std": 1.495849205833463e-08,
      "p5": 0.040519517067351005,
      "p50": 0.040519517067351005,
      "p95": 0.040519547143303365,
      "km": 0.804,
      "psrf": 2.7840466624438314,
      "ess": 1.0
    },
    "rho_C": {
      "mean": 0.09342072473827046,
      "std": 9.55844089159135e-09,
      "p5": 0.09342071611571523,
      "p50": 0.09342071611571523,
      "p95": 0.09342073533417734,
      "km": 0.725,
      "psrf": 2.7840513305798615,
      "ess": 1.0
    },
    "rho_O": {
      "mean": 0.11322324582872774,
      "std": 7.4456018527399446e-09,
      "p5": 0.11322323757498585,
      "p50": 0.11322325254531614,
      "p95": 0.11322325254531614,
      "km": 0.874,
      "psrf": 2.784044840731697,
      "ess": 1.0
    },
    "rho_Ys": {
      "mean": 0.2101934448864605,
      "std": 3.665224411776781e-09,
      "p5": 0.21019344158010536,
      "p50": 0.21019344158010536,
      "p95": 0.2101934489495056,
      "km": 0.783,
      "psrf": 2.7839202307069857,
      "ess": 1.0
    },
    "rho_rp": {
      "mean": 0.7701428063144695,
      "std": 1.2449129663432386e-08,
      "p5": 0.7701427925141205,
      "p50": 0.7701428175446804,
      "p95": 0.7701428175446804,
      "km": 0.737,
      "psrf": 2.7841130658987034,
      "ess": 1.0
    },
    "rho_H": {
      "mean": 0.9787559427561028,
      "std": 9.981678402244658e-10,
      "p5": 0.9787559416495945,
      "p50": 0.978755943656538,
      "p95": 0.978755943656538,
      "km": 0.694,
      "psrf": 2.783715809871286,
      "ess": 1.0
    },
    "sigma_A": {
      "mean": 0.006,
      "std": 0.0,
      "p5": 0.006,
      "p50": 0.006,
      "p95": 0.006,
      "km": 0.006,
      "psrf": 1.0,
      "ess": Infinity,
      "fixed": true
    },
    "sigma_C": {
      "mean": 0.12328765794038056,
      "std": 5.7032161372197106e-09,
      "p5": 0.12328765279557752,
      "p50": 0.12328765279557752,
      "p95": 0.12328766426261953,
      "km": 0.03,
      "psrf": 2.784026013162896,
      "ess": 1.0
    },
    "sigma_O": {
      "mean": 0.12135319082891727,
      "std": 1.9363255452637233e-08,
      "p5": 0.12135317336155611,
      "p50": 0.12135317336155611,
      "p95": 0.12135321229384596,
      "km": 0.079,
      "psrf": 2.784040665365838,
      "ess": 1.0
    },
    "sigma_Ys": {
      "mean": 0.017513912817839154,
      "std": 1.9476239963689887e-08,
      "p5": 0.0175138912276627,
      "p50": 0.017513930387122293,
      "p95": 0.017513930387122293,
      "km": 0.011,
      "psrf": 2.7840527898721708,
      "ess": 1.0
    },
    "sigma_i": {
      "mean": 0.0002276006789330546,
      "std": 1.0437056723404435e-09,
      "p5": 0.00022759973741865003,
      "p50": 0.00022759973741865003,
      "p95": 0.00022760183592175832,
      "km": 0.0003,
      "psrf": 2.784051034259835,
      "ess": 1.0
    },
    "sigma_P": {
      "mean": 0.006496846537291765,
      "std": 6.339413629684368e-09,
      "p5": 0.006496839509802931,
      "p50": 0.006496852256000982,
      "p95": 0.006496852256000982,
      "km": 0.003,
      "psrf": 2.7840523175137375,
      "ess": 1.0
    },
    "sigma_H": {
      "mean": 0.2451572114033466,
      "std": 2.863689372727869e-09,
      "p5": 0.24515720822883452,
      "p50": 0.24515721398664653,
      "p95": 0.24515721398664653,
      "km": 0.05,
      "psrf": 2.7841235289319055,
      "ess": 1.0
    },
    "psi_R": {
      "mean": 0.9550041164203765,
      "std": 3.0095194891192865e-09,
      "p5": 0.9550041137055251,
      "p50": 0.9550041137055251,
      "p95": 0.9550041197565471,
      "km": 0.666,
      "psrf": 2.784712118902397,
      "ess": 1.0
    },
    "psi_P1": {
      "mean": 0.32754857112429925,
      "std": 8.257092761417685e-09,
      "p5": 0.32754856197098786,
      "p50": 0.3275485785729239,
      "p95": 0.3275485785729239,
      "km": 0.292,
      "psrf": 2.784048103223834,
      "ess": 1.0
    },
    "psi_Y": {
      "mean": 0.14309264129811047,
      "std": 1.931788346745974e-10,
      "p5": 0.14309264112384612,
      "p50": 0.14309264112384612,
      "p95": 0.14309264151225676,
      "km": 0.242,
      "psrf": 2.783898251875739,
      "ess": 1.0
    },
    "gamma_p": {
      "mean": 0.08877267335432251,
      "std": 1.632540741809561e-08,
      "p5": 0.0887726552569676,
      "p50": 0.08877268808127729,
      "p95": 0.08877268808127729,
      "km": 0.35,
      "psrf": 2.7840569571055154,
      "ess": 1.0
    },
    "phi_I2": {
      "mean": 12.045894658973378,
      "std": 6.1828482680751465e-09,
      "p5": 12.045894652119449,
      "p50": 12.045894664550852,
      "p95": 12.045894664550852,
      "km": 8.0,
      "psrf": 2.7814418211354655,
      "ess": 1.0
    },
    "phi_u": {
      "mean": 0.01374182219445171,
      "std": 6.617520557266178e-09,
      "p5": 0.013741816224865554,
      "p50": 0.013741816224865554,
      "p95": 0.013741829530232983,
      "km": 0.2192,
      "psrf": 2.7840516323343243,
      "ess": 1.0
    }
  },
  "meta": {
    "n_production": 200000,
    "burnin": 20000,
    "acc_rate": 5e-06,
    "final_scale": 0.005,
    "n_recalibrations": 5,
    "recalib_log": [
      {
        "round": 0,
        "psrf_max": 1.0897728181918969,
        "ess_min": 33.0007893503224,
        "scale_new": 3.0
      },
      {
        "round": 1,
        "psrf_max": 0.9998666577765924,
        "ess_min": 1.0,
        "scale_new": 0.015
      },
      {
        "round": 2,
        "psrf_max": 0.9998666577765924,
        "ess_min": 1.0,
        "scale_new": 0.015
      },
      {
        "round": 3,
        "psrf_max": 0.9998666577765924,
        "ess_min": 1.0,
        "scale_new": 0.015
      },
      {
        "round": 4,
        "psrf_max": 0.9998666577765924,
        "ess_min": 1.0,
        "scale_new": 0.015
      }
    ],
    "psrf_final": 2.784712118902397,
    "sigma_A_fixed": 0.006,
    "use_reparam": false,
    "ess_min": 1.0
  }
}