{
  "summary": {
    "rho_A": {
      "mean": 0.8696125309762217,
      "std": 0.07700364862163991,
      "p05": 0.7654996413405106,
      "p95": 0.9458128805230367,
      "ess": 668.4054857290919,
      "psrf": 1.0029003649926485
    },
    "rho_C": {
      "mean": 0.7928302621301334,
      "std": 0.21384133136401406,
      "p05": 0.3375272096413082,
      "p95": 0.9984034261872237,
      "ess": 905.3695837769376,
      "psrf": 1.0114531302349965
    },
    "rho_O": {
      "mean": 0.32721910917573066,
      "std": 0.10381527928347306,
      "p05": 0.16353304014826303,
      "p95": 0.5065156168032392,
      "ess": 900.3046527067936,
      "psrf": 1.0053996499295945
    },
    "rho_Ys": {
      "mean": 0.8668981514511197,
      "std": 0.060686084285261274,
      "p05": 0.7637627916716162,
      "p95": 0.9631586821366254,
      "ess": 2974.4575261752643,
      "psrf": 1.001077466603554
    },
    "rho_rp": {
      "mean": 0.7967487669806499,
      "std": 0.21501114924379466,
      "p05": 0.3379561188886417,
      "p95": 0.9982469586026802,
      "ess": 870.2783843661424,
      "psrf": 1.0016314367604926
    },
    "rho_H": {
      "mean": 0.8003617651152767,
      "std": 0.21075828039166522,
      "p05": 0.3462416569610082,
      "p95": 0.9986062312595686,
      "ess": 2754.515268870949,
      "psrf": 1.001680295943467
    },
    "sigma_C": {
      "mean": 0.021066418449515376,
      "std": 0.0023478106889798854,
      "p05": 0.017381764314948495,
      "p95": 0.025058925635112625,
      "ess": 3607.603753022051,
      "psrf": 1.0006823719288593
    },
    "sigma_O": {
      "mean": 0.10397173128903914,
      "std": 0.009109406058036887,
      "p05": 0.09001575260200195,
      "p95": 0.11979985652084017,
      "ess": 3563.6827731190947,
      "psrf": 1.0010695027238354
    },
    "sigma_Ys": {
      "mean": 0.005602167924722872,
      "std": 0.0006941983447241673,
      "p05": 0.004554812838995431,
      "p95": 0.006823997044490918,
      "ess": 3274.189312825977,
      "psrf": 1.0011296562929535
    },
    "sigma_rp": {
      "mean": 0.019723183026073912,
      "std": 0.002116499004394487,
      "p05": 0.01642702122192029,
      "p95": 0.023327768538252514,
      "ess": 3858.982343143755,
      "psrf": 1.0007635784844338
    },
    "sigma_i": {
      "mean": 0.0002991298392514295,
      "std": 2.7112558473511984e-05,
      "p05": 0.00025735209799411106,
      "p95": 0.0003459469002521975,
      "ess": 3879.9933729561662,
      "psrf": 1.0017582052678349
    },
    "sigma_P": {
      "mean": 0.005226642432524168,
      "std": 0.0004391947037794605,
      "p05": 0.004548760446232312,
      "p95": 0.005999106634646355,
      "ess": 3474.1737083070234,
      "psrf": 1.000584711967389
    },
    "sigma_H": {
      "mean": 0.12623292951195805,
      "std": 0.011120711285060047,
      "p05": 0.10898388175804227,
      "p95": 0.1452536613269747,
      "ess": 3910.378806010773,
      "psrf": 1.000405182035472
    },
    "psi_R": {
      "mean": 0.911854802852135,
      "std": 0.005720267861745208,
      "p05": 0.900754439307121,
      "p95": 0.9185758469267226,
      "ess": 10152.892974908465,
      "psrf": 1.0001969925011038
    },
    "psi_P1": {
      "mean": 0.13473048795097817,
      "std": 0.05216425426138015,
      "p05": 0.0610554835242918,
      "p95": 0.2296343984704617,
      "ess": 8961.990787899049,
      "psrf": 1.0000289803846971
    },
    "psi_Y": {
      "mean": 0.19721031659008717,
      "std": 0.03793837054776611,
      "p05": 0.13404612687725997,
      "p95": 0.25880719702678545,
      "ess": 3071.6774761622855,
      "psrf": 1.00201003903465
    },
    "phi_I2": {
      "mean": 1.1528805648941451,
      "std": 1.781086543797417,
      "p05": 0.5167040919285061,
      "p95": 3.432749252410253,
      "ess": 868.221932846296,
      "psrf": 1.0032029424121371
    },
    "phi_u": {
      "mean": 0.36783193284543797,
      "std": 0.08264375062099483,
      "p05": 0.23715834583696715,
      "p95": 0.5064890780053489,
      "ess": 1462.8358488950507,
      "psrf": 1.002102703795736
    }
  },
  "meta": {
    "n_samples": 80000,
    "salvaged": true,
    "param_names": [
      "rho_A",
      "rho_C",
      "rho_O",
      "rho_Ys",
      "rho_rp",
      "rho_H",
      "sigma_C",
      "sigma_O",
      "sigma_Ys",
      "sigma_rp",
      "sigma_i",
      "sigma_P",
      "sigma_H",
      "psi_R",
      "psi_P1",
      "psi_Y",
      "phi_I2",
      "phi_u"
    ],
    "phi_I1_fixed": 4.0,
    "h_c_fixed": 0.938,
    "rer_utelatt": true,
    "psrf_max": 1.0114531302349965,
    "ess_min": 668.4054857290919
  }
}