{
  "summary": {
    "rho_A": {
      "mean": 0.04359922495313132,
      "std": 0.02203840954574957,
      "p5": 0.01615441913879658,
      "p50": 0.03913614069494976,
      "p95": 0.08680836833092201,
      "km": 0.804,
      "psrf": 1.0018573452806585,
      "ess": 955.5521380706166
    },
    "rho_C": {
      "mean": 0.08409251191967808,
      "std": 0.0565564837939262,
      "p5": 0.023036792149581767,
      "p50": 0.07014805070887394,
      "p95": 0.19493977146993688,
      "km": 0.725,
      "psrf": 1.0136873251704732,
      "ess": 627.0582496984704
    },
    "rho_O": {
      "mean": 0.13818857557015127,
      "std": 0.07185422156635315,
      "p5": 0.039964722001980715,
      "p50": 0.12828656012187284,
      "p95": 0.2695526884061479,
      "km": 0.874,
      "psrf": 1.0005722786186158,
      "ess": 1074.6239083797966
    },
    "rho_Ys": {
      "mean": 0.24354483919902628,
      "std": 0.09595789563608013,
      "p5": 0.09238677414737408,
      "p50": 0.23925202485117236,
      "p95": 0.41166128003666086,
      "km": 0.783,
      "psrf": 1.0054543940291782,
      "ess": 1118.1292541855985
    },
    "rho_rp": {
      "mean": 0.817693252163425,
      "std": 0.20433236911702307,
      "p5": 0.366439684336719,
      "p50": 0.8963208758542767,
      "p95": 0.9985458362473916,
      "km": 0.737,
      "psrf": 1.0041830403086078,
      "ess": 1235.9060215061031
    },
    "rho_H": {
      "mean": 0.9646116790286061,
      "std": 0.017440742076782163,
      "p5": 0.9324760983947834,
      "p50": 0.9666752680933862,
      "p95": 0.9888267935433609,
      "km": 0.694,
      "psrf": 1.0020667750268515,
      "ess": 1380.077800726844
    },
    "sigma_A": {
      "mean": 0.006,
      "std": 0.0,
      "p5": 0.006,
      "p50": 0.006,
      "p95": 0.006,
      "km": 0.006,
      "psrf": 1.0,
      "ess": Infinity,
      "fixed": true
    },
    "sigma_C": {
      "mean": 0.11585902920910994,
      "std": 0.009555093460716438,
      "p5": 0.1013512983565751,
      "p50": 0.11511680878535605,
      "p95": 0.13251769938746918,
      "km": 0.03,
      "psrf": 1.0030892011152586,
      "ess": 1021.7694510223906
    },
    "sigma_O": {
      "mean": 0.1207748195524394,
      "std": 0.009948082281601373,
      "p5": 0.10555930656822543,
      "p50": 0.12025094285746744,
      "p95": 0.13796373945487692,
      "km": 0.079,
      "psrf": 1.0051466670723894,
      "ess": 1060.4136021173108
    },
    "sigma_Ys": {
      "mean": 0.016070980894027403,
      "std": 0.001279549373026073,
      "p5": 0.014073262461546056,
      "p50": 0.016018988843196927,
      "p95": 0.018278851652968973,
      "km": 0.011,
      "psrf": 1.0029961002395513,
      "ess": 1317.7969374543716
    },
    "sigma_i": {
      "mean": 0.00029977014504710533,
      "std": 2.7267726998947447e-05,
      "p5": 0.00025794320239675285,
      "p50": 0.00029838186309290586,
      "p95": 0.00034778422914987834,
      "km": 0.0003,
      "psrf": 1.001593255419737,
      "ess": 1254.3964987452214
    },
    "sigma_P": {
      "mean": 0.006853810414175142,
      "std": 0.0005637436989256272,
      "p5": 0.00598977408738584,
      "p50": 0.00681175771435846,
      "p95": 0.007824586364562285,
      "km": 0.003,
      "psrf": 1.0034332040915928,
      "ess": 877.9063887214166
    },
    "sigma_H": {
      "mean": 0.3100630775994175,
      "std": 0.026430568779495362,
      "p5": 0.26933397215388793,
      "p50": 0.3086454838160486,
      "p95": 0.3553418450785013,
      "km": 0.05,
      "psrf": 1.0017227715812518,
      "ess": 674.8391689251638
    },
    "psi_R": {
      "mean": 0.9539478640820581,
      "std": 0.0073260740920881974,
      "p5": 0.941037014506985,
      "p50": 0.9544934467234499,
      "p95": 0.9649324782465285,
      "km": 0.666,
      "psrf": 1.0012309367051002,
      "ess": 894.0642401282772
    },
    "psi_P1": {
      "mean": 0.23746153882242524,
      "std": 0.07901747256872357,
      "p5": 0.10948625173797394,
      "p50": 0.23497315410897732,
      "p95": 0.37122544710728994,
      "km": 0.292,
      "psrf": 1.0005727196276102,
      "ess": 1051.139584144344
    },
    "psi_Y": {
      "mean": 0.10236065412445634,
      "std": 0.019526850788854085,
      "p5": 0.07031704287142648,
      "p50": 0.10286297743750891,
      "p95": 0.13324669483925794,
      "km": 0.242,
      "psrf": 1.0064274897655874,
      "ess": 627.4063612828442
    },
    "gamma_p": {
      "mean": 0.12594136045418486,
      "std": 0.0813462508752856,
      "p5": 0.03384788808693634,
      "p50": 0.10708431155679324,
      "p95": 0.2751128881877472,
      "km": 0.35,
      "psrf": 1.01462310251454,
      "ess": 424.09813259834505
    },
    "phi_I1": {
      "mean": 0.1033203707703249,
      "std": 0.003164079801526682,
      "p5": 0.10017841439800669,
      "p50": 0.10237384330341523,
      "p95": 0.10968533491699142,
      "km": 4.0,
      "psrf": 1.0036257840184124,
      "ess": 985.7941951555866
    },
    "phi_I2": {
      "mean": 8.641857171824395,
      "std": 3.7232920627312978,
      "p5": 2.5824768614417546,
      "p50": 8.560192917401315,
      "p95": 14.978429087850298,
      "km": 8.0,
      "psrf": 1.0062133933338806,
      "ess": 795.7472526993905
    },
    "phi_u": {
      "mean": 0.3073970410628541,
      "std": 0.024809260119574253,
      "p5": 0.2653875199166913,
      "p50": 0.30847784128454925,
      "p95": 0.34657121901706245,
      "km": 0.2192,
      "psrf": 1.001965420652113,
      "ess": 1346.4477004603843
    }
  },
  "meta": {
    "n_production": 200000,
    "burnin": 20000,
    "acc_rate": 0.210375,
    "final_scale": 0.8057303516350889,
    "n_recalibrations": 5,
    "recalib_log": [
      {
        "round": 0,
        "psrf_max": 1.1255645018673497,
        "ess_min": 29.52730535628853,
        "scale_new": 3.0
      },
      {
        "round": 1,
        "psrf_max": 1.1224534749144681,
        "ess_min": 43.66342895132579,
        "scale_new": 3.2059713945600006
      },
      {
        "round": 2,
        "psrf_max": 1.1472915868387386,
        "ess_min": 45.353085679694864,
        "scale_new": 3.1976785812959534
      },
      {
        "round": 3,
        "psrf_max": 1.1587133111091412,
        "ess_min": 46.98964589650357,
        "scale_new": 1.8804268665168986
      },
      {
        "round": 4,
        "psrf_max": 1.1093767801922,
        "ess_min": 43.91330220108044,
        "scale_new": 2.407217881125578
      }
    ],
    "psrf_final": 1.01462310251454,
    "sigma_A_fixed": 0.006,
    "use_reparam": false,
    "ess_min": 424.09813259834505
  }
}