{
  "summary": {
    "rho_A": {
      "mean": 0.04456901316894535,
      "std": 0.023405099972288818,
      "p5": 0.016066498579690433,
      "p50": 0.03959928595383717,
      "p95": 0.0900304278120235,
      "km": 0.804,
      "psrf": 1.0312474589854173,
      "ess": 275.0368881129973
    },
    "rho_C": {
      "mean": 0.05901508830303658,
      "std": 0.0336281023410843,
      "p5": 0.018398231574091553,
      "p50": 0.05149013012446282,
      "p95": 0.1237870512380458,
      "km": 0.725,
      "psrf": 1.002167756253751,
      "ess": 437.1417772157377
    },
    "rho_O": {
      "mean": 0.13324667014114416,
      "std": 0.06748892174796403,
      "p5": 0.038779986346564266,
      "p50": 0.12482803155301903,
      "p95": 0.2611593145287039,
      "km": 0.874,
      "psrf": 1.0021391918602345,
      "ess": 485.97018444330945
    },
    "rho_Ys": {
      "mean": 0.2408583867671508,
      "std": 0.09651765293931497,
      "p5": 0.09551015358623471,
      "p50": 0.23420100521501747,
      "p95": 0.40872827806148415,
      "km": 0.783,
      "psrf": 1.0015096693371326,
      "ess": 600.7796748915122
    },
    "rho_rp": {
      "mean": 0.7956282515019586,
      "std": 0.21327379708724822,
      "p5": 0.3503434085110399,
      "p50": 0.8744440176936592,
      "p95": 0.9980587225162554,
      "km": 0.737,
      "psrf": 1.0044326592760124,
      "ess": 373.45305180429335
    },
    "rho_H": {
      "mean": 0.9621196234538953,
      "std": 0.018675101741112088,
      "p5": 0.927540864089926,
      "p50": 0.9645408255237666,
      "p95": 0.9884320590204152,
      "km": 0.694,
      "psrf": 1.009807455687402,
      "ess": 590.5542441607843
    },
    "sigma_A": {
      "mean": 0.006,
      "std": 0.0,
      "p5": 0.006,
      "p50": 0.006,
      "p95": 0.006,
      "km": 0.006,
      "psrf": 1.0,
      "ess": Infinity,
      "fixed": true
    },
    "sigma_C": {
      "mean": 0.11109025683023734,
      "std": 0.008712540143081711,
      "p5": 0.09771567775046519,
      "p50": 0.11051096601338035,
      "p95": 0.12652706340493589,
      "km": 0.03,
      "psrf": 1.0012945678234546,
      "ess": 976.4216824600352
    },
    "sigma_O": {
      "mean": 0.12115705370902784,
      "std": 0.01032598074866854,
      "p5": 0.10535800709436041,
      "p50": 0.12032635217756402,
      "p95": 0.13925117587976465,
      "km": 0.079,
      "psrf": 1.0028918204300312,
      "ess": 351.7250704882403
    },
    "sigma_Ys": {
      "mean": 0.015990645126759274,
      "std": 0.0012940421829785863,
      "p5": 0.013971769900804233,
      "p50": 0.0159284637647889,
      "p95": 0.0181478261234578,
      "km": 0.011,
      "psrf": 1.0005137582995063,
      "ess": 733.2561329030194
    },
    "sigma_i": {
      "mean": 0.00029091814499306745,
      "std": 2.5156086108733395e-05,
      "p5": 0.00025242144711354434,
      "p50": 0.00028991988153824304,
      "p95": 0.00033387703898578585,
      "km": 0.0003,
      "psrf": 1.0024893646233934,
      "ess": 737.829324621947
    },
    "sigma_P": {
      "mean": 0.006850858950248239,
      "std": 0.0005752916237377779,
      "p5": 0.0059655196140199936,
      "p50": 0.006808559069148972,
      "p95": 0.007854855539071986,
      "km": 0.003,
      "psrf": 1.001160747693358,
      "ess": 617.9862616611073
    },
    "sigma_H": {
      "mean": 0.320869258794627,
      "std": 0.028931702528425435,
      "p5": 0.2760129925019765,
      "p50": 0.31939991525381917,
      "p95": 0.37183959099629027,
      "km": 0.05,
      "psrf": 1.0028675920325028,
      "ess": 546.4942599436566
    },
    "psi_R": {
      "mean": 0.9865199062942498,
      "std": 0.003013127612873345,
      "p5": 0.981150847010593,
      "p50": 0.9872792242592787,
      "p95": 0.9894492289794936,
      "km": 0.666,
      "psrf": 1.009577876252787,
      "ess": 286.4060614269637
    },
    "psi_P1": {
      "mean": 0.2977056453128964,
      "std": 0.0961634389173338,
      "p5": 0.1387390661023862,
      "p50": 0.2953987635994868,
      "p95": 0.46283492275482013,
      "km": 0.292,
      "psrf": 1.000433321677225,
      "ess": 518.4785016638787
    },
    "psi_Y": {
      "mean": 0.17122247595941908,
      "std": 0.050876995139311924,
      "p5": 0.08851842197598256,
      "p50": 0.17040324861037026,
      "p95": 0.2557774466993138,
      "km": 0.242,
      "psrf": 1.0034448199131762,
      "ess": 565.3786935343048
    },
    "gamma_p": {
      "mean": 0.11831517866278243,
      "std": 0.0713846296427579,
      "p5": 0.031798650633572456,
      "p50": 0.10352929647235146,
      "p95": 0.2558759667903542,
      "km": 0.35,
      "psrf": 1.0061702713805374,
      "ess": 287.7199408260231
    },
    "phi_I1": {
      "mean": 0.10345887242102567,
      "std": 0.003204667594009893,
      "p5": 0.10019874271549854,
      "p50": 0.1024761254171447,
      "p95": 0.1102016313998267,
      "km": 4.0,
      "psrf": 1.0029817082555041,
      "ess": 258.2670872729146
    },
    "phi_I2": {
      "mean": 8.320953689438435,
      "std": 3.7791145353786457,
      "p5": 2.2232269426456313,
      "p50": 8.219383644158068,
      "p95": 14.702125434027378,
      "km": 8.0,
      "psrf": 1.009067505359742,
      "ess": 548.476774638671
    },
    "phi_u": {
      "mean": 0.29191076099626034,
      "std": 0.028152015321042813,
      "p5": 0.24383011157020631,
      "p50": 0.29281478897574603,
      "p95": 0.3367530652878237,
      "km": 0.2192,
      "psrf": 1.002890859923746,
      "ess": 941.5131892066402
    }
  },
  "meta": {
    "n_production": 100000,
    "burnin": 20000,
    "acc_rate": 0.26383,
    "final_scale": 0.7568689291471216,
    "n_recalibrations": 5,
    "recalib_log": [
      {
        "round": 0,
        "psrf_max": 1.6938612258618782,
        "ess_min": 21.699589376387518,
        "scale_new": 3.0
      },
      {
        "round": 1,
        "psrf_max": 1.8875962352520779,
        "ess_min": 19.315421392107123,
        "scale_new": 3.1402567436969235
      },
      {
        "round": 2,
        "psrf_max": 1.2798763009125511,
        "ess_min": 30.508891086129925,
        "scale_new": 3.4667952106978204
      },
      {
        "round": 3,
        "psrf_max": 1.3540920244414008,
        "ess_min": 30.69975982543537,
        "scale_new": 4.241543002367542
      },
      {
        "round": 4,
        "psrf_max": 1.2236514633155247,
        "ess_min": 33.094401794401,
        "scale_new": 2.6559112371848594
      }
    ],
    "psrf_final": 1.0312474589854173,
    "sigma_A_fixed": 0.006,
    "use_reparam": false,
    "ess_min": 258.2670872729146
  }
}