{
  "summary": {
    "rho_A": {
      "mean": 0.09771846618359235,
      "std": 0.06453066838068458,
      "p05": 0.024786570312978613,
      "p95": 0.22408212186804674,
      "ess": 591.1819030317741,
      "psrf": 1.003590464454092
    },
    "rho_C": {
      "mean": 0.8552064113151334,
      "std": 0.16620003826645977,
      "p05": 0.5020167651324052,
      "p95": 0.9989474441917456,
      "ess": 587.9409605263473,
      "psrf": 1.0040272204434837
    },
    "rho_O": {
      "mean": 0.39474493369327807,
      "std": 0.10311589158309821,
      "p05": 0.23000015977526267,
      "p95": 0.5681634588485097,
      "ess": 732.4266727221985,
      "psrf": 1.001435795338362
    },
    "rho_Ys": {
      "mean": 0.7881685705445384,
      "std": 0.06278872046036017,
      "p05": 0.6837413553410445,
      "p95": 0.8896080871582223,
      "ess": 665.5504651277337,
      "psrf": 1.0081504258194514
    },
    "rho_rp": {
      "mean": 0.8194967054365819,
      "std": 0.1906521799212672,
      "p05": 0.4057258096529464,
      "p95": 0.9981841062436227,
      "ess": 909.5722511131027,
      "psrf": 1.0015978024229975
    },
    "rho_H": {
      "mean": 0.9014350408874787,
      "std": 0.11685267531349411,
      "p05": 0.6576812163484467,
      "p95": 0.9990847502253618,
      "ess": 386.8018307183967,
      "psrf": 1.017295893735367
    },
    "sigma_C": {
      "mean": 0.016110051809930036,
      "std": 0.0023894639491392495,
      "p05": 0.012473464225179186,
      "p95": 0.020197703473597877,
      "ess": 555.3128901322142,
      "psrf": 1.0028015182378718
    },
    "sigma_O": {
      "mean": 0.0877696943718969,
      "std": 0.0073609513587567016,
      "p05": 0.07645422171409307,
      "p95": 0.10051074199762484,
      "ess": 720.2884994278236,
      "psrf": 1.0026336327632825
    },
    "sigma_Ys": {
      "mean": 0.0059075319566946356,
      "std": 0.0007488527846377821,
      "p05": 0.004707858086300479,
      "p95": 0.007180203584711066,
      "ess": 699.6710098443021,
      "psrf": 1.0062469620693077
    },
    "sigma_rp": {
      "mean": 0.016407290476563,
      "std": 0.0015014377797417668,
      "p05": 0.014059676287424149,
      "p95": 0.019078205316800597,
      "ess": 750.9506307325919,
      "psrf": 1.0029972823108133
    },
    "sigma_i": {
      "mean": 0.00027743651994098143,
      "std": 2.2381381025882732e-05,
      "p05": 0.00024342018476108967,
      "p95": 0.00031613109241331906,
      "ess": 1328.7770449133855,
      "psrf": 1.0050396864805615
    },
    "sigma_P": {
      "mean": 0.005543669898057514,
      "std": 0.00045326935267818463,
      "p05": 0.004832480061913517,
      "p95": 0.006322493567336497,
      "ess": 939.3369142924826,
      "psrf": 1.0033209754661379
    },
    "sigma_H": {
      "mean": 0.1497557228502838,
      "std": 0.01234101585878011,
      "p05": 0.13058473419513764,
      "p95": 0.17098978460228223,
      "ess": 660.4108319574665,
      "psrf": 1.0039933876121832
    },
    "psi_R": {
      "mean": 0.9610888222474808,
      "std": 0.011902846771093035,
      "p05": 0.9400711800879227,
      "p95": 0.9789891333589349,
      "ess": 17012.894538496377,
      "psrf": 1.0007314612826657
    },
    "psi_P1": {
      "mean": 0.28161477349979724,
      "std": 0.08654826645120467,
      "p05": 0.14079416492870145,
      "p95": 0.4268921393871229,
      "ess": 17551.803131533004,
      "psrf": 1.000210727911276
    },
    "psi_Y": {
      "mean": 0.2348395353198715,
      "std": 0.040269909180891364,
      "p05": 0.1698248887172182,
      "p95": 0.3008425597607876,
      "ess": 386.8609923606651,
      "psrf": 1.0292423716357235
    },
    "h_c": {
      "mean": 0.9869351444858986,
      "std": 0.0019855602013926013,
      "p05": 0.9835090133579447,
      "p95": 0.9900177222504123,
      "ess": 1451.520336349347,
      "psrf": 1.0022735024858527
    },
    "phi_I1": {
      "mean": 0.5055493298277096,
      "std": 0.004685696063448397,
      "p05": 0.5002808293386846,
      "p95": 0.514951039901035,
      "ess": 501.19063279283125,
      "psrf": 1.0083754483559502
    },
    "phi_I2": {
      "mean": 10.911533924838091,
      "std": 2.7898830499905842,
      "p05": 6.589228030031913,
      "p95": 15.685408729958205,
      "ess": 721.9563825571856,
      "psrf": 1.0002420389191464
    },
    "phi_u": {
      "mean": 0.7207569553865958,
      "std": 0.05191484155365216,
      "p05": 0.6351243523681309,
      "p95": 0.8060470924627396,
      "ess": 807.846756680992,
      "psrf": 1.007287591686067
    }
  },
  "meta": {
    "n_production": 200000,
    "burnin": 20000,
    "acc_rate": 0.2316025,
    "final_scale": 0.8828388569079338,
    "n_recalibrations": 3,
    "recalib_log": [
      {
        "round": 0,
        "psrf_max": 1.8938287603163777,
        "ess_min": 21.328463106439386,
        "scale_new": 3.0
      },
      {
        "round": 1,
        "psrf_max": 1.2695847328984922,
        "ess_min": 22.322762075291028,
        "scale_new": 2.7599615999999996
      },
      {
        "round": 2,
        "psrf_max": 1.1189278593161298,
        "ess_min": 42.74016686332832,
        "scale_new": 2.7036649260145706
      }
    ],
    "psrf_final": 1.0292423716357235,
    "sigma_A_fixed": 0.006,
    "use_reparam": true,
    "ess_min": 386.8018307183967,
    "n_samples": 200000,
    "time_min": 141.07842469215393,
    "param_names": [
      "rho_A",
      "rho_C",
      "rho_O",
      "rho_Ys",
      "rho_rp",
      "rho_H",
      "sigma_C",
      "sigma_O",
      "sigma_Ys",
      "sigma_rp",
      "sigma_i",
      "sigma_P",
      "sigma_H",
      "psi_R",
      "psi_P1",
      "psi_Y",
      "h_c",
      "phi_I1",
      "phi_I2",
      "phi_u"
    ],
    "psrf_max": 1.0292423716357235,
    "blocks": [
      [
        16,
        13,
        14
      ],
      [
        0,
        1,
        2,
        3,
        4,
        5,
        6,
        7,
        8,
        9,
        10,
        11,
        12,
        15,
        17,
        18,
        19
      ]
    ]
  }
}