{
  "summary": {
    "rho_A": {
      "mean": 0.17107310449406105,
      "std": 0.0900907920671361,
      "q025": 0.05768058325897504,
      "q975": 0.4011432511701498
    },
    "rho_C": {
      "mean": 0.25081478932138446,
      "std": 0.07632227188819746,
      "q025": 0.14448983301432736,
      "q975": 0.4400592686450269
    },
    "rho_O": {
      "mean": 0.24040046021605904,
      "std": 0.056142355430911166,
      "q025": 0.1499260167568154,
      "q975": 0.36769158104361654
    },
    "rho_Ys": {
      "mean": 0.34023223738247427,
      "std": 0.07862485594929436,
      "q025": 0.202567174232312,
      "q975": 0.510919514905417
    },
    "rho_rp": {
      "mean": 0.1137068476700773,
      "std": 0.04782676594824548,
      "q025": 0.0525075872070572,
      "q975": 0.2267606407225007
    },
    "rho_H": {
      "mean": 0.9401444126050049,
      "std": 0.02454142923497622,
      "q025": 0.8842247400341051,
      "q975": 0.9791271166338871
    },
    "sigma_C": {
      "mean": 0.10814615652558456,
      "std": 0.00889709917618217,
      "q025": 0.09247768449275612,
      "q975": 0.12769306609522896
    },
    "sigma_O": {
      "mean": 0.1529296051707493,
      "std": 0.01240857216190627,
      "q025": 0.13071288033746636,
      "q975": 0.17952659227597187
    },
    "sigma_Ys": {
      "mean": 0.01707635747001492,
      "std": 0.0013962340257663104,
      "q025": 0.014576531027279533,
      "q975": 0.020081621531840708
    },
    "sigma_i": {
      "mean": 0.002296553950637485,
      "std": 0.00023435409399269203,
      "q025": 0.0018812126043507905,
      "q975": 0.002792779265961774
    },
    "sigma_P": {
      "mean": 0.007021933756156125,
      "std": 0.0005915006713712688,
      "q025": 0.005974811732901491,
      "q975": 0.00829190840955817
    },
    "sigma_H": {
      "mean": 0.3267339139566233,
      "std": 0.028590814866122218,
      "q025": 0.27582092634055666,
      "q975": 0.3872044471667349
    },
    "psi_R": {
      "mean": 0.8707003154824164,
      "std": 0.0009927459415548204,
      "q025": 0.8687466030261367,
      "q975": 0.8726440031550005
    },
    "psi_P1": {
      "mean": 0.6219961008745238,
      "std": 0.15596220382245024,
      "q025": 0.3165772581265613,
      "q975": 0.9227101305277315
    },
    "psi_Y": {
      "mean": 0.4619186523435821,
      "std": 0.05413093924536925,
      "q025": 0.35402810104599086,
      "q975": 0.5648761517091229
    },
    "gamma_p": {
      "mean": 0.721597104951119,
      "std": 0.04997028813194919,
      "q025": 0.6222607252902266,
      "q975": 0.8180824115747957
    },
    "phi_I1": {
      "mean": 0.4998058365757317,
      "std": 0.0009849564863120266,
      "q025": 0.49786494219528227,
      "q975": 0.5017276477950323
    },
    "phi_I2": {
      "mean": 63.66399739533964,
      "std": 39.301199872180945,
      "q025": 4.624008890129566,
      "q975": 150.94082838184318
    },
    "rho_s": {
      "mean": 0.002863552269439133,
      "std": 0.0028124076936320336,
      "q025": 8.09432803134248e-05,
      "q975": 0.010407041604184214
    },
    "phi_H1": {
      "mean": 60.73001034229611,
      "std": 0.0009746923204627841,
      "q025": 60.728088678146655,
      "q975": 60.73190576543265
    }
  }
}