{
  "summary": {
    "rho_A": {
      "mean": 0.01577065662684857,
      "std": 0.004118994865067268,
      "p5": 0.011057689585911853,
      "p50": 0.014871935962881338,
      "p95": 0.02366016826581504,
      "km": 0.804,
      "psrf": 1.001057710895707,
      "ess": 1305.3883715538811
    },
    "rho_C": {
      "mean": 0.06996552768103112,
      "std": 0.04470102124655153,
      "p5": 0.020300939736358336,
      "p50": 0.05912051605726697,
      "p95": 0.1548968693961002,
      "km": 0.725,
      "psrf": 1.0051505365603,
      "ess": 777.4208002545246
    },
    "rho_O": {
      "mean": 0.1063520202781338,
      "std": 0.05975098598898758,
      "p5": 0.029709304468457754,
      "p50": 0.09571308309736207,
      "p95": 0.22040944461540604,
      "km": 0.874,
      "psrf": 1.0000349738569485,
      "ess": 1771.068268917945
    },
    "rho_Ys": {
      "mean": 0.2658069089463048,
      "std": 0.09970817607848344,
      "p5": 0.1077630935641238,
      "p50": 0.26191599208541694,
      "p95": 0.4357127827860684,
      "km": 0.783,
      "psrf": 1.0009271306369691,
      "ess": 2515.7502459650664
    },
    "rho_rp": {
      "mean": 0.9393990756799315,
      "std": 0.030318791976311852,
      "p5": 0.8848383635634347,
      "p50": 0.9427698753143788,
      "p95": 0.9825951705249364,
      "km": 0.737,
      "psrf": 1.000678043711433,
      "ess": 1736.0702341704723
    },
    "rho_H": {
      "mean": 0.5429196683245373,
      "std": 0.08762814693963772,
      "p5": 0.4107600234597073,
      "p50": 0.5363577865827562,
      "p95": 0.6967574733023616,
      "km": 0.694,
      "psrf": 1.0003352484310586,
      "ess": 1954.6217507567721
    },
    "sigma_C": {
      "mean": 0.098354313581264,
      "std": 0.007497532158423138,
      "p5": 0.08683975674168412,
      "p50": 0.09791465610172508,
      "p95": 0.11151145202315545,
      "km": 0.03,
      "psrf": 1.0025982169426175,
      "ess": 1985.4151117883653
    },
    "sigma_O": {
      "mean": 0.10723056290751981,
      "std": 0.009602317169982088,
      "p5": 0.0922076855278818,
      "p50": 0.10678404911985412,
      "p95": 0.12370271710242672,
      "km": 0.079,
      "psrf": 1.0011585125131803,
      "ess": 1516.2704785339122
    },
    "sigma_Ys": {
      "mean": 0.0158525427240657,
      "std": 0.001325320307513579,
      "p5": 0.01378616792925632,
      "p50": 0.015779138993803773,
      "p95": 0.018145590204368862,
      "km": 0.011,
      "psrf": 1.000068353171914,
      "ess": 2209.522482478338
    },
    "sigma_i": {
      "mean": 0.00032579894100973446,
      "std": 2.8971992482718267e-05,
      "p5": 0.0002813721180262503,
      "p50": 0.00032408483486103326,
      "p95": 0.00037547237942534077,
      "km": 0.0003,
      "psrf": 1.0003419033859193,
      "ess": 2488.865425865467
    },
    "sigma_P": {
      "mean": 0.006669360760815968,
      "std": 0.0005657410726180092,
      "p5": 0.005819430660240731,
      "p50": 0.006624877398633442,
      "p95": 0.00768198987784558,
      "km": 0.003,
      "psrf": 1.0005270078602686,
      "ess": 1469.0010796373554
    },
    "sigma_H": {
      "mean": 0.2905199165381597,
      "std": 0.02612904961241236,
      "p5": 0.2512740519557334,
      "p50": 0.28869846671674426,
      "p95": 0.33661277384061106,
      "km": 0.05,
      "psrf": 1.0010351987398236,
      "ess": 1513.307565143846
    },
    "psi_R": {
      "mean": 0.9892555682497655,
      "std": 0.0005183933773140758,
      "p5": 0.9882414216033442,
      "p50": 0.9893727046474512,
      "p95": 0.9898683780088262,
      "km": 0.666,
      "psrf": 1.0017776650503722,
      "ess": 2577.3910146512358
    },
    "psi_P1": {
      "mean": 0.2935340964040897,
      "std": 0.09909228769287623,
      "p5": 0.13292147190559933,
      "p50": 0.2923597034138551,
      "p95": 0.4611682249385353,
      "km": 0.292,
      "psrf": 1.0041470565805357,
      "ess": 1854.6681840673023
    },
    "psi_Y": {
      "mean": 0.3043772836127497,
      "std": 0.04813091238677257,
      "p5": 0.22569390521651436,
      "p50": 0.30397851661428227,
      "p95": 0.38370310495710175,
      "km": 0.242,
      "psrf": 1.0004966373756579,
      "ess": 1553.4083898069994
    },
    "gamma_p": {
      "mean": 0.8092557382740019,
      "std": 0.06903181463973082,
      "p5": 0.6818359982047127,
      "p50": 0.8181744597680597,
      "p95": 0.9059560247947023,
      "km": 0.35,
      "psrf": 1.0007960176486783,
      "ess": 2293.472348202065
    },
    "phi_I1": {
      "mean": 0.10013740025333732,
      "std": 0.00013386377902732533,
      "p5": 0.10000725955951827,
      "p50": 0.10009715774037814,
      "p95": 0.10040868106705236,
      "km": 12.54,
      "psrf": 1.000221684721158,
      "ess": 645.4382820224251
    },
    "phi_I2": {
      "mean": 65.37061068027859,
      "std": 39.66889538059362,
      "p5": 9.309936461702712,
      "p50": 60.681357217755874,
      "p95": 137.1176817530857,
      "km": 165.66,
      "psrf": 1.0007194961721009,
      "ess": 1984.8201149497488
    },
    "phi_O": {
      "mean": 0.25464729469286196,
      "std": 0.019989059071223263,
      "p5": 0.22297162672041498,
      "p50": 0.2539207448762447,
      "p95": 0.28925593859011445,
      "km": 0.15,
      "psrf": 1.0001674031774643,
      "ess": 2478.9678830572025
    },
    "phi_H1": {
      "mean": 60.65200242208129,
      "std": 5.130140294197031,
      "p5": 52.14152219866949,
      "p50": 60.61801045887672,
      "p95": 69.13593093688368,
      "km": 60.73,
      "psrf": 1.0002379821900678,
      "ess": 1556.2748634675725
    },
    "sigma_A": {
      "mean": 0.006,
      "std": 0.0,
      "p5": 0.006,
      "p50": 0.006,
      "p95": 0.006,
      "km": 0.006,
      "psrf": 1.0,
      "ess": Infinity,
      "fixed": true
    }
  },
  "meta": {
    "n_production": 200000,
    "burnin": 30000,
    "acc_rate": 0.24988,
    "final_scale": 0.8566697875894237,
    "n_recalibrations": 5,
    "recalib_log": [
      {
        "round": 0,
        "psrf_max": 1.4809205182773322,
        "ess_min": 35.93127790422552,
        "scale_new": 3.0
      },
      {
        "round": 1,
        "psrf_max": 4.036547034884898,
        "ess_min": 20.886141729245896,
        "scale_new": 4.693521050831917
      },
      {
        "round": 2,
        "psrf_max": 3.446125354159802,
        "ess_min": 20.772661846793838,
        "scale_new": 2.664838731375514
      },
      {
        "round": 3,
        "psrf_max": 2.203840874742817,
        "ess_min": 23.632222203781556,
        "scale_new": 2.651947082832333
      },
      {
        "round": 4,
        "psrf_max": 1.9096395344830595,
        "ess_min": 27.141911573996545,
        "scale_new": 2.974212396711292
      }
    ],
    "psrf_final": 1.0051505365603,
    "sigma_A_fixed": 0.006,
    "use_reparam": true,
    "ess_min": 645.4382820224251
  }
}