{
  "summary": {
    "rho_A": {
      "mean": 0.3903631246049445,
      "std": 0.11182314441494201,
      "p05": 0.2065072883874312,
      "p95": 0.5711825748063345,
      "ess": 2874.0332940609997,
      "psrf": 1.0003356432246415,
      "ess_pct": 0.016146254461016852
    },
    "rho_C": {
      "mean": 0.8037254021719452,
      "std": 0.20648886202270866,
      "p05": 0.369861283525789,
      "p95": 0.9978228348284661,
      "ess": 2187.86573647486,
      "psrf": 1.0011927713513553,
      "ess_pct": 0.012291380541993597
    },
    "rho_O": {
      "mean": 0.2982585354429673,
      "std": 0.10139391966247033,
      "p05": 0.12912855904258774,
      "p95": 0.4684144107987144,
      "ess": 4856.858052604085,
      "psrf": 1.0001638749039292,
      "ess_pct": 0.027285719396652162
    },
    "rho_Ys": {
      "mean": 0.8141686681416939,
      "std": 0.07920471284630583,
      "p05": 0.6812561481960016,
      "p95": 0.9401753020350668,
      "ess": 8456.442157096539,
      "psrf": 1.0002483324039357,
      "ess_pct": 0.04750810200616033
    },
    "rho_rp": {
      "mean": 0.796190776766355,
      "std": 0.2164280967363488,
      "p05": 0.3425449934900777,
      "p95": 0.9984820902138934,
      "ess": 1383.977426978275,
      "psrf": 1.000341183757489,
      "ess_pct": 0.007775154084147612
    },
    "rho_H": {
      "mean": 0.7862511475245021,
      "std": 0.21901516980367952,
      "p05": 0.32489648242672675,
      "p95": 0.9976187540093657,
      "ess": 3478.836386540646,
      "psrf": 1.0005030830760664,
      "ess_pct": 0.019544024643486774
    },
    "sigma_C": {
      "mean": 0.02270580827516994,
      "std": 0.00253412971669353,
      "p05": 0.018791138029538974,
      "p95": 0.027128784362888653,
      "ess": 7037.562875620041,
      "psrf": 1.0004894934357467,
      "ess_pct": 0.03953687008775304
    },
    "sigma_O": {
      "mean": 0.10133768428686372,
      "std": 0.008620833194919292,
      "p05": 0.08790625605171992,
      "p95": 0.11649879567926398,
      "ess": 4944.102337339186,
      "psrf": 1.0019921027972614,
      "ess_pct": 0.027775855827748237
    },
    "sigma_Ys": {
      "mean": 0.006126521164289605,
      "std": 0.0008081835606261224,
      "p05": 0.004875980362392217,
      "p95": 0.007541794781850274,
      "ess": 7802.762752959461,
      "psrf": 1.0002005940665213,
      "ess_pct": 0.04383574580314304
    },
    "sigma_rp": {
      "mean": 0.01424160093042357,
      "std": 0.0015732735404136843,
      "p05": 0.01177927347474192,
      "p95": 0.01695786668131212,
      "ess": 2743.597808431364,
      "psrf": 0.9999991064557324,
      "ess_pct": 0.015413470833884066
    },
    "sigma_i": {
      "mean": 0.00030590782942537057,
      "std": 2.6687812985906176e-05,
      "p05": 0.00026458533806768335,
      "p95": 0.0003520005170895694,
      "ess": 7593.717403255724,
      "psrf": 1.0001858610205583,
      "ess_pct": 0.042661333726155756
    },
    "sigma_P": {
      "mean": 0.004817063701722524,
      "std": 0.0004086186333826842,
      "p05": 0.004189467866090077,
      "p95": 0.005524353574039331,
      "ess": 7707.459624253055,
      "psrf": 1.0007732302118002,
      "ess_pct": 0.043300334967713794
    },
    "sigma_H": {
      "mean": 0.12210561637972679,
      "std": 0.010716032930078018,
      "p05": 0.10588172247257831,
      "p95": 0.14073498974888754,
      "ess": 6507.26513309336,
      "psrf": 1.0000080678621657,
      "ess_pct": 0.03655766928704135
    },
    "psi_R": {
      "mean": 0.9114766982942383,
      "std": 0.005924702328194728,
      "p05": 0.9000391865969204,
      "p95": 0.9184877623603437,
      "ess": 20535.93332981696,
      "psrf": 1.0001141916294867,
      "ess_pct": 0.1153704119652638
    },
    "psi_P1": {
      "mean": 0.1327749181399304,
      "std": 0.05186794038575345,
      "p05": 0.06018646647647181,
      "p95": 0.22692617144470373,
      "ess": 17894.909497429224,
      "psrf": 1.000217997209153,
      "ess_pct": 0.10053319942375968
    },
    "psi_Y": {
      "mean": 0.20902863253051843,
      "std": 0.04100477590898502,
      "p05": 0.1414835306347352,
      "p95": 0.2763337836274722,
      "ess": 8405.161291497994,
      "psrf": 1.0001336915643744,
      "ess_pct": 0.04722000725560671
    },
    "phi_I1": {
      "mean": 0.10506165326277081,
      "std": 0.004956865333431823,
      "p05": 0.10024505261991398,
      "p95": 0.11543706257852769,
      "ess": 5336.040810172924,
      "psrf": 1.0036050610279448,
      "ess_pct": 0.029977757360522043
    },
    "phi_I2": {
      "mean": 8.654171179218975,
      "std": 3.573093468389496,
      "p05": 3.069963284363431,
      "p95": 14.84722604627761,
      "ess": 9977.25412723853,
      "psrf": 1.0005983896261803,
      "ess_pct": 0.05605198947886814
    },
    "phi_u": {
      "mean": 0.02609096492900877,
      "std": 0.014066740072808231,
      "p05": 0.010937978542439102,
      "p95": 0.05450167225901621,
      "ess": 5031.260512006893,
      "psrf": 1.0038445952919053,
      "ess_pct": 0.028265508494420746
    }
  },
  "meta": {
    "n_samples": 178000,
    "param_names": [
      "rho_A",
      "rho_C",
      "rho_O",
      "rho_Ys",
      "rho_rp",
      "rho_H",
      "sigma_C",
      "sigma_O",
      "sigma_Ys",
      "sigma_rp",
      "sigma_i",
      "sigma_P",
      "sigma_H",
      "psi_R",
      "psi_P1",
      "psi_Y",
      "phi_I1",
      "phi_I2",
      "phi_u"
    ],
    "phi_I1_free": true,
    "h_c_fixed": 0.938,
    "phi_O": 0.15,
    "phi_B": 0.0016,
    "psrf_max": 1.0038445952919053,
    "ess_min": 1383.977426978275,
    "ess_min_pct": 0.007775154084147612,
    "n_psrf_ok": 19,
    "n_ess_ok": 18,
    "rho_rp_note": "ESS/n strukturelt lav (ACL~140) \u2014 krever HMC eller dedikert blokk i kj11",
    "modellfix": [
      "A4d-QK-yk-koeff-1.0",
      "A_phi_L-1.50"
    ],
    "begrunnelse": "PE-godkjent (2026-05-21): A4d + phi_L=1.50"
  }
}