{
  "summary": {
    "rho_A": {
      "mean": 0.015661131095235703,
      "std": 0.0,
      "p5": 0.015661131095235703,
      "p50": 0.015661131095235703,
      "p95": 0.015661131095235703,
      "km": 0.804,
      "psrf": NaN,
      "ess": 1.0
    },
    "rho_C": {
      "mean": 0.029136230789852408,
      "std": 6.938893903907228e-18,
      "p5": 0.029136230789852415,
      "p50": 0.029136230789852415,
      "p95": 0.029136230789852415,
      "km": 0.725,
      "psrf": 0.9974968671630002,
      "ess": 1.0
    },
    "rho_O": {
      "mean": 0.14191650089774413,
      "std": 0.0,
      "p5": 0.14191650089774413,
      "p50": 0.14191650089774413,
      "p95": 0.14191650089774413,
      "km": 0.874,
      "psrf": 0.9974968671630002,
      "ess": 1.0
    },
    "rho_Ys": {
      "mean": 0.4464539420243848,
      "std": 5.551115123125783e-17,
      "p5": 0.44645394202438476,
      "p50": 0.44645394202438476,
      "p95": 0.44645394202438476,
      "km": 0.783,
      "psrf": 0.9974968671630002,
      "ess": 1.0
    },
    "rho_rp": {
      "mean": 0.018924670742139115,
      "std": 3.469446951953614e-18,
      "p5": 0.01892467074213912,
      "p50": 0.01892467074213912,
      "p95": 0.01892467074213912,
      "km": 0.737,
      "psrf": 0.9974968671630001,
      "ess": 1.0
    },
    "rho_H": {
      "mean": 0.9355605268972168,
      "std": 2.220446049250313e-16,
      "p5": 0.935560526897217,
      "p50": 0.935560526897217,
      "p95": 0.935560526897217,
      "km": 0.694,
      "psrf": 0.9974968671630001,
      "ess": 1.0
    },
    "sigma_C": {
      "mean": 0.11357867504215256,
      "std": 1.3877787807814457e-17,
      "p5": 0.11357867504215258,
      "p50": 0.11357867504215258,
      "p95": 0.11357867504215258,
      "km": 0.03,
      "psrf": 0.9974968671630001,
      "ess": 1.0
    },
    "sigma_O": {
      "mean": 0.13782264173210648,
      "std": 2.7755575615628914e-17,
      "p5": 0.1378226417321065,
      "p50": 0.1378226417321065,
      "p95": 0.1378226417321065,
      "km": 0.079,
      "psrf": 0.9974968671630001,
      "ess": 1.0
    },
    "sigma_Ys": {
      "mean": 0.019686241208414557,
      "std": 0.0,
      "p5": 0.019686241208414557,
      "p50": 0.019686241208414557,
      "p95": 0.019686241208414557,
      "km": 0.011,
      "psrf": 0.9974968671630002,
      "ess": 1.0
    },
    "sigma_i": {
      "mean": 0.00029644157164848445,
      "std": 5.421010862427522e-20,
      "p5": 0.0002964415716484845,
      "p50": 0.0002964415716484845,
      "p95": 0.0002964415716484845,
      "km": 0.0003,
      "psrf": 0.9974968671630002,
      "ess": 1.0
    },
    "sigma_P": {
      "mean": 0.008335426145853465,
      "std": 1.734723475976807e-18,
      "p5": 0.008335426145853466,
      "p50": 0.008335426145853466,
      "p95": 0.008335426145853466,
      "km": 0.003,
      "psrf": 0.9974968671630001,
      "ess": 1.0
    },
    "sigma_H": {
      "mean": 0.43843195324781176,
      "std": 1.1102230246251565e-16,
      "p5": 0.43843195324781165,
      "p50": 0.43843195324781165,
      "p95": 0.43843195324781165,
      "km": 0.05,
      "psrf": 0.9974968671630001,
      "ess": 1.0
    },
    "psi_R": {
      "mean": 0.9891104728593965,
      "std": 1.1102230246251565e-16,
      "p5": 0.9891104728593964,
      "p50": 0.9891104728593964,
      "p95": 0.9891104728593964,
      "km": 0.666,
      "psrf": 0.9974968671630001,
      "ess": 1.0
    },
    "psi_P1": {
      "mean": 0.46682612950197083,
      "std": 5.551115123125783e-17,
      "p5": 0.4668261295019708,
      "p50": 0.4668261295019708,
      "p95": 0.4668261295019708,
      "km": 0.292,
      "psrf": 0.9974968671630001,
      "ess": 1.0
    },
    "psi_Y": {
      "mean": 0.3969787387456779,
      "std": 5.551115123125783e-17,
      "p5": 0.39697873874567785,
      "p50": 0.39697873874567785,
      "p95": 0.39697873874567785,
      "km": 0.242,
      "psrf": 0.9974968671630001,
      "ess": 1.0
    },
    "gamma_p": {
      "mean": 0.7531436309396992,
      "std": 0.0,
      "p5": 0.7531436309396992,
      "p50": 0.7531436309396992,
      "p95": 0.7531436309396992,
      "km": 0.35,
      "psrf": NaN,
      "ess": 1.0
    },
    "phi_I2": {
      "mean": 36.80212215793455,
      "std": 0.0,
      "p5": 36.80212215793455,
      "p50": 36.80212215793455,
      "p95": 36.80212215793455,
      "km": 165.66,
      "psrf": 0.9974968671630001,
      "ess": 1.0
    },
    "phi_O": {
      "mean": 0.19406748235192894,
      "std": 2.7755575615628914e-17,
      "p5": 0.19406748235192892,
      "p50": 0.19406748235192892,
      "p95": 0.19406748235192892,
      "km": 0.15,
      "psrf": 0.9974968671630001,
      "ess": 1.0
    },
    "phi_H1": {
      "mean": 60.72772067173218,
      "std": 1.4210854715202004e-14,
      "p5": 60.727720671732165,
      "p50": 60.727720671732165,
      "p95": 60.727720671732165,
      "km": 60.73,
      "psrf": 0.9974968671630001,
      "ess": 1.0
    },
    "kappa_rp_endo": {
      "mean": 0.011457625309041788,
      "std": 3.469446951953614e-18,
      "p5": 0.011457625309041784,
      "p50": 0.011457625309041784,
      "p95": 0.011457625309041784,
      "km": NaN,
      "psrf": 0.9974968671630002,
      "ess": 1.0
    },
    "rho_rp_endo": {
      "mean": 0.4567375578320687,
      "std": 5.551115123125783e-17,
      "p5": 0.45673755783206865,
      "p50": 0.45673755783206865,
      "p95": 0.45673755783206865,
      "km": NaN,
      "psrf": 0.9974968671630001,
      "ess": 1.0
    },
    "sigma_A": {
      "mean": 0.006,
      "std": 0.0,
      "p5": 0.006,
      "p50": 0.006,
      "p95": 0.006,
      "km": 0.006,
      "psrf": 1.0,
      "ess": Infinity,
      "fixed": true
    }
  },
  "meta": {
    "n_production": 800,
    "burnin": 200,
    "acc_rate": 0.0,
    "final_scale": 10.0,
    "n_recalibrations": 5,
    "recalib_log": [
      {
        "round": 0,
        "psrf_max": 99.0,
        "ess_min": 0.0,
        "scale_new": 3.0
      },
      {
        "round": 1,
        "psrf_max": 99.0,
        "ess_min": 0.0,
        "scale_new": 9.0
      },
      {
        "round": 2,
        "psrf_max": 3.34515178555147,
        "ess_min": 3.1515163544363376,
        "scale_new": 10.0
      },
      {
        "round": 3,
        "psrf_max": 2.480029847837596,
        "ess_min": 3.6129116486199067,
        "scale_new": 10.0
      },
      {
        "round": 4,
        "psrf_max": 3.49299778180791,
        "ess_min": 4.154837652637273,
        "scale_new": 10.0
      }
    ],
    "psrf_final": NaN,
    "sigma_A_fixed": 0.006,
    "use_reparam": true,
    "ess_min": 1.0
  }
}