{
  "summary": {
    "rho_A": {
      "mean": 0.15639100128340713,
      "std": 0.0683175755909169,
      "q025": 0.056212028673214634,
      "q975": 0.32285265542515373
    },
    "rho_C": {
      "mean": 0.23826173242234328,
      "std": 0.06451106895518642,
      "q025": 0.14256746593273123,
      "q975": 0.39321731783184927
    },
    "rho_O": {
      "mean": 0.24349710823507412,
      "std": 0.05946947712516178,
      "q025": 0.150687499901536,
      "q975": 0.3792771771562026
    },
    "rho_Ys": {
      "mean": 0.34051053607435056,
      "std": 0.07772067408676396,
      "q025": 0.204605647050135,
      "q975": 0.503783914746853
    },
    "rho_rp": {
      "mean": 0.170299194023972,
      "std": 0.07725255484586553,
      "q025": 0.05657454474480046,
      "q975": 0.340212714825907
    },
    "rho_H": {
      "mean": 0.9513847256601697,
      "std": 0.025066685407660907,
      "q025": 0.8933220132308873,
      "q975": 0.985314191025403
    },
    "sigma_C": {
      "mean": 0.10697271883325393,
      "std": 0.00841775500007361,
      "q025": 0.09196272858320563,
      "q975": 0.12456789801123869
    },
    "sigma_O": {
      "mean": 0.15259164964723884,
      "std": 0.012023146990568124,
      "q025": 0.13058423475306313,
      "q975": 0.17821961940877323
    },
    "sigma_Ys": {
      "mean": 0.017075089782569795,
      "std": 0.0013857434088099371,
      "q025": 0.014601858588710392,
      "q975": 0.020092634599742247
    },
    "sigma_i": {
      "mean": 0.0009944723083992009,
      "std": 0.00010062271015346556,
      "q025": 0.000815743242311388,
      "q975": 0.0012128241016877096
    },
    "sigma_P": {
      "mean": 0.007068058248566295,
      "std": 0.0005987282072383786,
      "q025": 0.005986347563004977,
      "q975": 0.008343670739060201
    },
    "sigma_H": {
      "mean": 0.33275226234563043,
      "std": 0.028973876878616835,
      "q025": 0.27944754105420705,
      "q975": 0.3933872592799934
    },
    "psi_R": {
      "mean": 0.948978324900326,
      "std": 0.0009882260313011895,
      "q025": 0.9463849029278686,
      "q975": 0.9499702412461415
    },
    "psi_P1": {
      "mean": 0.5598497985341269,
      "std": 0.1512109184911782,
      "q025": 0.2615049230206116,
      "q975": 0.8568833125352668
    },
    "psi_Y": {
      "mean": 0.4019387846747547,
      "std": 0.052312264879796413,
      "q025": 0.29957272855183104,
      "q975": 0.5033761522960563
    },
    "gamma_p": {
      "mean": 0.7213989226398073,
      "std": 0.050274688608676094,
      "q025": 0.6231042919269972,
      "q975": 0.8191300407482326
    },
    "phi_I1": {
      "mean": 0.49975199304490847,
      "std": 0.0010333508094019157,
      "q025": 0.49772885985658616,
      "q975": 0.5018106339884167
    },
    "phi_I2": {
      "mean": 63.03076711606552,
      "std": 38.95314029212152,
      "q025": 4.808096278935025,
      "q975": 149.32554620377857
    },
    "rho_s": {
      "mean": 0.002932479901376935,
      "std": 0.0028519968945916376,
      "q025": 7.885622768020626e-05,
      "q975": 0.010586905707403825
    },
    "phi_H1": {
      "mean": 60.72998655974744,
      "std": 0.0010034875044314196,
      "q025": 60.72798221128445,
      "q975": 60.73193104432097
    }
  }
}