{
  "n_draws": 200000,
  "n_params": 19,
  "psrf_max": 1.1686573535842324,
  "psrf_max_param": "rho_O",
  "ess_min": 356.37419543265986,
  "ess_min_param": "rho_C",
  "summary": {
    "rho_A": {
      "mean": 0.1750090363063872,
      "std": 0.0847699992411283,
      "q05": 0.053524224771821144,
      "q95": 0.32655256052594867,
      "psrf": 1.0134255177303604,
      "ess": 380.65583135591237
    },
    "rho_C": {
      "mean": 0.1728032684085704,
      "std": 0.0776661174174655,
      "q05": 0.05555514205013125,
      "q95": 0.30712482402732466,
      "psrf": 1.050674690043031,
      "ess": 356.37419543265986
    },
    "rho_O": {
      "mean": 0.2549564398548321,
      "std": 0.050967855225207456,
      "q05": 0.17428786584698208,
      "q95": 0.34213758031285263,
      "psrf": 1.1686573535842324,
      "ess": 458.58250108022867
    },
    "rho_Ys": {
      "mean": 0.840176541574239,
      "std": 0.056108311115820306,
      "q05": 0.7457347673831972,
      "q95": 0.9296508448783083,
      "psrf": 1.0418120106460622,
      "ess": 526.9777309643317
    },
    "rho_rp": {
      "mean": 0.5032181443670747,
      "std": 0.22613962130422144,
      "q05": 0.1606150501365628,
      "q95": 0.9202751606741377,
      "psrf": 1.015482162504469,
      "ess": 965.1981223856744
    },
    "rho_H": {
      "mean": 0.49039119646040796,
      "std": 0.10763084743915595,
      "q05": 0.31250725249308503,
      "q95": 0.6656445646427037,
      "psrf": 1.0621035653057702,
      "ess": 546.3415624585408
    },
    "sigma_A": {
      "mean": 0.01253959071987409,
      "std": 0.0017636745022236902,
      "q05": 0.010057298759364395,
      "q95": 0.01575850824295651,
      "psrf": 1.0127649955611604,
      "ess": 988.4666495717572
    },
    "sigma_C": {
      "mean": 0.02264025693750983,
      "std": 0.00258628102080983,
      "q05": 0.01858142783358187,
      "q95": 0.02711136237275911,
      "psrf": 1.0006581528648824,
      "ess": 2224.2466769486155
    },
    "sigma_O": {
      "mean": 0.08709334043842434,
      "std": 0.007438189321041963,
      "q05": 0.075724597932042,
      "q95": 0.10005078830419242,
      "psrf": 1.0048109319569587,
      "ess": 956.6381303851246
    },
    "sigma_Ys": {
      "mean": 0.005854320107342618,
      "std": 0.0007771715789490957,
      "q05": 0.004683537298226224,
      "q95": 0.007208680443931255,
      "psrf": 1.0024072557898633,
      "ess": 3769.1259865020174
    },
    "sigma_i": {
      "mean": 0.0002617124046722387,
      "std": 2.460421287879136e-05,
      "q05": 0.00022390497948077454,
      "q95": 0.0003040379986944603,
      "psrf": 1.000242150427929,
      "ess": 4163.935764327218
    },
    "sigma_P": {
      "mean": 0.004551657405584015,
      "std": 0.0003824080406012854,
      "q05": 0.003956519813538313,
      "q95": 0.0052104839470995925,
      "psrf": 1.00092065496691,
      "ess": 4384.13307735791
    },
    "sigma_H": {
      "mean": 0.09640214782483855,
      "std": 0.011286393908400383,
      "q05": 0.07876945816986228,
      "q95": 0.11566777001210403,
      "psrf": 1.0040760397672885,
      "ess": 2881.12086576529
    },
    "psi_R": {
      "mean": 0.9110572214528438,
      "std": 0.005989850763167378,
      "q05": 0.8993921830530764,
      "q95": 0.9182983978772021,
      "psrf": 1.0195409603323433,
      "ess": 641.7295064707711
    },
    "psi_P1": {
      "mean": 0.16739013449656626,
      "std": 0.05581067792475718,
      "q05": 0.07869147963666415,
      "q95": 0.2636048069989823,
      "psrf": 1.0058333736119673,
      "ess": 2548.8934306035703
    },
    "psi_Y": {
      "mean": 0.20611058016658734,
      "std": 0.030270593739630515,
      "q05": 0.15718839811318105,
      "q95": 0.25599850150921094,
      "psrf": 1.0244489552736828,
      "ess": 506.5289884138095
    },
    "phi_I1": {
      "mean": 0.14262609539867474,
      "std": 0.03177401291408072,
      "q05": 0.10370689083540943,
      "q95": 0.20378662570623504,
      "psrf": 1.0342360658752632,
      "ess": 576.4452461923339
    },
    "phi_I2": {
      "mean": 6.020502681308737,
      "std": 2.291784556926351,
      "q05": 2.217897106814989,
      "q95": 9.869013025987043,
      "psrf": 1.0296213208109701,
      "ess": 824.6608281404725
    },
    "phi_u": {
      "mean": 0.030081380082187862,
      "std": 0.01742287827289522,
      "q05": 0.011115036369616395,
      "q95": 0.0654920381715831,
      "psrf": 1.002885240045174,
      "ess": 1580.9679380220161
    },
    "sigma_rp": {
      "mean": 0.006,
      "std": 0.0,
      "q05": 0.006,
      "q95": 0.006,
      "psrf": 1.0,
      "ess": 200000,
      "note": "FAST (PE-godkjent 2026-05-24)"
    }
  }
}