{
  "summary": {
    "rho_A": {
      "mean": 0.01573595780885857,
      "std": 0.004047132103694176,
      "p5": 0.011030118194738439,
      "p50": 0.014804628949706376,
      "p95": 0.023688457249414804,
      "km": 0.804,
      "psrf": 1.0032685749331889,
      "ess": 1003.5855504000186
    },
    "rho_C": {
      "mean": 0.06847072330159047,
      "std": 0.04338146048467124,
      "p5": 0.020077232559538027,
      "p50": 0.05818287203482938,
      "p95": 0.15157944105081828,
      "km": 0.725,
      "psrf": 1.0031537920766254,
      "ess": 1013.6189533462481
    },
    "rho_O": {
      "mean": 0.1082154271466249,
      "std": 0.05982682186162382,
      "p5": 0.03067958733645117,
      "p50": 0.09792125141414251,
      "p95": 0.22265358939833296,
      "km": 0.874,
      "psrf": 1.0030537502577117,
      "ess": 1725.481094330666
    },
    "rho_Ys": {
      "mean": 0.2605641439801252,
      "std": 0.09784693892982413,
      "p5": 0.1060185558532336,
      "p50": 0.2566448808001261,
      "p95": 0.4285699274192045,
      "km": 0.783,
      "psrf": 1.0007198397558654,
      "ess": 2012.7885930125615
    },
    "rho_rp": {
      "mean": 0.9404908400182447,
      "std": 0.028878709968872623,
      "p5": 0.8884146012957668,
      "p50": 0.9437328331847925,
      "p95": 0.9820560803101613,
      "km": 0.737,
      "psrf": 1.001410706520565,
      "ess": 2404.541630903856
    },
    "rho_H": {
      "mean": 0.541197507995531,
      "std": 0.08796893209339876,
      "p5": 0.41057155498800163,
      "p50": 0.5330609403418727,
      "p95": 0.6996456884074298,
      "km": 0.694,
      "psrf": 1.0015625533088306,
      "ess": 1266.758969254033
    },
    "sigma_C": {
      "mean": 0.0986847721136926,
      "std": 0.007580380716814798,
      "p5": 0.08711350196836569,
      "p50": 0.09827618047029178,
      "p95": 0.11189041524593449,
      "km": 0.03,
      "psrf": 1.0023237815084425,
      "ess": 1844.8732001932697
    },
    "sigma_O": {
      "mean": 0.1076934058458651,
      "std": 0.009794782328968394,
      "p5": 0.0924588095677196,
      "p50": 0.10718649152868095,
      "p95": 0.12470167980857462,
      "km": 0.079,
      "psrf": 1.0017315224283632,
      "ess": 1506.6812888766408
    },
    "sigma_Ys": {
      "mean": 0.01585236016939121,
      "std": 0.0012918289729317392,
      "p5": 0.013870843870629713,
      "p50": 0.015767022018969377,
      "p95": 0.01809779578383479,
      "km": 0.011,
      "psrf": 1.002671849561266,
      "ess": 1702.9544055044246
    },
    "sigma_i": {
      "mean": 0.00032569181444559183,
      "std": 2.9116744201783725e-05,
      "p5": 0.0002808727336057821,
      "p50": 0.0003243025356990002,
      "p95": 0.00037662329222064533,
      "km": 0.0003,
      "psrf": 1.0016586852403988,
      "ess": 1901.4328898432743
    },
    "sigma_P": {
      "mean": 0.006692731298949471,
      "std": 0.0005774579651889548,
      "p5": 0.005815112617504661,
      "p50": 0.006653733706324823,
      "p95": 0.007692275670358652,
      "km": 0.003,
      "psrf": 1.0018326604247307,
      "ess": 1693.9302412179388
    },
    "sigma_H": {
      "mean": 0.2890474637093907,
      "std": 0.026338042514463318,
      "p5": 0.24910884104500383,
      "p50": 0.28717765083876645,
      "p95": 0.33547020011721107,
      "km": 0.05,
      "psrf": 1.0007890026900752,
      "ess": 1745.4096310337616
    },
    "psi_R": {
      "mean": 0.9892682666896998,
      "std": 0.0005098185169426445,
      "p5": 0.9882802570671265,
      "p50": 0.989379207019341,
      "p95": 0.9898696431336206,
      "km": 0.666,
      "psrf": 1.0016832869749563,
      "ess": 1494.272885020343
    },
    "psi_P1": {
      "mean": 0.2946851302872065,
      "std": 0.09698472000014347,
      "p5": 0.13631488054458674,
      "p50": 0.2927722597653374,
      "p95": 0.4568897147193632,
      "km": 0.292,
      "psrf": 1.0004793861322885,
      "ess": 1611.346655461104
    },
    "psi_Y": {
      "mean": 0.304774423889296,
      "std": 0.04881631197377463,
      "p5": 0.2249909690419266,
      "p50": 0.30473017793026397,
      "p95": 0.38448287754840066,
      "km": 0.242,
      "psrf": 1.0006977111178426,
      "ess": 1482.6180365259513
    },
    "gamma_p": {
      "mean": 0.8076954272962341,
      "std": 0.06805586743240752,
      "p5": 0.6839639604840421,
      "p50": 0.8158363027300215,
      "p95": 0.903977354334734,
      "km": 0.35,
      "psrf": 1.0005018528128113,
      "ess": 1213.843464584093
    },
    "phi_I1": {
      "mean": 0.10012520701063694,
      "std": 0.0001216275865495729,
      "p5": 0.10000644186886175,
      "p50": 0.10008824622078968,
      "p95": 0.10036777293092215,
      "km": 12.54,
      "psrf": 1.0006858500342974,
      "ess": 2193.6780642627396
    },
    "phi_I2": {
      "mean": 64.11526232233871,
      "std": 39.32509250036037,
      "p5": 9.000905319769746,
      "p50": 59.18333487286188,
      "p95": 136.50581440816043,
      "km": 165.66,
      "psrf": 1.0011960245981648,
      "ess": 2420.8287812248504
    },
    "phi_O": {
      "mean": 0.25481104288800677,
      "std": 0.019792830306129272,
      "p5": 0.22372684636969817,
      "p50": 0.25393914127915407,
      "p95": 0.28828681222749064,
      "km": 0.15,
      "psrf": 1.0009968081121663,
      "ess": 1420.566331389949
    },
    "phi_H1": {
      "mean": 61.17097420404086,
      "std": 5.097257016085258,
      "p5": 52.71214069736996,
      "p50": 61.20680507918219,
      "p95": 69.57816296407158,
      "km": 60.73,
      "psrf": 1.0036362784113753,
      "ess": 702.3378591829844
    },
    "sigma_A": {
      "mean": 0.006,
      "std": 0.0,
      "p5": 0.006,
      "p50": 0.006,
      "p95": 0.006,
      "km": 0.006,
      "psrf": 1.0,
      "ess": Infinity,
      "fixed": true
    }
  },
  "meta": {
    "n_production": 200000,
    "burnin": 30000,
    "acc_rate": 0.249675,
    "final_scale": 0.8441750377410411,
    "n_recalibrations": 5,
    "recalib_log": [
      {
        "round": 0,
        "psrf_max": 4.507137031273377,
        "ess_min": 30.76843209509535,
        "scale_new": 3.0
      },
      {
        "round": 1,
        "psrf_max": 3.63783484314719,
        "ess_min": 20.92308590605672,
        "scale_new": 3.090699576330134
      },
      {
        "round": 2,
        "psrf_max": 2.3934274871958983,
        "ess_min": 23.16038369819925,
        "scale_new": 2.576917385504351
      },
      {
        "round": 3,
        "psrf_max": 1.6091278775408269,
        "ess_min": 28.798716364328566,
        "scale_new": 2.8850074567620614
      },
      {
        "round": 4,
        "psrf_max": 2.3696458177469544,
        "ess_min": 25.01507402092081,
        "scale_new": 2.6707213358223862
      }
    ],
    "psrf_final": 1.0036362784113753,
    "sigma_A_fixed": 0.006,
    "use_reparam": true,
    "ess_min": 702.3378591829844
  }
}