{
  "summary": {
    "rho_A": {
      "mean": 0.4565465107427725,
      "std": 0.224252246939214,
      "p5": 0.11453636301846729,
      "p50": 0.4408290191359402,
      "p95": 0.8422070858744182,
      "km": 0.804,
      "psrf": 1.0006363171784736,
      "ess": 1574.2268034214965
    },
    "rho_C": {
      "mean": 0.07867567181957756,
      "std": 0.05030026043321192,
      "p5": 0.021601077227711193,
      "p50": 0.06648686072441438,
      "p95": 0.17691684732189245,
      "km": 0.725,
      "psrf": 1.0006845045996615,
      "ess": 1732.52207387909
    },
    "rho_O": {
      "mean": 0.09242511354173709,
      "std": 0.05158919442039458,
      "p5": 0.027071898009886044,
      "p50": 0.08285018058723854,
      "p95": 0.19194409954985422,
      "km": 0.874,
      "psrf": 1.001234637255344,
      "ess": 1019.0107225307795
    },
    "rho_Ys": {
      "mean": 0.22343129624469832,
      "std": 0.09241645852467505,
      "p5": 0.08139949177603335,
      "p50": 0.21899049397500475,
      "p95": 0.3819243546490341,
      "km": 0.783,
      "psrf": 1.0010900728162628,
      "ess": 1278.6901191137915
    },
    "rho_rp": {
      "mean": 0.8111882740112042,
      "std": 0.20243532980385065,
      "p5": 0.3819359115540126,
      "p50": 0.8854056625839303,
      "p95": 0.9988968313483026,
      "km": 0.737,
      "psrf": 1.004141411865377,
      "ess": 956.809927380767
    },
    "rho_H": {
      "mean": 0.965272897153102,
      "std": 0.021337621962711016,
      "p5": 0.9267788793704242,
      "p50": 0.9679625462283447,
      "p95": 0.9946579950271472,
      "km": 0.694,
      "psrf": 1.0079200628898586,
      "ess": 1474.6514168057522
    },
    "sigma_C": {
      "mean": 0.10385346115834065,
      "std": 0.00821951860516517,
      "p5": 0.0912381664300985,
      "p50": 0.10339201667360405,
      "p95": 0.11818932630883232,
      "km": 0.03,
      "psrf": 1.0008764131140526,
      "ess": 1341.5318196445073
    },
    "sigma_O": {
      "mean": 0.15093377924030316,
      "std": 0.011861420032482802,
      "p5": 0.13222823731964523,
      "p50": 0.15045098485510047,
      "p95": 0.17130182963746154,
      "km": 0.079,
      "psrf": 1.0009119790119416,
      "ess": 1485.4038425026843
    },
    "sigma_Ys": {
      "mean": 0.0172880769532211,
      "std": 0.0013956540473190932,
      "p5": 0.015101965940482655,
      "p50": 0.017224449709191625,
      "p95": 0.01971193414357198,
      "km": 0.011,
      "psrf": 1.0041699304753815,
      "ess": 1325.531203717201
    },
    "sigma_i": {
      "mean": 0.0009389428832132983,
      "std": 9.081197734401513e-05,
      "p5": 0.0008007390086125661,
      "p50": 0.0009333136254459162,
      "p95": 0.0011005173895945598,
      "km": 0.0003,
      "psrf": 1.0014588324171902,
      "ess": 1154.0092796480944
    },
    "sigma_P": {
      "mean": 0.007358253724679104,
      "std": 0.0005921517302159594,
      "p5": 0.006460665228936827,
      "p50": 0.007328302767781283,
      "p95": 0.008400352830867012,
      "km": 0.003,
      "psrf": 1.0003758845150306,
      "ess": 1560.8733928272102
    },
    "sigma_H": {
      "mean": 0.310610646860805,
      "std": 0.027068170560435444,
      "p5": 0.2690916986248075,
      "p50": 0.309217414529227,
      "p95": 0.3583155143924447,
      "km": 0.05,
      "psrf": 1.0015533818714097,
      "ess": 1388.969196529788
    },
    "psi_R": {
      "mean": 0.9486269407461956,
      "std": 0.0009913876838370454,
      "p5": 0.9466823931148765,
      "p50": 0.9488706195881713,
      "p95": 0.9497632410177886,
      "km": 0.666,
      "psrf": 1.0008597508646215,
      "ess": 772.991538940809
    },
    "psi_P1": {
      "mean": 0.2952786969571273,
      "std": 0.09336581708968572,
      "p5": 0.14202024358818446,
      "p50": 0.294313482119397,
      "p95": 0.4485265271997622,
      "km": 0.292,
      "psrf": 1.0021032121325604,
      "ess": 1378.067959584317
    },
    "psi_Y": {
      "mean": 0.4404867344763881,
      "std": 0.04588403528432182,
      "p5": 0.3633634923343433,
      "p50": 0.44143503488826175,
      "p95": 0.5152913624695336,
      "km": 0.242,
      "psrf": 1.0010584759709225,
      "ess": 1659.1755617372835
    },
    "gamma_p": {
      "mean": 0.21586597832270635,
      "std": 0.11421755445130431,
      "p5": 0.06628194005756857,
      "p50": 0.1967352316376987,
      "p95": 0.43150479335127934,
      "km": 0.35,
      "psrf": 1.001406426462997,
      "ess": 1335.7688362371828
    },
    "phi_I2": {
      "mean": 64.49256944480791,
      "std": 38.42475353114145,
      "p5": 9.102920610816009,
      "p50": 61.37511476618302,
      "p95": 133.9426661537806,
      "km": 165.66,
      "psrf": 1.0033444920948285,
      "ess": 1030.289965371989
    },
    "rho_s": {
      "mean": 0.054506696917264015,
      "std": 0.0030736311243613396,
      "p5": 0.050847931692133384,
      "p50": 0.05386252663605725,
      "p95": 0.06046966318020502,
      "km": 0.5,
      "psrf": 1.0017767599080245,
      "ess": 721.6938659247303
    },
    "sigma_A": {
      "mean": 0.006,
      "std": 0.0,
      "p5": 0.006,
      "p50": 0.006,
      "p95": 0.006,
      "km": 0.006,
      "psrf": 1.0,
      "ess": Infinity,
      "fixed": true
    }
  },
  "meta": {
    "n_production": 200000,
    "burnin": 15000,
    "acc_rate": 0.220515,
    "final_scale": 0.7574649156384881,
    "n_recalibrations": 6,
    "recalib_log": [
      {
        "round": 0,
        "psrf_max": 2.545388479204127,
        "ess_min": 16.39295468325047,
        "scale_new": 3.0
      },
      {
        "round": 1,
        "psrf_max": 1.6806847113084302,
        "ess_min": 19.419286281685416,
        "scale_new": 3.091156992
      },
      {
        "round": 2,
        "psrf_max": 1.6622944425570159,
        "ess_min": 18.515811790594512,
        "scale_new": 2.2750598926644017
      },
      {
        "round": 3,
        "psrf_max": 1.0907887178710045,
        "ess_min": 52.29768573961527,
        "scale_new": 2.4069463891416296
      },
      {
        "round": 4,
        "psrf_max": 1.1042122512175123,
        "ess_min": 43.50894385739098,
        "scale_new": 2.1220653497525754
      },
      {
        "round": 5,
        "psrf_max": 1.1193320615743696,
        "ess_min": 40.97697321206621,
        "scale_new": 2.3720116455931097
      }
    ],
    "psrf_final": 1.0079200628898586,
    "sigma_A_fixed": 0.006,
    "use_reparam": false,
    "ess_min": 721.6938659247303
  }
}