{
  "summary": {
    "rho_A": {
      "mean": 0.04721053819478606,
      "std": 0.02213113036558193,
      "p5": 0.01785468010161087,
      "p50": 0.0435471892996209,
      "p95": 0.0895606068418929,
      "km": 0.804,
      "psrf": 1.009001185990666,
      "ess": 554.7929258643859
    },
    "rho_C": {
      "mean": 0.0921200679565541,
      "std": 0.03157342307025652,
      "p5": 0.04360726948261549,
      "p50": 0.08993671845665907,
      "p95": 0.14726553001907827,
      "km": 0.725,
      "psrf": 1.0549984669727406,
      "ess": 479.6723201346591
    },
    "rho_O": {
      "mean": 0.11792658285459631,
      "std": 0.055103064261943065,
      "p5": 0.03896104775633761,
      "p50": 0.11239460986865563,
      "p95": 0.21726633496087977,
      "km": 0.874,
      "psrf": 1.041530898282911,
      "ess": 1101.0753638989586
    },
    "rho_Ys": {
      "mean": 0.2532530853114662,
      "std": 0.08598362846163563,
      "p5": 0.11503879751676878,
      "p50": 0.25200379173265663,
      "p95": 0.3978408246357241,
      "km": 0.783,
      "psrf": 1.0178837063042887,
      "ess": 1495.1513868884556
    },
    "rho_rp": {
      "mean": 0.8808615919419119,
      "std": 0.11956501200113927,
      "p5": 0.6385880680364854,
      "p50": 0.9188586547761053,
      "p95": 0.9984942459042527,
      "km": 0.737,
      "psrf": 1.0156422433220786,
      "ess": 373.17914508926555
    },
    "rho_H": {
      "mean": 0.9640730135405244,
      "std": 0.016196718568869343,
      "p5": 0.9346625301700766,
      "p50": 0.9660828350449167,
      "p95": 0.9869825897490881,
      "km": 0.694,
      "psrf": 1.056015882407021,
      "ess": 786.6086066512446
    },
    "sigma_A": {
      "mean": 0.006,
      "std": 0.0,
      "p5": 0.006,
      "p50": 0.006,
      "p95": 0.006,
      "km": 0.006,
      "psrf": 1.0,
      "ess": Infinity,
      "fixed": true
    },
    "sigma_C": {
      "mean": 0.11967155735700588,
      "std": 0.008679326442654406,
      "p5": 0.10612480225186338,
      "p50": 0.11915332873811199,
      "p95": 0.13434022122871772,
      "km": 0.03,
      "psrf": 1.0140363109317783,
      "ess": 1074.6760160823703
    },
    "sigma_O": {
      "mean": 0.1160427045667899,
      "std": 0.007775355106108089,
      "p5": 0.103806783237328,
      "p50": 0.11577445219263792,
      "p95": 0.12928309757986348,
      "km": 0.079,
      "psrf": 1.0162114424901547,
      "ess": 1913.4129011323116
    },
    "sigma_Ys": {
      "mean": 0.01599019051238842,
      "std": 0.0012814767523331436,
      "p5": 0.013990347655928522,
      "p50": 0.0159266770540462,
      "p95": 0.018178477011371447,
      "km": 0.011,
      "psrf": 1.0025598957827888,
      "ess": 1321.6251533449672
    },
    "sigma_i": {
      "mean": 0.00029603548676751155,
      "std": 2.6728679458359414e-05,
      "p5": 0.00025474293677546923,
      "p50": 0.0002944478764520985,
      "p95": 0.000343257684105413,
      "km": 0.0003,
      "psrf": 1.0006373311974879,
      "ess": 2348.849483890563
    },
    "sigma_P": {
      "mean": 0.006825167703201791,
      "std": 0.0005664448099154652,
      "p5": 0.005971704110284561,
      "p50": 0.006792225881564718,
      "p95": 0.007812196651395436,
      "km": 0.003,
      "psrf": 1.0014571048941856,
      "ess": 1720.1801471022611
    },
    "sigma_H": {
      "mean": 0.3093813157448427,
      "std": 0.025020536080945968,
      "p5": 0.2699909852155339,
      "p50": 0.30834350333516997,
      "p95": 0.3519574250556448,
      "km": 0.05,
      "psrf": 1.311762078570131,
      "ess": 329.9808648887378
    },
    "psi_R": {
      "mean": 0.9563973316472897,
      "std": 0.006323724072181176,
      "p5": 0.9450528603228103,
      "p50": 0.9569372983556002,
      "p95": 0.9656969125938114,
      "km": 0.666,
      "psrf": 1.076164213050182,
      "ess": 657.4923895577523
    },
    "psi_P1": {
      "mean": 0.2666801104046515,
      "std": 0.07256490704343636,
      "p5": 0.14550955039143212,
      "p50": 0.26656963715067805,
      "p95": 0.3847903198779734,
      "km": 0.292,
      "psrf": 1.0127233510015095,
      "ess": 1808.9214427880584
    },
    "psi_Y": {
      "mean": 0.10297845150737478,
      "std": 0.017328765717222545,
      "p5": 0.07505025608272362,
      "p50": 0.10283438045896957,
      "p95": 0.131366358407136,
      "km": 0.242,
      "psrf": 1.0036552296720165,
      "ess": 1199.1126741080416
    },
    "gamma_p": {
      "mean": 0.0949993625220923,
      "std": 0.048497427582255066,
      "p5": 0.029618301582093533,
      "p50": 0.08789205150759435,
      "p95": 0.18617087042370672,
      "km": 0.35,
      "psrf": 1.0306792663467026,
      "ess": 789.9564884376854
    },
    "phi_I1": {
      "mean": 0.1028193048399134,
      "std": 0.0026535008518210985,
      "p5": 0.10015227592009382,
      "p50": 0.10201928362173093,
      "p95": 0.10827712255474682,
      "km": 4.0,
      "psrf": 1.0064392927497907,
      "ess": 778.562603860705
    },
    "phi_I2": {
      "mean": 7.2066031291539545,
      "std": 3.3812450242443632,
      "p5": 1.8565530357955902,
      "p50": 7.075706886517572,
      "p95": 13.065182639442408,
      "km": 8.0,
      "psrf": 1.0087821458888722,
      "ess": 1485.821596036296
    },
    "phi_u": {
      "mean": 0.30767928318081794,
      "std": 0.023341399450209244,
      "p5": 0.2687177254008703,
      "p50": 0.30815112461955824,
      "p95": 0.34577043631511206,
      "km": 0.2192,
      "psrf": 1.018821103961414,
      "ess": 1308.3998124027771
    },
    "rho_s": {
      "mean": 0.008635382152785951,
      "std": 0.004955623463944854,
      "p5": 0.002494926862965435,
      "p50": 0.007608864636443259,
      "p95": 0.018222743177001236,
      "km": 0.01,
      "psrf": 1.0642834440550049,
      "ess": 623.643602623221
    }
  },
  "meta": {
    "n_production": 200000,
    "burnin": 20000,
    "acc_rate": 0.26084,
    "final_scale": 0.9005403778488134,
    "n_recalibrations": 5,
    "recalib_log": [
      {
        "round": 0,
        "psrf_max": 1.256638751048618,
        "ess_min": 24.864852940110293,
        "scale_new": 3.0
      },
      {
        "round": 1,
        "psrf_max": 1.7951354953709884,
        "ess_min": 19.26569763524925,
        "scale_new": 3.6787718464383374
      },
      {
        "round": 2,
        "psrf_max": 1.6955863793229469,
        "ess_min": 20.89088000002884,
        "scale_new": 2.6154457131546334
      },
      {
        "round": 3,
        "psrf_max": 1.1271845522346322,
        "ess_min": 35.21237194647066,
        "scale_new": 1.9480134546973416
      },
      {
        "round": 4,
        "psrf_max": 1.0912364085145079,
        "ess_min": 53.49406123659124,
        "scale_new": 2.3939889331225794
      }
    ],
    "psrf_final": 1.311762078570131,
    "sigma_A_fixed": 0.006,
    "use_reparam": false,
    "ess_min": 329.9808648887378
  }
}