{
  "summary": {
    "rho_A": {
      "mean": 0.05796966003998283,
      "std": 0.034208405463567994,
      "q025": 0.01564391512756349,
      "q975": 0.14496709979889927,
      "psrf": 1.000874797250437,
      "ess": 1639.3120458754001
    },
    "rho_C": {
      "mean": 0.0826504657306418,
      "std": 0.05238822699909727,
      "q025": 0.018603497116949107,
      "q975": 0.213172310325498,
      "psrf": 1.0021433833303643,
      "ess": 876.9987822949518
    },
    "rho_O": {
      "mean": 0.09549288813617791,
      "std": 0.053452789159985366,
      "q025": 0.021725840979543963,
      "q975": 0.2272631437020998,
      "psrf": 1.0004400993053009,
      "ess": 945.6953585984998
    },
    "rho_Ys": {
      "mean": 0.23786502305552518,
      "std": 0.09765770028559359,
      "q025": 0.06767943449389562,
      "q975": 0.4472345544401055,
      "psrf": 1.0005836755289468,
      "ess": 2218.9982959307536
    },
    "rho_rp": {
      "mean": 0.12054348306589958,
      "std": 0.08152834004545834,
      "q025": 0.02295288639747528,
      "q975": 0.3306840301224954,
      "psrf": 1.0001599299355248,
      "ess": 877.4527344380266
    },
    "rho_H": {
      "mean": 0.8949087738506074,
      "std": 0.027126325069264566,
      "q025": 0.8327892143848707,
      "q975": 0.9364763758604719,
      "psrf": 1.0002227618983859,
      "ess": 1769.7773424639738
    },
    "sigma_C": {
      "mean": 0.10652626780335957,
      "std": 0.008725928544846322,
      "q025": 0.09108016588761178,
      "q975": 0.12488645535558943,
      "psrf": 1.0004890991876942,
      "ess": 2012.538909208554
    },
    "sigma_O": {
      "mean": 0.13904569812854375,
      "std": 0.011467986031875058,
      "q025": 0.11835331664749506,
      "q975": 0.16307213487718217,
      "psrf": 1.0005775474432783,
      "ess": 2011.0392622312984
    },
    "sigma_Ys": {
      "mean": 0.0167910796885428,
      "std": 0.0013727939450397164,
      "q025": 0.01430451166067737,
      "q975": 0.019703608491770858,
      "psrf": 1.0002793090136015,
      "ess": 2166.1868363011895
    },
    "sigma_i": {
      "mean": 0.00035509596494499217,
      "std": 3.441243931439305e-05,
      "q025": 0.00029339157287998927,
      "q975": 0.0004291435636386493,
      "psrf": 1.0001331586941127,
      "ess": 2095.723875742051
    },
    "sigma_P": {
      "mean": 0.008492265135210984,
      "std": 0.0007398146010994799,
      "q025": 0.00716930635596222,
      "q975": 0.010052370256362778,
      "psrf": 1.0005721469223425,
      "ess": 1136.4076690172055
    },
    "sigma_H": {
      "mean": 0.35190685677217776,
      "std": 0.031028242219070003,
      "q025": 0.29621831556999606,
      "q975": 0.4175931055286511,
      "psrf": 1.0010421425746332,
      "ess": 1985.982812039402
    },
    "psi_R": {
      "mean": 0.9895255298275912,
      "std": 0.0003321072337065888,
      "q025": 0.9886698980591562,
      "q975": 0.9899327343044877,
      "psrf": 1.0021943013282093,
      "ess": 2052.86051450156
    },
    "psi_P1": {
      "mean": 0.24875234918334535,
      "std": 0.09782939670494732,
      "q025": 0.07517915059557277,
      "q975": 0.44932275540490857,
      "psrf": 1.0012305558843784,
      "ess": 1817.8557384661428
    },
    "psi_Y": {
      "mean": 0.3026433021173275,
      "std": 0.0528637926558739,
      "q025": 0.19829096165211535,
      "q975": 0.40516058332943866,
      "psrf": 1.0016158341057957,
      "ess": 1753.2731905123019
    },
    "gamma_p": {
      "mean": 0.7756972579346862,
      "std": 0.08423175851705551,
      "q025": 0.5878622930745836,
      "q975": 0.9081796421098759,
      "psrf": 1.000578520074068,
      "ess": 2329.0646123527113
    },
    "phi_I2": {
      "mean": 63.27188441468048,
      "std": 39.26043043243015,
      "q025": 4.7484810973321885,
      "q975": 148.8173648104056,
      "psrf": 1.0007659282853918,
      "ess": 1542.1109363191451
    },
    "phi_O": {
      "mean": 0.1711285559608485,
      "std": 0.013280690321432167,
      "q025": 0.14612085853200946,
      "q975": 0.19827865725042032,
      "psrf": 1.0008383059854795,
      "ess": 1421.363194056533
    },
    "phi_H1": {
      "mean": 60.677140010539055,
      "std": 4.939815385839092,
      "q025": 50.96710525269418,
      "q975": 70.42445336919562,
      "psrf": 1.0002795741154789,
      "ess": 2235.258042275634
    },
    "kappa_rp_endo": {
      "mean": 0.04307005557501018,
      "std": 0.016421963449648195,
      "q025": 0.018121049752876813,
      "q975": 0.08173341241870341,
      "psrf": 1.0011260087242606,
      "ess": 1718.13935276505
    },
    "rho_rp_endo": {
      "mean": 0.9190565960264141,
      "std": 0.017701866779436658,
      "q025": 0.8783874864382182,
      "q975": 0.9450662956174902,
      "psrf": 1.0002113266481025,
      "ess": 1191.0689512069025
    }
  },
  "meta": {
    "n_production": 192000,
    "stopped_early_by_PE": true,
    "psrf_max": 1.0021943013282093,
    "ess_min": 876.9987822949518,
    "ess_min_over_n": 0.00456770199111954
  }
}