{
  "summary": {
    "rho_A": {
      "mean": 0.14349398398759033,
      "std": 0.05940816265326951,
      "q025": 0.05265401200475867,
      "q975": 0.2812399294309068
    },
    "rho_C": {
      "mean": 0.23959039389462491,
      "std": 0.06415520582709708,
      "q025": 0.14421040062977533,
      "q975": 0.38949160192103943
    },
    "rho_O": {
      "mean": 0.24583203595843603,
      "std": 0.0585240967198807,
      "q025": 0.15162263760330905,
      "q975": 0.3754627403448217
    },
    "rho_Ys": {
      "mean": 0.3405163262037989,
      "std": 0.07770927968448536,
      "q025": 0.20293131083984617,
      "q975": 0.5043913333483214
    },
    "rho_rp": {
      "mean": 0.17713139060245187,
      "std": 0.07916801991127692,
      "q025": 0.057777705174591486,
      "q975": 0.3538023977872048
    },
    "rho_H": {
      "mean": 0.9662993866539583,
      "std": 0.015935030348790413,
      "q025": 0.9270285766412841,
      "q975": 0.9869755392383854
    },
    "sigma_C": {
      "mean": 0.10963504183653633,
      "std": 0.008795875197787899,
      "q025": 0.09400964216614531,
      "q975": 0.12829776454669511
    },
    "sigma_O": {
      "mean": 0.15103693143766228,
      "std": 0.011835153907803295,
      "q025": 0.12970640333813863,
      "q975": 0.17592102756673433
    },
    "sigma_Ys": {
      "mean": 0.017013489924325394,
      "std": 0.001399383382679442,
      "q025": 0.014530944215575528,
      "q975": 0.020025726557743227
    },
    "sigma_i": {
      "mean": 0.0003449592535516994,
      "std": 3.2157016908028055e-05,
      "q025": 0.0002872007185412287,
      "q975": 0.0004133184751170155
    },
    "sigma_P": {
      "mean": 0.007103579498383631,
      "std": 0.0005726503494115013,
      "q025": 0.006067663013769797,
      "q975": 0.008293980091020626
    },
    "sigma_H": {
      "mean": 0.3374382590866159,
      "std": 0.02967188532935309,
      "q025": 0.284959233797492,
      "q975": 0.40127507808714447
    },
    "psi_R": {
      "mean": 0.9894482033105407,
      "std": 0.0003858988101756984,
      "q025": 0.9884642466924665,
      "q975": 0.9899272764490963
    },
    "psi_R2": {
      "mean": -0.0002917673026411585,
      "std": 0.00029366207204193696,
      "q025": -0.0010647195789305597,
      "q975": -7.241730458669843e-06
    },
    "psi_P1": {
      "mean": 0.5778528636996076,
      "std": 0.1478206669936361,
      "q025": 0.2880544821660549,
      "q975": 0.8696911630040374
    },
    "psi_Y": {
      "mean": 0.2953865658763622,
      "std": 0.04976102987117695,
      "q025": 0.19910531269482923,
      "q975": 0.39297036924787565
    },
    "gamma_p": {
      "mean": 0.7219832649237715,
      "std": 0.049512953798693284,
      "q025": 0.6241830950766641,
      "q975": 0.8188855756958232
    },
    "phi_I1": {
      "mean": 0.49977666369333795,
      "std": 0.0009925614008511378,
      "q025": 0.4978346969602652,
      "q975": 0.5017091367053218
    },
    "phi_I2": {
      "mean": 64.63858148594029,
      "std": 39.82259061413557,
      "q025": 4.949745164655382,
      "q975": 151.3175525771358
    },
    "rho_s": {
      "mean": 0.0030229968897527277,
      "std": 0.0031276620213819134,
      "q025": 7.771765816895273e-05,
      "q975": 0.011397642150822345
    },
    "phi_H1": {
      "mean": 60.72996039127972,
      "std": 0.0010144845822335693,
      "q025": 60.72801605774361,
      "q975": 60.73195074958182
    }
  }
}