{
  "summary": {
    "rho_A": {
      "mean": 0.14056587936937465,
      "std": 0.05777206009097197,
      "q025": 0.05277190542625734,
      "q975": 0.27614521317944
    },
    "rho_C": {
      "mean": 0.23620285843910002,
      "std": 0.06073671721888069,
      "q025": 0.1449070406984745,
      "q975": 0.37953842787385383
    },
    "rho_O": {
      "mean": 0.2409591253230716,
      "std": 0.055266990720343134,
      "q025": 0.15120978758242032,
      "q975": 0.36219130894721635
    },
    "rho_Ys": {
      "mean": 0.3392341974357153,
      "std": 0.07780813238248697,
      "q025": 0.2012001284270685,
      "q975": 0.5064415427919567
    },
    "rho_rp": {
      "mean": 0.17453766605050958,
      "std": 0.07647549703518101,
      "q025": 0.058632027300803205,
      "q975": 0.34041434290504335
    },
    "rho_H": {
      "mean": 0.9649543037217385,
      "std": 0.016844337740388942,
      "q025": 0.9227974620423216,
      "q975": 0.9867164636510999
    },
    "sigma_C": {
      "mean": 0.10972301074502586,
      "std": 0.008519181281890116,
      "q025": 0.09450874553848367,
      "q975": 0.1276956533431581
    },
    "sigma_O": {
      "mean": 0.15162161415831404,
      "std": 0.012258247654181568,
      "q025": 0.12971952592039457,
      "q975": 0.17780802765184053
    },
    "sigma_Ys": {
      "mean": 0.017076700158286905,
      "std": 0.0013956205817071872,
      "q025": 0.01456828710203826,
      "q975": 0.02000013109671773
    },
    "sigma_i": {
      "mean": 0.0003405783314595649,
      "std": 3.160516727221238e-05,
      "q025": 0.0002846230596861636,
      "q975": 0.000407806574278892
    },
    "sigma_P": {
      "mean": 0.007090302463533757,
      "std": 0.0005846361786825978,
      "q025": 0.006055859271764258,
      "q975": 0.008341302433229184
    },
    "sigma_H": {
      "mean": 0.3389238403458093,
      "std": 0.0291215953537554,
      "q025": 0.2858634947780825,
      "q975": 0.3992543364842773
    },
    "psi_R": {
      "mean": 0.9894186309384377,
      "std": 0.0004029229803731655,
      "q025": 0.9884021771953874,
      "q975": 0.9899251450211735
    },
    "psi_P1": {
      "mean": 0.5777456715108735,
      "std": 0.14884154627002466,
      "q025": 0.28379030717666,
      "q975": 0.8663135806738667
    },
    "psi_Y": {
      "mean": 0.29542027097357254,
      "std": 0.04864908701871493,
      "q025": 0.2014566551229441,
      "q975": 0.39050807503354484
    },
    "gamma_p": {
      "mean": 0.7245835360298836,
      "std": 0.050212949873710166,
      "q025": 0.6258925770478785,
      "q975": 0.8222887650206887
    },
    "phi_I1": {
      "mean": 0.4997278764034039,
      "std": 0.0009882929449456907,
      "q025": 0.4977939227659482,
      "q975": 0.5016374320172644
    },
    "phi_I2": {
      "mean": 62.55205638522358,
      "std": 38.709274807326985,
      "q025": 4.798953469989976,
      "q975": 148.97528741748917
    },
    "rho_s": {
      "mean": 0.002955672217374265,
      "std": 0.002810686374400259,
      "q025": 7.019818589457647e-05,
      "q975": 0.010384251721018343
    },
    "phi_H1": {
      "mean": 60.73002380736992,
      "std": 0.000990624089019491,
      "q025": 60.728085199001235,
      "q975": 60.73198419311535
    }
  }
}