{
  "summary": {
    "rho_A": {
      "mean": 0.13206726073480363,
      "std": 0.052560745165306115,
      "q025": 0.05030777798679035,
      "q975": 0.2553313730919593
    },
    "rho_C": {
      "mean": 0.23714228519456898,
      "std": 0.06089113035943792,
      "q025": 0.14433640732741101,
      "q975": 0.3785867390186173
    },
    "rho_O": {
      "mean": 0.23464444744198765,
      "std": 0.052590542422937016,
      "q025": 0.1501921714046615,
      "q975": 0.35275287393486715
    },
    "rho_Ys": {
      "mean": 0.33812660578810494,
      "std": 0.07753299644959465,
      "q025": 0.20343229617765465,
      "q975": 0.5061609883746114
    },
    "rho_rp": {
      "mean": 0.32839172324908117,
      "std": 0.09605345579760008,
      "q025": 0.17561545346855859,
      "q975": 0.5478043578487941
    },
    "rho_H": {
      "mean": 0.9530993010963629,
      "std": 0.02343632360778695,
      "q025": 0.8982962658360479,
      "q975": 0.9852612794124391
    },
    "sigma_C": {
      "mean": 0.10615326225111825,
      "std": 0.008152109804784017,
      "q025": 0.09138429705982727,
      "q975": 0.12350086741737035
    },
    "sigma_O": {
      "mean": 0.15356163943134377,
      "std": 0.012152672997161133,
      "q025": 0.13150551946486536,
      "q975": 0.17935749709908985
    },
    "sigma_Ys": {
      "mean": 0.017132453893841347,
      "std": 0.0014093632180964117,
      "q025": 0.014601476497862819,
      "q975": 0.020083538705006704
    },
    "sigma_i": {
      "mean": 0.0009984741770736488,
      "std": 9.934547410699354e-05,
      "q025": 0.0008223774446097554,
      "q975": 0.0012096959429923207
    },
    "sigma_P": {
      "mean": 0.0070383922730240115,
      "std": 0.0005679703997847872,
      "q025": 0.006022635245126694,
      "q975": 0.00826238692992765
    },
    "sigma_H": {
      "mean": 0.32971215571447,
      "std": 0.029027211996172992,
      "q025": 0.2786298482991465,
      "q975": 0.3923308916334646
    },
    "psi_R": {
      "mean": 0.9491396121564364,
      "std": 0.0008412707078502074,
      "q025": 0.9469272313562905,
      "q975": 0.9499757908846108
    },
    "psi_P1": {
      "mean": 0.4650316514213811,
      "std": 0.1824125205962444,
      "q025": 0.14359794912049526,
      "q975": 0.8308586302863538
    },
    "psi_Y": {
      "mean": 0.39440925442815883,
      "std": 0.052581433054868766,
      "q025": 0.2924625612664487,
      "q975": 0.49688238471308266
    },
    "gamma_p": {
      "mean": 0.7232862450934916,
      "std": 0.050360021981646894,
      "q025": 0.6236948011974366,
      "q975": 0.8216473284309161
    },
    "phi_I1": {
      "mean": 0.49977723677768837,
      "std": 0.0009828261269137566,
      "q025": 0.49785973195046707,
      "q975": 0.5017532234384638
    },
    "phi_I2": {
      "mean": 59.10286747969164,
      "std": 37.28402913002781,
      "q025": 4.363246426882827,
      "q975": 143.99162584240307
    },
    "rho_s": {
      "mean": 0.0028650563859358887,
      "std": 0.002783328273314846,
      "q025": 7.996243969050237e-05,
      "q975": 0.010407473362706149
    },
    "phi_H1": {
      "mean": 60.73000922103783,
      "std": 0.0009739278992769569,
      "q025": 60.72804732669828,
      "q975": 60.73188255583448
    }
  }
}