{
  "summary": {
    "rho_A": {
      "mean": 0.1649480462749142,
      "std": 0.08333751216231308,
      "p5": 0.06722004180556425,
      "p50": 0.1493597341439523,
      "p95": 0.30904550056211866,
      "km": 0.804,
      "psrf": 1.0027369677536642,
      "ess": 772.1588090143157
    },
    "rho_C": {
      "mean": 0.23055766026708094,
      "std": 0.05902790496422553,
      "p5": 0.1512078314142382,
      "p50": 0.22139538682204923,
      "p95": 0.34140445111877515,
      "km": 0.725,
      "psrf": 1.0009428698717326,
      "ess": 1812.86537581347
    },
    "rho_O": {
      "mean": 0.24844448370173827,
      "std": 0.06026073196627738,
      "p5": 0.16350381426942465,
      "p50": 0.24098485855693907,
      "p95": 0.35820724879009747,
      "km": 0.874,
      "psrf": 1.0020322467111256,
      "ess": 1481.9469697137274
    },
    "rho_Ys": {
      "mean": 0.3176529952051558,
      "std": 0.07359079101678798,
      "p5": 0.20568542192602554,
      "p50": 0.31251092165035455,
      "p95": 0.4478963345515494,
      "km": 0.783,
      "psrf": 1.0016759695491713,
      "ess": 1743.6640263644495
    },
    "rho_rp": {
      "mean": 0.6553474595272402,
      "std": 0.1439077530628433,
      "p5": 0.39791182319119933,
      "p50": 0.665813603691306,
      "p95": 0.8758295568307916,
      "km": 0.737,
      "psrf": 1.0009144766397577,
      "ess": 2461.394860656247
    },
    "rho_H": {
      "mean": 0.9431499246648829,
      "std": 0.02395874776209479,
      "p5": 0.8986300590551085,
      "p50": 0.9459938365444435,
      "p95": 0.977081579201075,
      "km": 0.694,
      "psrf": 1.0018371705477247,
      "ess": 1560.573623930849
    },
    "sigma_C": {
      "mean": 0.10740448463841938,
      "std": 0.008618330382469785,
      "p5": 0.09423529719625254,
      "p50": 0.10688928190468466,
      "p95": 0.12257048418072583,
      "km": 0.03,
      "psrf": 1.0019182114475533,
      "ess": 2017.7703813563758
    },
    "sigma_O": {
      "mean": 0.16170866340452128,
      "std": 0.01365711237758845,
      "p5": 0.14091413274083137,
      "p50": 0.16076829345424398,
      "p95": 0.18548477093245855,
      "km": 0.079,
      "psrf": 1.0021457797412796,
      "ess": 2037.224609670493
    },
    "sigma_Ys": {
      "mean": 0.0183198910664337,
      "std": 0.0014728294155013195,
      "p5": 0.01607440232865167,
      "p50": 0.018230431406875178,
      "p95": 0.020858197712498715,
      "km": 0.011,
      "psrf": 1.0009255684970837,
      "ess": 1992.6979841770706
    },
    "sigma_i": {
      "mean": 0.001768432135298188,
      "std": 0.00020290216308809067,
      "p5": 0.001456797384150195,
      "p50": 0.0017574572546636348,
      "p95": 0.002119593159061452,
      "km": 0.0003,
      "psrf": 1.0007038903261924,
      "ess": 2880.303890163546
    },
    "sigma_P": {
      "mean": 0.006971978947451492,
      "std": 0.0005860861325227826,
      "p5": 0.006069325658689333,
      "p50": 0.006938668134522964,
      "p95": 0.007990885372698502,
      "km": 0.003,
      "psrf": 1.0016554085932214,
      "ess": 1817.4549507009644
    },
    "sigma_H": {
      "mean": 0.3292396582839139,
      "std": 0.028679461899399673,
      "p5": 0.28536165464575264,
      "p50": 0.3275822380574679,
      "p95": 0.3788431968565794,
      "km": 0.05,
      "psrf": 1.0009261526160291,
      "ess": 2417.718808510989
    },
    "psi_R": {
      "mean": 0.9030397203808241,
      "std": 0.005663820969638526,
      "p5": 0.893674561091756,
      "p50": 0.9030301562670426,
      "p95": 0.9123277138511735,
      "km": 0.666,
      "psrf": 1.0006863571577584,
      "ess": 2383.198049836554
    },
    "psi_P1": {
      "mean": 0.290372817754723,
      "std": 0.09312347147501704,
      "p5": 0.13712309833763958,
      "p50": 0.28919522886066285,
      "p95": 0.4449769482482352,
      "km": 0.292,
      "psrf": 1.0007894044054073,
      "ess": 2003.5129783400769
    },
    "psi_Y": {
      "mean": 0.4461772338065537,
      "std": 0.05489079949734499,
      "p5": 0.3562100516131708,
      "p50": 0.446007638486456,
      "p95": 0.5366319203753226,
      "km": 0.242,
      "psrf": 1.0009382001816125,
      "ess": 2477.70471567256
    },
    "gamma_p": {
      "mean": 0.6131157874027344,
      "std": 0.05080034604080757,
      "p5": 0.5283475301192273,
      "p50": 0.6134812136262546,
      "p95": 0.6965781974074675,
      "km": 0.35,
      "psrf": 1.0013405635959753,
      "ess": 1535.6104777370022
    },
    "phi_I1": {
      "mean": 0.49975154422319357,
      "std": 0.0010094428659198254,
      "p5": 0.4980683077247053,
      "p50": 0.4997570141953451,
      "p95": 0.501412629234552,
      "km": 12.54,
      "psrf": 1.0005516241045125,
      "ess": 2319.141127510379
    },
    "phi_I2": {
      "mean": 65.51398114548094,
      "std": 40.712951319825386,
      "p5": 8.633394736194484,
      "p50": 60.50584503034077,
      "p95": 139.6679739265843,
      "km": 165.66,
      "psrf": 1.0004331877689676,
      "ess": 1850.688466682161
    },
    "rho_s": {
      "mean": 0.30250105238815717,
      "std": 0.0024787550213916606,
      "p5": 0.3001306986115168,
      "p50": 0.3017587684918072,
      "p95": 0.30750012787747816,
      "km": 0.5,
      "psrf": 1.0006077484229619,
      "ess": 1420.7132490776528
    },
    "phi_H1": {
      "mean": 60.73003257411733,
      "std": 0.0010056619028785678,
      "p5": 60.72839074978799,
      "p50": 60.73002204869509,
      "p95": 60.731689587529864,
      "km": 60.73,
      "psrf": 1.0024388921743028,
      "ess": 1991.998844058668
    },
    "sigma_A": {
      "mean": 0.006,
      "std": 0.0,
      "p5": 0.006,
      "p50": 0.006,
      "p95": 0.006,
      "km": 0.006,
      "psrf": 1.0,
      "ess": Infinity,
      "fixed": true
    }
  },
  "meta": {
    "n_production": 200000,
    "burnin": 30000,
    "acc_rate": 0.27204,
    "final_scale": 0.8258165955616993,
    "n_recalibrations": 10,
    "recalib_log": [
      {
        "round": 0,
        "psrf_max": 1.382278526838196,
        "ess_min": 36.98065596368351,
        "scale_new": 3.0
      },
      {
        "round": 1,
        "psrf_max": 1.1679974277407361,
        "ess_min": 33.47576946754809,
        "scale_new": 2.8853742551040003
      },
      {
        "round": 2,
        "psrf_max": 1.0550031403786377,
        "ess_min": 128.6295070283083,
        "scale_new": 2.803159795291907
      },
      {
        "round": 3,
        "psrf_max": 1.0559465545341837,
        "ess_min": 109.5633063737197,
        "scale_new": 2.7459819805264374
      },
      {
        "round": 4,
        "psrf_max": 1.0296900472423645,
        "ess_min": 122.26302798993515,
        "scale_new": 2.689970457638742
      },
      {
        "round": 5,
        "psrf_max": 1.072527158529149,
        "ess_min": 125.29506302604119,
        "scale_new": 3.2464449704323926
      },
      {
        "round": 6,
        "psrf_max": 1.1731487175714685,
        "ess_min": 55.08123993887407,
        "scale_new": 2.798598166256782
      },
      {
        "round": 7,
        "psrf_max": 1.051764711341091,
        "ess_min": 103.38664562703512,
        "scale_new": 2.3777913323824955
      },
      {
        "round": 8,
        "psrf_max": 1.0307196666459657,
        "ess_min": 98.55662149542385,
        "scale_new": 2.9762736234925966
      },
      {
        "round": 9,
        "psrf_max": 1.205274832616317,
        "ess_min": 57.983031842709245,
        "scale_new": 2.5003518395958193
      }
    ],
    "psrf_final": 1.0027369677536642,
    "sigma_A_fixed": 0.006,
    "use_reparam": false,
    "ess_min": 772.1588090143157
  }
}