{
  "summary": {
    "rho_A": {
      "mean": 0.14995381923010506,
      "std": 0.08518715109658526,
      "p5": 0.03920217591110768,
      "p50": 0.13507634552851344,
      "p95": 0.313484320226312,
      "km": 0.804,
      "psrf": 1.0326203302614172,
      "ess": 447.35473564807666
    },
    "rho_C": {
      "mean": 0.22167020231647555,
      "std": 0.10401583261469362,
      "p5": 0.06916789435582345,
      "p50": 0.21112780089347186,
      "p95": 0.41404326111451073,
      "km": 0.725,
      "psrf": 1.0461705407038302,
      "ess": 250.15894926245693
    },
    "rho_O": {
      "mean": 0.2434502935266728,
      "std": 0.09995821171408713,
      "p5": 0.08882504774745312,
      "p50": 0.23760280187853294,
      "p95": 0.41422602539862163,
      "km": 0.874,
      "psrf": 1.0079429212626045,
      "ess": 355.57027538202635
    },
    "rho_Ys": {
      "mean": 0.8317281581775696,
      "std": 0.08224745803961984,
      "p5": 0.6892435571884694,
      "p50": 0.835798679363498,
      "p95": 0.9639714142401741,
      "km": 0.783,
      "psrf": 1.0072655339916208,
      "ess": 606.6780354938312
    },
    "rho_rp": {
      "mean": 0.7479816703372076,
      "std": 0.2374493360689826,
      "p5": 0.28021542684661643,
      "p50": 0.8217042932874932,
      "p95": 0.9973802747236923,
      "km": 0.737,
      "psrf": 1.0273820123925466,
      "ess": 181.13791436952278
    },
    "rho_H": {
      "mean": 0.5173419867645852,
      "std": 0.1229639921894221,
      "p5": 0.311548245456917,
      "p50": 0.5200518466321176,
      "p95": 0.7173126767437734,
      "km": 0.694,
      "psrf": 1.0149373713383245,
      "ess": 756.8929908812177
    },
    "sigma_A": {
      "mean": 0.006,
      "std": 0.0,
      "p5": 0.006,
      "p50": 0.006,
      "p95": 0.006,
      "km": 0.006,
      "psrf": 1.0,
      "ess": Infinity,
      "fixed": true
    },
    "sigma_C": {
      "mean": 0.020392276822681275,
      "std": 0.0027332637556366926,
      "p5": 0.016157675099366095,
      "p50": 0.020258755893899662,
      "p95": 0.02518865858909582,
      "km": 0.03,
      "psrf": 1.0057855200020418,
      "ess": 412.12743389281377
    },
    "sigma_O": {
      "mean": 0.09351231570594919,
      "std": 0.008910382957145024,
      "p5": 0.07965436733882414,
      "p50": 0.09306956037366387,
      "p95": 0.10893096171953526,
      "km": 0.079,
      "psrf": 1.0080307299847147,
      "ess": 658.180909190123
    },
    "sigma_Ys": {
      "mean": 0.005910522188215925,
      "std": 0.000836130986407519,
      "p5": 0.004665549342539176,
      "p50": 0.005837317248887038,
      "p95": 0.007377106075958941,
      "km": 0.011,
      "psrf": 1.0307724375508156,
      "ess": 248.29425133412826
    },
    "sigma_i": {
      "mean": 0.0002476507503143229,
      "std": 2.4064774189814397e-05,
      "p5": 0.00020963946459154077,
      "p50": 0.0002466648438735465,
      "p95": 0.00028872034457469366,
      "km": 0.0003,
      "psrf": 1.0042684474218153,
      "ess": 1337.078756457381
    },
    "sigma_P": {
      "mean": 0.004624102640439457,
      "std": 0.00044257461436972284,
      "p5": 0.003946356932731472,
      "p50": 0.004599463528194566,
      "p95": 0.005398292236624311,
      "km": 0.003,
      "psrf": 1.0010243663936196,
      "ess": 998.3958497295118
    },
    "sigma_H": {
      "mean": 0.09515716221006773,
      "std": 0.012775503059924991,
      "p5": 0.07530727168554133,
      "p50": 0.09448118152116913,
      "p95": 0.11710603288261708,
      "km": 0.05,
      "psrf": 1.0102187400320841,
      "ess": 828.1842933305827
    },
    "psi_R": {
      "mean": 0.9408404662755221,
      "std": 0.011527379973291296,
      "p5": 0.9206158081186496,
      "p50": 0.9414365489876054,
      "p95": 0.9588306586858967,
      "km": 0.666,
      "psrf": 1.05431811700599,
      "ess": 337.98987762634874
    },
    "psi_P1": {
      "mean": 0.163812243637917,
      "std": 0.06967107683011649,
      "p5": 0.06568264376909098,
      "p50": 0.15616627727861482,
      "p95": 0.2906332962297291,
      "km": 0.292,
      "psrf": 1.0047554241028356,
      "ess": 503.6941247511133
    },
    "psi_Y": {
      "mean": 0.2684703267053079,
      "std": 0.04353749096805995,
      "p5": 0.1981881566854359,
      "p50": 0.2675849655567852,
      "p95": 0.3407639210163964,
      "km": 0.242,
      "psrf": 1.0132623385293256,
      "ess": 600.6108339112046
    },
    "gamma_p": {
      "mean": 0.22940441045097887,
      "std": 0.12450891220014433,
      "p5": 0.06616574880962388,
      "p50": 0.206263390173344,
      "p95": 0.4694641297374749,
      "km": 0.35,
      "psrf": 1.0017321149248302,
      "ess": 506.3447432640083
    },
    "phi_I1": {
      "mean": 0.14349653749805347,
      "std": 0.03437149505011868,
      "p5": 0.10322422076578365,
      "p50": 0.1356525329905144,
      "p95": 0.21140934890872412,
      "km": 4.0,
      "psrf": 1.0082443197115576,
      "ess": 550.3164098608004
    },
    "phi_I2": {
      "mean": 8.094477984817967,
      "std": 3.6573818522173305,
      "p5": 2.206407609757625,
      "p50": 7.942612170040478,
      "p95": 14.335664039623413,
      "km": 8.0,
      "psrf": 1.006130192390569,
      "ess": 1145.8234437481524
    },
    "phi_u": {
      "mean": 0.03913801381648687,
      "std": 0.02556471800733002,
      "p5": 0.012054220335647984,
      "p50": 0.03234793097108432,
      "p95": 0.08884506951462974,
      "km": 0.2192,
      "psrf": 1.0312892243980738,
      "ess": 335.80858592136343
    }
  },
  "meta": {
    "n_production": 100000,
    "burnin": 20000,
    "acc_rate": 0.25679,
    "final_scale": 0.9189292328298696,
    "n_recalibrations": 5,
    "recalib_log": [
      {
        "round": 0,
        "psrf_max": 1.0656451626040575,
        "ess_min": 57.9670075031106,
        "scale_new": 3.0
      },
      {
        "round": 1,
        "psrf_max": 1.3515757988941675,
        "ess_min": 31.305163573700668,
        "scale_new": 3.187755648
      },
      {
        "round": 2,
        "psrf_max": 1.2589339410872702,
        "ess_min": 33.93290975463131,
        "scale_new": 2.176419984394558
      },
      {
        "round": 3,
        "psrf_max": 1.1062852519200441,
        "ess_min": 48.66842889946039,
        "scale_new": 1.647898935083265
      },
      {
        "round": 4,
        "psrf_max": 1.195397406772589,
        "ess_min": 40.63023107468876,
        "scale_new": 2.2560449845782484
      }
    ],
    "psrf_final": 1.05431811700599,
    "sigma_A_fixed": 0.006,
    "use_reparam": false,
    "ess_min": 181.13791436952278
  }
}