{
  "summary": {
    "rho_A": {
      "mean": 0.1416814699666591,
      "std": 0.061558006474605735,
      "q025": 0.05178018720675477,
      "q975": 0.2883681844857678
    },
    "rho_C": {
      "mean": 0.23077459419993238,
      "std": 0.05722569367218285,
      "q025": 0.14352700083101544,
      "q975": 0.36601517368001807
    },
    "rho_O": {
      "mean": 0.24412087658651976,
      "std": 0.05813948861798528,
      "q025": 0.1516546941312313,
      "q975": 0.37724225670446726
    },
    "rho_Ys": {
      "mean": 0.3378167090733285,
      "std": 0.07781287507822238,
      "q025": 0.1999870745227153,
      "q975": 0.5024169025979642
    },
    "rho_rp": {
      "mean": 0.1764606770279969,
      "std": 0.08008561065588318,
      "q025": 0.05790216920852731,
      "q975": 0.35770584870372296
    },
    "rho_H": {
      "mean": 0.9541353046735117,
      "std": 0.016199765943522675,
      "q025": 0.9167014252774942,
      "q975": 0.9801129625546189
    },
    "sigma_C": {
      "mean": 0.10821092339419472,
      "std": 0.008228090595359375,
      "q025": 0.09343227384367572,
      "q975": 0.12563618509691832
    },
    "sigma_O": {
      "mean": 0.1511410108576676,
      "std": 0.012259675861875298,
      "q025": 0.12897031063178277,
      "q975": 0.1774780044011717
    },
    "sigma_Ys": {
      "mean": 0.01709575666502855,
      "std": 0.0013899754667637651,
      "q025": 0.01460842381979512,
      "q975": 0.02006579252467649
    },
    "sigma_i": {
      "mean": 0.00032322140599300083,
      "std": 2.902794028045782e-05,
      "q025": 0.0002712049140549762,
      "q975": 0.00038488837824737706
    },
    "sigma_P": {
      "mean": 0.007196087864895303,
      "std": 0.0006006611095770546,
      "q025": 0.006095601277182232,
      "q975": 0.008446442811724849
    },
    "sigma_H": {
      "mean": 0.3299173197019341,
      "std": 0.028561243487353567,
      "q025": 0.278715263975189,
      "q975": 0.38983278144889855
    },
    "psi_R": {
      "mean": 0.9893105177420323,
      "std": 0.00048074685719161315,
      "q025": 0.9880919745554131,
      "q975": 0.989907428477412
    },
    "psi_P1": {
      "mean": 0.608143903718707,
      "std": 0.14887819660456264,
      "q025": 0.319307968571367,
      "q975": 0.8990087921657088
    },
    "psi_Y": {
      "mean": 0.33042132303942723,
      "std": 0.04868109589602977,
      "q025": 0.23445797539886015,
      "q975": 0.4255446774103136
    },
    "gamma_p": {
      "mean": 0.7262764494285107,
      "std": 0.04929128854754232,
      "q025": 0.6291745854699399,
      "q975": 0.8228119225697632
    },
    "phi_I1": {
      "mean": 0.49969844606687913,
      "std": 0.0009934166537810948,
      "q025": 0.4977735273470298,
      "q975": 0.501618417258569
    },
    "phi_I2": {
      "mean": 62.52450294802723,
      "std": 38.72583656365839,
      "q025": 4.8689671491256235,
      "q975": 149.3579313394269
    },
    "rho_s": {
      "mean": 0.0029330911147993767,
      "std": 0.0028462212875738063,
      "q025": 7.400662704508083e-05,
      "q975": 0.01054117363923818
    },
    "phi_H1": {
      "mean": 60.73002222643435,
      "std": 0.000983923834092448,
      "q025": 60.7281132427735,
      "q975": 60.73198815473912
    },
    "psi_PL": {
      "mean": 0.05045498135679222,
      "std": 0.019693830604798974,
      "q025": 0.019481893499411353,
      "q975": 0.09623020923237383
    }
  }
}