{
  "summary": {
    "rho_A": {
      "mean": 0.07170043684072307,
      "std": 0.04498511504551182,
      "p05": 0.02105043319593115,
      "p95": 0.1642871244476517,
      "ess": 252.4394936396738,
      "psrf": 1.038318527638688
    },
    "rho_C": {
      "mean": 0.789337470439063,
      "std": 0.04418983155451934,
      "p05": 0.723941215208281,
      "p95": 0.8712660010433028,
      "ess": 256.58046313175964,
      "psrf": 1.1736895221330625
    },
    "rho_O": {
      "mean": 0.3615379726094632,
      "std": 0.02555723775852856,
      "p05": 0.3234265551007494,
      "p95": 0.4088602127830443,
      "ess": 506.39798138258425,
      "psrf": 1.0961238194662402
    },
    "rho_Ys": {
      "mean": 0.8399430383202858,
      "std": 0.05357961967707961,
      "p05": 0.7500378638011294,
      "p95": 0.9249123968527202,
      "ess": 225.56823768686138,
      "psrf": 1.0393581300289578
    },
    "rho_rp": {
      "mean": 0.9776281884885958,
      "std": 0.02618646024351303,
      "p05": 0.9221448523038216,
      "p95": 0.9993798496823869,
      "ess": 580.3313444290712,
      "psrf": 1.0314246950538823
    },
    "rho_H": {
      "mean": 0.9698957259009624,
      "std": 0.03264637245732282,
      "p05": 0.9007741406685598,
      "p95": 0.9993434836523695,
      "ess": 911.9192031394629,
      "psrf": 1.003573886780878
    },
    "sigma_C": {
      "mean": 0.015843521024368274,
      "std": 0.002076982393739863,
      "p05": 0.01258888156692045,
      "p95": 0.019340245642943166,
      "ess": 1012.5920381832132,
      "psrf": 1.0042350996354679
    },
    "sigma_O": {
      "mean": 0.08895519974526125,
      "std": 0.007812772252022475,
      "p05": 0.07691211553604699,
      "p95": 0.10247139743934959,
      "ess": 1638.4993861621083,
      "psrf": 1.0011805390711084
    },
    "sigma_Ys": {
      "mean": 0.005760095735184762,
      "std": 0.0007286137410371667,
      "p05": 0.004637554121460632,
      "p95": 0.00702380560742494,
      "ess": 1406.0423982292377,
      "psrf": 1.003362099696515
    },
    "sigma_rp": {
      "mean": 0.016325340062066512,
      "std": 0.0014879673857885083,
      "p05": 0.014021566658251832,
      "p95": 0.018871326512833277,
      "ess": 1590.5290491824867,
      "psrf": 1.0023673365668389
    },
    "sigma_i": {
      "mean": 0.0002758481146944501,
      "std": 2.2864515485738408e-05,
      "p05": 0.0002407972910033957,
      "p95": 0.00031562878539819427,
      "ess": 2104.2595925777687,
      "psrf": 1.002073208428924
    },
    "sigma_P": {
      "mean": 0.0055854951045946856,
      "std": 0.000466079210422578,
      "p05": 0.004863248833657127,
      "p95": 0.0063999288544041265,
      "ess": 1892.4587799709864,
      "psrf": 1.000794224917325
    },
    "sigma_H": {
      "mean": 0.14620175499769963,
      "std": 0.012524555124806777,
      "p05": 0.12691819179745462,
      "p95": 0.16805466993871304,
      "ess": 756.6623593275748,
      "psrf": 1.00274860453386
    },
    "psi_R": {
      "mean": 0.9623283442972242,
      "std": 0.005569175916740146,
      "p05": 0.9524602284178743,
      "p95": 0.9707818095357379,
      "ess": 525.089387931663,
      "psrf": 1.051472972329403
    },
    "psi_P1": {
      "mean": 0.2709585315677514,
      "std": 0.044521625300744216,
      "p05": 0.20256530539285772,
      "p95": 0.3496155118896232,
      "ess": 382.46931405973794,
      "psrf": 1.1419221373316357
    },
    "psi_Y": {
      "mean": 0.2516168450447286,
      "std": 0.029005848454195595,
      "p05": 0.20566026954498295,
      "p95": 0.30154668798987033,
      "ess": 304.87555983790054,
      "psrf": 1.1089269778544972
    },
    "h_c": {
      "mean": 0.9875549643209606,
      "std": 0.0012716592470325683,
      "p05": 0.9854419756132582,
      "p95": 0.9896697022824679,
      "ess": 593.4419178151951,
      "psrf": 1.02129179246612
    },
    "phi_I1": {
      "mean": 0.5069978137705032,
      "std": 0.007019852123151432,
      "p05": 0.500312248039764,
      "p95": 0.5219219051816114,
      "ess": 1182.2840358806902,
      "psrf": 1.0004207079308256
    },
    "phi_I2": {
      "mean": 12.01383106214424,
      "std": 0.8096970656073385,
      "p05": 10.782857448303389,
      "p95": 13.443278523860712,
      "ess": 748.1324143708106,
      "psrf": 1.0095069751102588
    },
    "phi_u": {
      "mean": 0.7272646678175276,
      "std": 0.06252388301886636,
      "p05": 0.6256308329771776,
      "p95": 0.8308801941213282,
      "ess": 959.031618869445,
      "psrf": 1.0022653129686596
    }
  },
  "meta": {
    "n_production": 200000,
    "burnin": 20000,
    "acc_rate": 0.185745,
    "final_scale": 1.0424128174982137,
    "n_recalibrations": 3,
    "recalib_log": [
      {
        "round": 0,
        "psrf_max": 1.3400631477869482,
        "ess_min": 24.99746015371361,
        "scale_new": 3.0
      },
      {
        "round": 1,
        "psrf_max": 1.355360928818119,
        "ess_min": 21.849337269061675,
        "scale_new": 3.503592234703179
      },
      {
        "round": 2,
        "psrf_max": 1.2284840107748993,
        "ess_min": 30.55733747243109,
        "scale_new": 2.3473710535534664
      }
    ],
    "psrf_final": 1.1736895221330625,
    "sigma_A_fixed": 0.006,
    "use_reparam": true,
    "ess_min": 225.56823768686138,
    "n_samples": 200000,
    "time_min": 44.25366164843241,
    "param_names": [
      "rho_A",
      "rho_C",
      "rho_O",
      "rho_Ys",
      "rho_rp",
      "rho_H",
      "sigma_C",
      "sigma_O",
      "sigma_Ys",
      "sigma_rp",
      "sigma_i",
      "sigma_P",
      "sigma_H",
      "psi_R",
      "psi_P1",
      "psi_Y",
      "h_c",
      "phi_I1",
      "phi_I2",
      "phi_u"
    ],
    "psrf_max": 1.1736895221330625
  }
}