{
  "summary": {
    "rho_A": {
      "mean": 0.4681246797866617,
      "std": 0.22742237979605584,
      "p5": 0.1183194084743109,
      "p50": 0.4542032956201395,
      "p95": 0.8545844423767166,
      "km": 0.804,
      "psrf": 1.0008612976403917,
      "ess": 1460.8794479264825
    },
    "rho_C": {
      "mean": 0.06228649370260834,
      "std": 0.039948551037739734,
      "p5": 0.019217236020231346,
      "p50": 0.053180598960205105,
      "p95": 0.13496477551326985,
      "km": 0.725,
      "psrf": 1.006933372954861,
      "ess": 529.9505550674163
    },
    "rho_O": {
      "mean": 0.0925681989798761,
      "std": 0.04910808702681984,
      "p5": 0.026881838174923123,
      "p50": 0.08475226292044585,
      "p95": 0.18615259079017257,
      "km": 0.874,
      "psrf": 1.0218933013838665,
      "ess": 370.7643463521373
    },
    "rho_Ys": {
      "mean": 0.22331913749691026,
      "std": 0.09273995098287383,
      "p5": 0.0803931418181266,
      "p50": 0.21831711146091423,
      "p95": 0.38445499766440355,
      "km": 0.783,
      "psrf": 1.0032304971212644,
      "ess": 694.3808243309935
    },
    "rho_rp": {
      "mean": 0.7523700296544213,
      "std": 0.19729412020329257,
      "p5": 0.3553183228662332,
      "p50": 0.7961164749211812,
      "p95": 0.9936371187727698,
      "km": 0.737,
      "psrf": 1.5948094698572781,
      "ess": 214.35175968438733
    },
    "rho_H": {
      "mean": 0.1468986314657815,
      "std": 0.07866363196862589,
      "p5": 0.04102648906137496,
      "p50": 0.13420619932664352,
      "p95": 0.2939423150646102,
      "km": 0.694,
      "psrf": 1.0004623124139922,
      "ess": 1381.065259030811
    },
    "sigma_C": {
      "mean": 0.10179725297827447,
      "std": 0.007764390519977225,
      "p5": 0.0899868061030537,
      "p50": 0.10136048550999012,
      "p95": 0.11524693891565323,
      "km": 0.03,
      "psrf": 1.0065773541008296,
      "ess": 992.9516590248084
    },
    "sigma_O": {
      "mean": 0.15066015734044402,
      "std": 0.011745268173815849,
      "p5": 0.1326326788155829,
      "p50": 0.1499795459245881,
      "p95": 0.1710135651117903,
      "km": 0.079,
      "psrf": 1.0005426434155908,
      "ess": 2308.165604877529
    },
    "sigma_Ys": {
      "mean": 0.017286772692894657,
      "std": 0.001395332233464628,
      "p5": 0.01515214563903109,
      "p50": 0.017198453404067456,
      "p95": 0.019716976519054758,
      "km": 0.011,
      "psrf": 1.0003093415487132,
      "ess": 3332.984494360355
    },
    "sigma_i": {
      "mean": 0.000327908780757656,
      "std": 2.922398166306305e-05,
      "p5": 0.00028219241095647936,
      "p50": 0.00032656065717568935,
      "p95": 0.00037811982411305,
      "km": 0.0003,
      "psrf": 1.001832607263467,
      "ess": 3103.210752472527
    },
    "sigma_P": {
      "mean": 0.0074902997854450265,
      "std": 0.0006097786336053845,
      "p5": 0.006554197273468401,
      "p50": 0.007448548847965679,
      "p95": 0.008560159589786774,
      "km": 0.003,
      "psrf": 1.0017316531666838,
      "ess": 3016.146510090001
    },
    "sigma_H": {
      "mean": 0.23182155491305187,
      "std": 0.019541969013652467,
      "p5": 0.20129787598035556,
      "p50": 0.23074580815151138,
      "p95": 0.26551746962849554,
      "km": 0.05,
      "psrf": 1.0012197012659985,
      "ess": 1353.89302374074
    },
    "psi_R": {
      "mean": 0.989303267751429,
      "std": 0.0004817861891070832,
      "p5": 0.98838176450202,
      "p50": 0.9894102614366583,
      "p95": 0.989871597202873,
      "km": 0.666,
      "psrf": 1.000167752741436,
      "ess": 1623.6142987444236
    },
    "psi_P1": {
      "mean": 0.32878400883721604,
      "std": 0.09819587291321868,
      "p5": 0.1666456041038838,
      "p50": 0.328649597590837,
      "p95": 0.4932916183595894,
      "km": 0.292,
      "psrf": 1.0014159855939484,
      "ess": 2326.554564730591
    },
    "psi_Y": {
      "mean": 0.3398367907752568,
      "std": 0.04904772100441814,
      "p5": 0.2589036684970584,
      "p50": 0.3401932565945177,
      "p95": 0.41960032288051274,
      "km": 0.242,
      "psrf": 1.000470193323622,
      "ess": 2473.4874090002468
    },
    "gamma_p": {
      "mean": 0.22792327879832636,
      "std": 0.1159901798530242,
      "p5": 0.0694378144041756,
      "p50": 0.21046689694413503,
      "p95": 0.4482399280482988,
      "km": 0.35,
      "psrf": 1.025553460981593,
      "ess": 591.4370764489565
    },
    "phi_I2": {
      "mean": 65.8266674684666,
      "std": 39.53208386012243,
      "p5": 9.575229967346084,
      "p50": 61.350756248795456,
      "p95": 137.16078482998216,
      "km": 165.66,
      "psrf": 1.0007035926940344,
      "ess": 2472.3057530927986
    },
    "rho_s": {
      "mean": 0.05490999528177706,
      "std": 0.0034278024924405274,
      "p5": 0.05088068085501201,
      "p50": 0.054133103236177094,
      "p95": 0.06159792448629515,
      "km": 0.5,
      "psrf": 1.000298713439758,
      "ess": 1551.2177724960416
    },
    "phi_H1": {
      "mean": 94.74563031518554,
      "std": 29.80413922489334,
      "p5": 48.53203599913206,
      "p50": 93.22286159551047,
      "p95": 147.26142858799568,
      "km": 60.73,
      "psrf": 1.0071108624011336,
      "ess": 841.7881117459931
    },
    "sigma_A": {
      "mean": 0.006,
      "std": 0.0,
      "p5": 0.006,
      "p50": 0.006,
      "p95": 0.006,
      "km": 0.006,
      "psrf": 1.0,
      "ess": Infinity,
      "fixed": true
    }
  },
  "meta": {
    "n_production": 200000,
    "burnin": 15000,
    "acc_rate": 0.27804,
    "final_scale": 0.9063535701293942,
    "n_recalibrations": 6,
    "recalib_log": [
      {
        "round": 0,
        "psrf_max": 3.3736294933560846,
        "ess_min": 15.951482511514776,
        "scale_new": 3.0
      },
      {
        "round": 1,
        "psrf_max": 1.822623216370911,
        "ess_min": 16.699914768866464,
        "scale_new": 3.0777325387776004
      },
      {
        "round": 2,
        "psrf_max": 1.4616426047897622,
        "ess_min": 22.395500755961674,
        "scale_new": 3.7819584116703484
      },
      {
        "round": 3,
        "psrf_max": 1.7775797750495976,
        "ess_min": 18.669958655998492,
        "scale_new": 3.5566228084143416
      },
      {
        "round": 4,
        "psrf_max": 1.500473308173532,
        "ess_min": 17.21997158530448,
        "scale_new": 3.6280462225051
      },
      {
        "round": 5,
        "psrf_max": 1.5381274667516072,
        "ess_min": 22.5958112426289,
        "scale_new": 3.3924952855187374
      }
    ],
    "psrf_final": 1.5948094698572781,
    "sigma_A_fixed": 0.006,
    "use_reparam": false,
    "ess_min": 214.35175968438733
  }
}