{
  "summary": {
    "rho_A": {
      "mean": 0.05549491576531509,
      "std": 0.0319777376780978,
      "p5": 0.018288039903465815,
      "p50": 0.048231474003018616,
      "p95": 0.11831571394459459,
      "km": 0.804,
      "psrf": 1.0016749247164036,
      "ess": 1890.6682057571782
    },
    "rho_C": {
      "mean": 0.08333688438016121,
      "std": 0.05494955649402035,
      "p5": 0.022294151244989485,
      "p50": 0.06974187804386144,
      "p95": 0.19039224739752778,
      "km": 0.725,
      "psrf": 1.0008206550404184,
      "ess": 806.8948904046133
    },
    "rho_O": {
      "mean": 0.09507263285851812,
      "std": 0.05230766736836525,
      "p5": 0.027319815603349718,
      "p50": 0.08579598583091191,
      "p95": 0.19401519332143005,
      "km": 0.874,
      "psrf": 1.0016374352165118,
      "ess": 1872.6109719891435
    },
    "rho_Ys": {
      "mean": 0.24163916309466785,
      "std": 0.09517855309203616,
      "p5": 0.09279523442782714,
      "p50": 0.23606888448923546,
      "p95": 0.40690093131058114,
      "km": 0.783,
      "psrf": 1.0002432242127648,
      "ess": 1397.8944541748933
    },
    "rho_rp": {
      "mean": 0.9099297936777054,
      "std": 0.19026389095737775,
      "p5": 0.2871149869137753,
      "p50": 0.9567727998560294,
      "p95": 0.9922604727701506,
      "km": 0.737,
      "psrf": 1.1196246735675979,
      "ess": 209.2081577281785
    },
    "rho_H": {
      "mean": 0.5241248446547598,
      "std": 0.118660421334162,
      "p5": 0.38613757617559485,
      "p50": 0.49970426383246647,
      "p95": 0.8343630698360018,
      "km": 0.694,
      "psrf": 1.0620404928307072,
      "ess": 250.9200823550843
    },
    "sigma_C": {
      "mean": 0.10331965625307751,
      "std": 0.008692065492684089,
      "p5": 0.09020786959230036,
      "p50": 0.10266090710053409,
      "p95": 0.11851594834306468,
      "km": 0.03,
      "psrf": 1.0001905218348568,
      "ess": 1151.3495902688555
    },
    "sigma_O": {
      "mean": 0.1347154609798236,
      "std": 0.011257705609775846,
      "p5": 0.11743661912119653,
      "p50": 0.13403912781335897,
      "p95": 0.1545109571298582,
      "km": 0.079,
      "psrf": 1.0018288196795548,
      "ess": 1849.2602498421033
    },
    "sigma_Ys": {
      "mean": 0.016644166569488812,
      "std": 0.0013880676110165245,
      "p5": 0.014540444279701286,
      "p50": 0.016549360687976515,
      "p95": 0.01908138915635054,
      "km": 0.011,
      "psrf": 1.003526243932584,
      "ess": 1198.1731994033507
    },
    "sigma_i": {
      "mean": 0.0009182530717493979,
      "std": 9.645101977941978e-05,
      "p5": 0.0007753644596002799,
      "p50": 0.0009108526040443331,
      "p95": 0.0010869043478391308,
      "km": 0.0003,
      "psrf": 1.0146448263659522,
      "ess": 815.490211010721
    },
    "sigma_P": {
      "mean": 0.008446328568523915,
      "std": 0.0007070694914334178,
      "p5": 0.007346383312076155,
      "p50": 0.008403197281641168,
      "p95": 0.009668353120343918,
      "km": 0.003,
      "psrf": 1.0028560874638857,
      "ess": 1225.189495877299
    },
    "sigma_H": {
      "mean": 0.2754480739653557,
      "std": 0.029940073520423646,
      "p5": 0.2341614928719844,
      "p50": 0.2715207181063222,
      "p95": 0.3305338436438788,
      "km": 0.05,
      "psrf": 1.038523932309852,
      "ess": 512.2865564371087
    },
    "psi_R": {
      "mean": 0.9494025359893584,
      "std": 0.0004935028918603245,
      "p5": 0.9485962734524043,
      "p50": 0.9493979393786874,
      "p95": 0.9502205126794108,
      "km": 0.666,
      "psrf": 1.0005133754769062,
      "ess": 1596.4403750910806
    },
    "psi_P1": {
      "mean": 0.2983556282184296,
      "std": 0.10180535822604062,
      "p5": 0.12862307749049526,
      "p50": 0.29826373412338786,
      "p95": 0.46643748414906094,
      "km": 0.292,
      "psrf": 1.0129957049105205,
      "ess": 927.2120904998502
    },
    "psi_Y": {
      "mean": 0.43888832841887604,
      "std": 0.05170111541185097,
      "p5": 0.3516985479842832,
      "p50": 0.44151664143623914,
      "p95": 0.5194378719455265,
      "km": 0.242,
      "psrf": 1.010782895517462,
      "ess": 858.3338109972781
    },
    "gamma_p": {
      "mean": 0.754355378599005,
      "std": 0.09094955541212474,
      "p5": 0.584762768396842,
      "p50": 0.7644498737850819,
      "p95": 0.8841844072811239,
      "km": 0.35,
      "psrf": 1.0024798078907218,
      "ess": 1464.0082868285529
    },
    "phi_I2": {
      "mean": 65.62656382062082,
      "std": 39.92413047220177,
      "p5": 9.33198748216844,
      "p50": 61.007519349581656,
      "p95": 138.0241079061394,
      "km": 165.66,
      "psrf": 1.0005038808944273,
      "ess": 1724.0974049242645
    },
    "phi_O": {
      "mean": 0.20515706530079952,
      "std": 0.016119566685452058,
      "p5": 0.17824143989009253,
      "p50": 0.2055295827473074,
      "p95": 0.23055470685644644,
      "km": 0.15,
      "psrf": 1.029256618588562,
      "ess": 549.6826625897966
    },
    "phi_H1": {
      "mean": 60.56995711325793,
      "std": 4.992714356872879,
      "p5": 52.37944808089505,
      "p50": 60.56666950649088,
      "p95": 68.75263450753685,
      "km": 60.73,
      "psrf": 1.001484424816715,
      "ess": 2054.3744912968923
    },
    "kappa_rp_endo": {
      "mean": 0.09403915975009404,
      "std": 0.09362407920704365,
      "p5": 0.005154089327640955,
      "p50": 0.06275648118382894,
      "p95": 0.2799474209929002,
      "km": 0.2,
      "psrf": 1.0095238407072695,
      "ess": 227.68462731476072
    },
    "rho_rp_endo": {
      "mean": 0.3884709758221904,
      "std": 0.21752672602968115,
      "p5": 0.13374902116228995,
      "p50": 0.3280803795849192,
      "p95": 0.8742177007858599,
      "km": 0.5,
      "psrf": 1.0755727455218813,
      "ess": 204.0895490618486
    },
    "sigma_A": {
      "mean": 0.006,
      "std": 0.0,
      "p5": 0.006,
      "p50": 0.006,
      "p95": 0.006,
      "km": 0.006,
      "psrf": 1.0,
      "ess": Infinity,
      "fixed": true
    }
  },
  "meta": {
    "n_production": 200000,
    "burnin": 30000,
    "acc_rate": 0.2133,
    "final_scale": 0.8137242835436125,
    "n_recalibrations": 5,
    "recalib_log": [
      {
        "round": 0,
        "psrf_max": 2.2258969574859124,
        "ess_min": 31.419921000789607,
        "scale_new": 3.0
      },
      {
        "round": 1,
        "psrf_max": 1.6099747125182045,
        "ess_min": 31.669934170941424,
        "scale_new": 2.351045689344
      },
      {
        "round": 2,
        "psrf_max": 1.0566074708150233,
        "ess_min": 91.55887103639424,
        "scale_new": 2.3542369517544905
      },
      {
        "round": 3,
        "psrf_max": 1.063041113061592,
        "ess_min": 78.83926159031041,
        "scale_new": 2.573051019320805
      },
      {
        "round": 4,
        "psrf_max": 1.0837083349415455,
        "ess_min": 49.247903544274926,
        "scale_new": 2.539441399093783
      }
    ],
    "psrf_final": 1.1196246735675979,
    "sigma_A_fixed": 0.006,
    "use_reparam": true,
    "ess_min": 204.0895490618486
  }
}