{
  "summary": {
    "rho_A": {
      "mean": 0.8763644185688596,
      "std": 0.0652888277496521,
      "p05": 0.770283452028755,
      "p95": 0.9497637524832511,
      "ess": 624.2882926782518,
      "psrf": 1.0085386509213878
    },
    "rho_C": {
      "mean": 0.8040344903595198,
      "std": 0.2090618480840571,
      "p05": 0.35891574031123996,
      "p95": 0.9981891685514678,
      "ess": 1233.9318045856846,
      "psrf": 1.0041869239656018
    },
    "rho_O": {
      "mean": 0.36431311166834524,
      "std": 0.1066795268406731,
      "p05": 0.1910199157607967,
      "p95": 0.5440289055749029,
      "ess": 1329.0418581129625,
      "psrf": 1.0010563115202074
    },
    "rho_Ys": {
      "mean": 0.8285437725584592,
      "std": 0.07321808687043578,
      "p05": 0.699122122996404,
      "p95": 0.9438493524907716,
      "ess": 2596.489887196716,
      "psrf": 1.0008010966120304
    },
    "rho_rp": {
      "mean": 0.8009236809285061,
      "std": 0.21536885391131136,
      "p05": 0.3350834669514831,
      "p95": 0.9970829850907879,
      "ess": 1435.3571543545975,
      "psrf": 1.0010946740210205
    },
    "rho_H": {
      "mean": 0.8021526051773685,
      "std": 0.21101731565276594,
      "p05": 0.34803176925227725,
      "p95": 0.998268904985265,
      "ess": 2365.5457841453062,
      "psrf": 1.0025844929176506
    },
    "sigma_C": {
      "mean": 0.02092778767681733,
      "std": 0.002352583486075026,
      "p05": 0.01727535687540737,
      "p95": 0.02495396923263442,
      "ess": 3093.6967836100052,
      "psrf": 1.0005362667470905
    },
    "sigma_O": {
      "mean": 0.10162254609382385,
      "std": 0.00901719823524646,
      "p05": 0.08788582494623484,
      "p95": 0.11738618442581454,
      "ess": 2707.7062106186254,
      "psrf": 1.0000441556903605
    },
    "sigma_Ys": {
      "mean": 0.005954569994498949,
      "std": 0.000770549052285895,
      "p05": 0.004779116430819242,
      "p95": 0.007284787195480407,
      "ess": 2337.3598574251314,
      "psrf": 1.000413837103393
    },
    "sigma_rp": {
      "mean": 0.016722492954226467,
      "std": 0.0015112060526084534,
      "p05": 0.01436512509593337,
      "p95": 0.019317103966348913,
      "ess": 3427.510978666816,
      "psrf": 0.9999763929002645
    },
    "sigma_i": {
      "mean": 0.0002984037966565239,
      "std": 2.6248005156315445e-05,
      "p05": 0.00025819490206815276,
      "p95": 0.0003439599745367344,
      "ess": 3280.4961608155127,
      "psrf": 1.0002340618155399
    },
    "sigma_P": {
      "mean": 0.005217259951490329,
      "std": 0.000435713600231362,
      "p05": 0.004553324001121701,
      "p95": 0.005972116573862513,
      "ess": 2538.7164600636065,
      "psrf": 1.000291159728749
    },
    "sigma_H": {
      "mean": 0.12631688200042224,
      "std": 0.011167268580855967,
      "p05": 0.10914065394772367,
      "p95": 0.14558843003941127,
      "ess": 2596.45824400527,
      "psrf": 1.001263529750119
    },
    "psi_R": {
      "mean": 0.9117155733004232,
      "std": 0.00579356186707193,
      "p05": 0.9004969025794718,
      "p95": 0.9185439589890173,
      "ess": 6891.246399955512,
      "psrf": 1.000257782264368
    },
    "psi_P1": {
      "mean": 0.13823844207402514,
      "std": 0.052925220668676144,
      "p05": 0.06227534424041075,
      "p95": 0.23414163069336297,
      "ess": 7006.787856383528,
      "psrf": 1.0005015428049073
    },
    "psi_Y": {
      "mean": 0.19933940131530295,
      "std": 0.03658928328192486,
      "p05": 0.14029047556384086,
      "p95": 0.26055298290752726,
      "ess": 2616.801042883964,
      "psrf": 1.001336547292387
    },
    "phi_I2": {
      "mean": 1.5283960493457136,
      "std": 2.384293372844454,
      "p05": 0.5185499031687909,
      "p95": 7.337404742686561,
      "ess": 1045.5221315440035,
      "psrf": 1.0017492395402599
    },
    "phi_u": {
      "mean": 0.371695016472773,
      "std": 0.08328040231369692,
      "p05": 0.2364119065954422,
      "p95": 0.5085752072807939,
      "ess": 1191.2086108335138,
      "psrf": 1.0014678226130662
    }
  },
  "meta": {
    "n_samples": 60000,
    "salvaged": true,
    "salvaged_from": "chain_fase2_hcfix_prod_partial.npy",
    "param_names": [
      "rho_A",
      "rho_C",
      "rho_O",
      "rho_Ys",
      "rho_rp",
      "rho_H",
      "sigma_C",
      "sigma_O",
      "sigma_Ys",
      "sigma_rp",
      "sigma_i",
      "sigma_P",
      "sigma_H",
      "psi_R",
      "psi_P1",
      "psi_Y",
      "phi_I2",
      "phi_u"
    ],
    "phi_I1_fixed": 4.0,
    "h_c_fixed": 0.938,
    "modellfix": [
      "A4a",
      "A4c",
      "CEE",
      "A5",
      "LTV-fortegn-E3E4",
      "h_c-kalibrering"
    ],
    "psrf_max": 1.0085386509213878,
    "ess_min": 624.2882926782518
  }
}