{
  "summary": {
    "rho_A": {
      "mean": 0.14560768297875643,
      "std": 0.08247129298277502,
      "p5": 0.03726216609211706,
      "p50": 0.13178518582891005,
      "p95": 0.29760177197464194,
      "km": 0.804,
      "psrf": 1.002143663664569,
      "ess": 974.4404736115399
    },
    "rho_C": {
      "mean": 0.16462731281610585,
      "std": 0.10105207814812386,
      "p5": 0.04126700671798474,
      "p50": 0.14505850141080923,
      "p95": 0.351115614622962,
      "km": 0.725,
      "psrf": 1.0057484950452549,
      "ess": 899.5384468670109
    },
    "rho_O": {
      "mean": 0.288377830470836,
      "std": 0.09995438767072154,
      "p5": 0.12469139374984692,
      "p50": 0.2870369066198309,
      "p95": 0.45743796108729007,
      "km": 0.874,
      "psrf": 1.005145814455724,
      "ess": 1181.6958958996718
    },
    "rho_Ys": {
      "mean": 0.815109545189981,
      "std": 0.07537565299462708,
      "p5": 0.6859465161008319,
      "p50": 0.819135588559431,
      "p95": 0.933942769293699,
      "km": 0.783,
      "psrf": 1.000893042475856,
      "ess": 787.3772834281841
    },
    "rho_rp": {
      "mean": 0.804398226692889,
      "std": 0.20912298425321077,
      "p5": 0.3636590743937816,
      "p50": 0.8828915764541835,
      "p95": 0.9986358197818268,
      "km": 0.737,
      "psrf": 1.0019568239401935,
      "ess": 1334.2617970654442
    },
    "rho_H": {
      "mean": 0.5127126061465708,
      "std": 0.11785575167958875,
      "p5": 0.3122779194183097,
      "p50": 0.5162007291897756,
      "p95": 0.7014796304706438,
      "km": 0.694,
      "psrf": 1.0002210089125483,
      "ess": 915.6285928233742
    },
    "sigma_A": {
      "mean": 0.006,
      "std": 0.0,
      "p5": 0.006,
      "p50": 0.006,
      "p95": 0.006,
      "km": 0.006,
      "psrf": 1.0,
      "ess": Infinity,
      "fixed": true
    },
    "sigma_C": {
      "mean": 0.02269751499917935,
      "std": 0.002667988870701878,
      "p5": 0.01851196475211928,
      "p50": 0.022544726842860817,
      "p95": 0.02728740008596434,
      "km": 0.03,
      "psrf": 1.002643280984231,
      "ess": 930.4083560644184
    },
    "sigma_O": {
      "mean": 0.09796733281566704,
      "std": 0.008478623312230352,
      "p5": 0.08480421039596912,
      "p50": 0.09760285300393352,
      "p95": 0.11263729161006394,
      "km": 0.079,
      "psrf": 1.0021408032375816,
      "ess": 1096.9149766262117
    },
    "sigma_Ys": {
      "mean": 0.005757864434316762,
      "std": 0.0007683768535360223,
      "p5": 0.004572059806556898,
      "p50": 0.005725781030376076,
      "p95": 0.007092092986527701,
      "km": 0.011,
      "psrf": 1.0033020592781048,
      "ess": 1080.0773570074991
    },
    "sigma_rp": {
      "mean": 0.016253146745709324,
      "std": 0.0017253439894219576,
      "p5": 0.013536766222999605,
      "p50": 0.016187596033668754,
      "p95": 0.019153206452816034,
      "km": 0.006,
      "psrf": 1.002013076051782,
      "ess": 587.4358369336452
    },
    "sigma_i": {
      "mean": 0.00025850762357181934,
      "std": 2.346321458214671e-05,
      "p5": 0.00022191487168317944,
      "p50": 0.0002576408990743642,
      "p95": 0.00029804045816590567,
      "km": 0.0003,
      "psrf": 1.0006763183444212,
      "ess": 1842.1712677321045
    },
    "sigma_P": {
      "mean": 0.004650607793736238,
      "std": 0.000396496334076764,
      "p5": 0.00404393281946418,
      "p50": 0.004628141784680619,
      "p95": 0.005340076977363599,
      "km": 0.003,
      "psrf": 1.0013422718594127,
      "ess": 1193.6918172166581
    },
    "sigma_H": {
      "mean": 0.09776910709393798,
      "std": 0.011951141804767857,
      "p5": 0.07891988887574852,
      "p50": 0.09732054454586077,
      "p95": 0.11837906271081673,
      "km": 0.05,
      "psrf": 1.0003437303584672,
      "ess": 1302.3342009385044
    },
    "psi_R": {
      "mean": 0.910968843623106,
      "std": 0.005986122120296968,
      "p5": 0.899526775745851,
      "p50": 0.9121982890369269,
      "p95": 0.9182512746647479,
      "km": 0.666,
      "psrf": 1.0018725850813748,
      "ess": 447.28847771504564
    },
    "psi_P1": {
      "mean": 0.14002690231036755,
      "std": 0.053094250620774774,
      "p5": 0.06251765644692059,
      "p50": 0.13549638147393922,
      "p95": 0.234242109284871,
      "km": 0.292,
      "psrf": 1.0021326697482444,
      "ess": 829.0005783074968
    },
    "psi_Y": {
      "mean": 0.19094700394037084,
      "std": 0.03605164801032023,
      "p5": 0.13218477644583043,
      "p50": 0.19091679231981398,
      "p95": 0.25038965995575635,
      "km": 0.242,
      "psrf": 1.0005136348314645,
      "ess": 1128.461860202119
    },
    "phi_I1": {
      "mean": 0.15709125390469944,
      "std": 0.04136292959540665,
      "p5": 0.10580038903286636,
      "p50": 0.14970554025892258,
      "p95": 0.23621430341181357,
      "km": 4.0,
      "psrf": 1.0003858082467287,
      "ess": 1126.9884615708747
    },
    "phi_I2": {
      "mean": 8.099952975870723,
      "std": 3.724905530865265,
      "p5": 2.1878556921665067,
      "p50": 7.947134532454834,
      "p95": 14.466446166132195,
      "km": 8.0,
      "psrf": 1.0009629658759656,
      "ess": 1420.315658531296
    },
    "phi_u": {
      "mean": 0.03425432143707898,
      "std": 0.02089247513902261,
      "p5": 0.011508456295607096,
      "p50": 0.0289448468921984,
      "p95": 0.0753811714185815,
      "km": 0.2192,
      "psrf": 1.001968260829877,
      "ess": 857.1308658501333
    }
  },
  "meta": {
    "n_production": 200000,
    "burnin": 20000,
    "acc_rate": 0.25867,
    "final_scale": 0.742192049961525,
    "n_recalibrations": 5,
    "recalib_log": [
      {
        "round": 0,
        "psrf_max": 1.742510413833057,
        "ess_min": 21.749381292526447,
        "scale_new": 3.0
      },
      {
        "round": 1,
        "psrf_max": 1.7677838321035282,
        "ess_min": 19.51605694554794,
        "scale_new": 3.628839021502463
      },
      {
        "round": 2,
        "psrf_max": 1.4643493756661576,
        "ess_min": 24.64892160353779,
        "scale_new": 3.299316670093125
      },
      {
        "round": 3,
        "psrf_max": 1.1586147465826282,
        "ess_min": 39.97280452614619,
        "scale_new": 2.7924639246011678
      },
      {
        "round": 4,
        "psrf_max": 1.3555194283454683,
        "ess_min": 28.003531129136114,
        "scale_new": 2.310954015948936
      }
    ],
    "psrf_final": 1.0057484950452549,
    "sigma_A_fixed": 0.006,
    "use_reparam": false,
    "ess_min": 447.28847771504564
  }
}