{
  "summary": {
    "rho_A": {
      "mean": 0.09086358419272314,
      "std": 0.05949779077331181,
      "p05": 0.022637573685743668,
      "p95": 0.20656361369195161,
      "ess": 2867.4814502049194,
      "psrf": 1.0016529294543335,
      "km": 0.804
    },
    "rho_C": {
      "mean": 0.7926605843556748,
      "std": 0.21700515736294024,
      "p05": 0.3209154238108176,
      "p95": 0.9986209883202262,
      "ess": 1940.297659171922,
      "psrf": 1.0004302662665032,
      "km": 0.725
    },
    "rho_O": {
      "mean": 0.39875826270311826,
      "std": 0.1032461473735898,
      "p05": 0.22971658881381934,
      "p95": 0.5677382381208168,
      "ess": 3806.762050350104,
      "psrf": 1.0009541592805828,
      "km": 0.874
    },
    "rho_Ys": {
      "mean": 0.8218318093062235,
      "std": 0.06991025391097712,
      "p05": 0.6985560482060154,
      "p95": 0.9271916102719819,
      "ess": 6479.940237940653,
      "psrf": 1.0000273952239171,
      "km": 0.783
    },
    "rho_rp": {
      "mean": 0.7952383318920749,
      "std": 0.21480610568546127,
      "p05": 0.33636025852247287,
      "p95": 0.9985044749573269,
      "ess": 3004.558520234629,
      "psrf": 1.0027956081079088,
      "km": 0.737
    },
    "rho_H": {
      "mean": 0.8028062134520351,
      "std": 0.21133664037318695,
      "p05": 0.35299086318680317,
      "p95": 0.9987730956533202,
      "ess": 5200.057329176324,
      "psrf": 1.0011533195396192,
      "km": 0.694
    },
    "sigma_C": {
      "mean": 0.016142168397027135,
      "std": 0.0023512532253782362,
      "p05": 0.012414157693831522,
      "p95": 0.020118362474186035,
      "ess": 5881.0252148896325,
      "psrf": 1.0001254047242703,
      "km": 0.03
    },
    "sigma_O": {
      "mean": 0.0889108843737415,
      "std": 0.008017686237168172,
      "p05": 0.07647906921021733,
      "p95": 0.1028311238769352,
      "ess": 8178.675533179724,
      "psrf": 1.0000844950487209,
      "km": 0.079
    },
    "sigma_Ys": {
      "mean": 0.005819184977133513,
      "std": 0.0007540949866743426,
      "p05": 0.004670208551583393,
      "p95": 0.0071395615542069945,
      "ess": 8288.009074509142,
      "psrf": 1.0004276347532095,
      "km": 0.011
    },
    "sigma_rp": {
      "mean": 0.016289059173708972,
      "std": 0.0015184989253741942,
      "p05": 0.013920247350029185,
      "p95": 0.018909568709652227,
      "ess": 8190.931933292684,
      "psrf": 1.0002094693989363,
      "km": 0.006
    },
    "sigma_i": {
      "mean": 0.0002765652805235342,
      "std": 2.317975240099353e-05,
      "p05": 0.0002406175550941218,
      "p95": 0.0003171702150884894,
      "ess": 8776.551649257364,
      "psrf": 1.000170590926623,
      "km": 0.0003
    },
    "sigma_P": {
      "mean": 0.005543815450361336,
      "std": 0.00045989098701863015,
      "p05": 0.00482283805163633,
      "p95": 0.006342094404715989,
      "ess": 8661.31192748324,
      "psrf": 1.0002632041211348,
      "km": 0.003
    },
    "sigma_H": {
      "mean": 0.14545748870696004,
      "std": 0.012356262299611053,
      "p05": 0.12636067966462866,
      "p95": 0.16696161576301716,
      "ess": 8520.395484574201,
      "psrf": 1.000147616530961,
      "km": 0.05
    },
    "psi_R": {
      "mean": 0.9615614338075925,
      "std": 0.011448921216884659,
      "p05": 0.9414023825088695,
      "p95": 0.9788719484441337,
      "ess": 14917.06011099801,
      "psrf": 1.000196202837587,
      "km": 0.666
    },
    "psi_P1": {
      "mean": 0.2834663644797258,
      "std": 0.08660616326086638,
      "p05": 0.14298061568481624,
      "p95": 0.4297882606502245,
      "ess": 15021.119238272615,
      "psrf": 1.0002512553244032,
      "km": 0.292
    },
    "psi_Y": {
      "mean": 0.25548673209922196,
      "std": 0.046555349380827525,
      "p05": 0.17770114510820473,
      "p95": 0.33216356864201707,
      "ess": 7782.29245432395,
      "psrf": 1.0000495007667431,
      "km": 0.242
    },
    "h_c": {
      "mean": 0.9869071107987168,
      "std": 0.0019905537220684705,
      "p05": 0.9834943913215816,
      "p95": 0.9900236808963171,
      "ess": 7693.10042855122,
      "psrf": 1.0001531840263833,
      "km": 0.938
    },
    "phi_I1": {
      "mean": 0.5061966018205961,
      "std": 0.006140780657761487,
      "p05": 0.5003152812422417,
      "p95": 0.5185264625273568,
      "ess": 10356.430148299849,
      "psrf": 1.0000671119896092,
      "km": 4.0
    },
    "phi_I2": {
      "mean": 11.660966479504017,
      "std": 3.1247378920864852,
      "p05": 6.81541466285594,
      "p95": 17.09584730292865,
      "ess": 11515.503571259133,
      "psrf": 1.0001908127246546,
      "km": 8.0
    },
    "phi_u": {
      "mean": 0.6969994824332243,
      "std": 0.06646507346473585,
      "p05": 0.591079861788819,
      "p95": 0.8094339212802144,
      "ess": 10549.947276962966,
      "psrf": 1.000377353306753,
      "km": 0.2192
    }
  },
  "meta": {
    "n_samples": 180000,
    "n_blocks": 5,
    "use_reparam": true,
    "psrf_max": 1.0027956081079088,
    "ess_min": 1940.297659171922,
    "note": "Delkjede 180k/200k \u2014 prosess avsluttet av system"
  }
}