{
  "summary": {
    "rho_A": {
      "mean": 0.7018380379745236,
      "std": 0.23582748936237335,
      "p05": 0.21922969256033417,
      "p95": 0.9367871219714224,
      "ess": 1040.0799115968946,
      "psrf": 1.0055043178412197
    },
    "rho_C": {
      "mean": 0.8050419933390212,
      "std": 0.20897139267342874,
      "p05": 0.3563323093616976,
      "p95": 0.9981197582469599,
      "ess": 1765.2888831708844,
      "psrf": 1.0024068789164795
    },
    "rho_O": {
      "mean": 0.3952252647128548,
      "std": 0.11273923734657149,
      "p05": 0.2120099835692342,
      "p95": 0.5799163622175865,
      "ess": 2273.1598110791497,
      "psrf": 1.0005545114764693
    },
    "rho_Ys": {
      "mean": 0.8365042894901688,
      "std": 0.07456472152232747,
      "p05": 0.7064601764204274,
      "p95": 0.9553869725819187,
      "ess": 6375.219462092504,
      "psrf": 1.0001342450226711
    },
    "rho_rp": {
      "mean": 0.8022616887459313,
      "std": 0.21053215291858912,
      "p05": 0.3514391470958887,
      "p95": 0.9975237244366156,
      "ess": 2151.8750775352996,
      "psrf": 1.0028001758126934
    },
    "rho_H": {
      "mean": 0.8045591131624447,
      "std": 0.2100059302364637,
      "p05": 0.3500351190539469,
      "p95": 0.998573299311528,
      "ess": 4012.0601140583126,
      "psrf": 1.000708246361142
    },
    "sigma_C": {
      "mean": 0.014922673402798773,
      "std": 0.0024616967641418338,
      "p05": 0.011000762701428116,
      "p95": 0.019030583879124846,
      "ess": 4691.51631260147,
      "psrf": 1.0002678535941714
    },
    "sigma_O": {
      "mean": 0.10103329741827068,
      "std": 0.0089060853297113,
      "p05": 0.08731299452017505,
      "p95": 0.11640593293720501,
      "ess": 7090.46141008691,
      "psrf": 1.0004221321545788
    },
    "sigma_Ys": {
      "mean": 0.005811085374901472,
      "std": 0.0007680022168650781,
      "p05": 0.004611288574475788,
      "p95": 0.007167590160757521,
      "ess": 6197.21285041189,
      "psrf": 1.0004386281734776
    },
    "sigma_i": {
      "mean": 0.0002740444677231014,
      "std": 2.5015775824932062e-05,
      "p05": 0.0002362683863563625,
      "p95": 0.00031731970332169086,
      "ess": 6472.744220238623,
      "psrf": 1.0012892682871948
    },
    "sigma_P": {
      "mean": 0.005500851541698748,
      "std": 0.00046277322568200616,
      "p05": 0.004791521215523314,
      "p95": 0.006304123694795325,
      "ess": 7171.984188620593,
      "psrf": 1.0003748822779615
    },
    "sigma_H": {
      "mean": 0.1326394368148891,
      "std": 0.01160433425285497,
      "p05": 0.11468945109071822,
      "p95": 0.15271928848063235,
      "ess": 6551.895965141848,
      "psrf": 1.0000448230413614
    },
    "psi_R": {
      "mean": 0.9112466945690001,
      "std": 0.00598504006687488,
      "p05": 0.8996198009914608,
      "p95": 0.9183607596806636,
      "ess": 10444.833958735091,
      "psrf": 1.0001220819883838
    },
    "psi_P1": {
      "mean": 0.15776233508936338,
      "std": 0.05363795899892614,
      "p05": 0.0735752920795315,
      "p95": 0.2501625652873071,
      "ess": 9765.927272428711,
      "psrf": 1.0007392916379538
    },
    "psi_Y": {
      "mean": 0.22091079533163657,
      "std": 0.03525804644019832,
      "p05": 0.16256145152020357,
      "p95": 0.27879996841877297,
      "ess": 5659.992548453663,
      "psrf": 1.0001444975760099
    },
    "h_c": {
      "mean": 0.9879095362871727,
      "std": 0.002058856272743266,
      "p05": 0.9844500051122616,
      "p95": 0.9911494182179703,
      "ess": 5524.756527857301,
      "psrf": 1.0002265975980293
    },
    "phi_I2": {
      "mean": 4.592803279463433,
      "std": 4.631213603785061,
      "p05": 0.5401827319362269,
      "p95": 13.392979899764448,
      "ess": 1288.558519437394,
      "psrf": 1.0036271354473696
    },
    "phi_u": {
      "mean": 0.2960688077845071,
      "std": 0.11218013806063405,
      "p05": 0.09747159690894507,
      "p95": 0.46926269901179846,
      "ess": 1752.071079291162,
      "psrf": 1.0038963979296762
    }
  },
  "meta": {
    "n_samples": 140000,
    "note": "140000k draws etter burn-in (prosess avbrutt, salvaged)",
    "param_names": [
      "rho_A",
      "rho_C",
      "rho_O",
      "rho_Ys",
      "rho_rp",
      "rho_H",
      "sigma_C",
      "sigma_O",
      "sigma_Ys",
      "sigma_i",
      "sigma_P",
      "sigma_H",
      "psi_R",
      "psi_P1",
      "psi_Y",
      "h_c",
      "phi_I2",
      "phi_u"
    ],
    "phi_I1_fixed": 4.0,
    "sigma_rp_fixed": 0.006,
    "modellfix": [
      "A4a",
      "A4c",
      "CEE",
      "A5",
      "LTV-fortegn-E3E4"
    ],
    "prior_endringer": [
      "sigma_rp fjernet (fast=0.006)",
      "psi_R (0.01,0.92)"
    ],
    "psrf_max": 1.0055043178412197,
    "ess_min": 1040.0799115968946
  }
}