{
  "summary": {
    "rho_A": {
      "mean": 0.09102084914814994,
      "std": 0.05705723425904802,
      "p5": 0.02432684480430009,
      "p50": 0.0747966751555346,
      "p95": 0.20527971297305536,
      "km": 0.804,
      "psrf": 1.6951937053088515,
      "ess": 244.63106007739484
    },
    "rho_C": {
      "mean": 0.2290208111868595,
      "std": 0.055321807283274765,
      "p5": 0.15228745353871737,
      "p50": 0.22155073371764794,
      "p95": 0.33160920399107097,
      "km": 0.725,
      "psrf": 1.0342001687416715,
      "ess": 816.3962529273242
    },
    "rho_O": {
      "mean": 0.23958720214689605,
      "std": 0.050972150847748525,
      "p5": 0.16497956020744925,
      "p50": 0.2350878368253208,
      "p95": 0.3327825288414137,
      "km": 0.874,
      "psrf": 1.0102160610410815,
      "ess": 1139.5426337300157
    },
    "rho_Ys": {
      "mean": 0.34604742629528146,
      "std": 0.07412849180749446,
      "p5": 0.23083537585665634,
      "p50": 0.3424308707759206,
      "p95": 0.4729102643853783,
      "km": 0.783,
      "psrf": 1.018769074839691,
      "ess": 1250.3763906854706
    },
    "rho_rp": {
      "mean": 0.6520903192873115,
      "std": 0.14117771164849952,
      "p5": 0.4039585404204956,
      "p50": 0.6607944415446351,
      "p95": 0.8666078418104638,
      "km": 0.737,
      "psrf": 1.0036734625688766,
      "ess": 3305.801740327979
    },
    "rho_H": {
      "mean": 0.9150225943069117,
      "std": 0.01909280716107874,
      "p5": 0.8758719373885189,
      "p50": 0.9186156656452866,
      "p95": 0.9390726864559614,
      "km": 0.694,
      "psrf": 1.2023089861933116,
      "ess": 311.7249056486631
    },
    "sigma_C": {
      "mean": 0.11057806096932075,
      "std": 0.007417866746373166,
      "p5": 0.09842675496840447,
      "p50": 0.11054149250045871,
      "p95": 0.12276817701001298,
      "km": 0.03,
      "psrf": 1.1181030995243908,
      "ess": 477.0549636900958
    },
    "sigma_O": {
      "mean": 0.1485943261265998,
      "std": 0.00859837983909148,
      "p5": 0.13518970560437557,
      "p50": 0.14817281114932027,
      "p95": 0.16331072836033786,
      "km": 0.079,
      "psrf": 1.0481779156906201,
      "ess": 1054.275845665762
    },
    "sigma_Ys": {
      "mean": 0.017177762938482635,
      "std": 0.0013906081871637767,
      "p5": 0.01505593389961432,
      "p50": 0.017091862913000015,
      "p95": 0.019581437126901066,
      "km": 0.011,
      "psrf": 1.0050134933337733,
      "ess": 1433.4675511061746
    },
    "sigma_i": {
      "mean": 0.0003482844804559025,
      "std": 3.145960238036154e-05,
      "p5": 0.0003002793889394637,
      "p50": 0.00034620796798673717,
      "p95": 0.0004028762491489066,
      "km": 0.0003,
      "psrf": 1.0005577495763318,
      "ess": 3959.543110521599
    },
    "sigma_P": {
      "mean": 0.006492045946729047,
      "std": 0.0005385961081136063,
      "p5": 0.005668068334158461,
      "p50": 0.006459796417901726,
      "p95": 0.007435419344960858,
      "km": 0.003,
      "psrf": 1.004389443972651,
      "ess": 1496.5547952355764
    },
    "sigma_H": {
      "mean": 0.3485389124629983,
      "std": 0.027719614907805376,
      "p5": 0.30441030825370036,
      "p50": 0.3479030192419321,
      "p95": 0.39516587837394423,
      "km": 0.05,
      "psrf": 1.0216983135729965,
      "ess": 729.135321996771
    },
    "psi_R": {
      "mean": 0.9894554142931027,
      "std": 0.00037547869412525147,
      "p5": 0.9887245451150765,
      "p50": 0.9895409762421329,
      "p95": 0.9899036859036838,
      "km": 0.666,
      "psrf": 1.002004236207158,
      "ess": 2278.518817269226
    },
    "psi_P1": {
      "mean": 0.3060187813073749,
      "std": 0.0884876264705866,
      "p5": 0.15949709495555411,
      "p50": 0.3053356191483901,
      "p95": 0.45361284673246793,
      "km": 0.292,
      "psrf": 1.006870843712277,
      "ess": 1155.9647528304406
    },
    "psi_Y": {
      "mean": 0.29386965759805506,
      "std": 0.04715203733025947,
      "p5": 0.2157402110153971,
      "p50": 0.2933561750475806,
      "p95": 0.3713585933510951,
      "km": 0.242,
      "psrf": 1.0066964921942088,
      "ess": 1985.4438708188006
    },
    "gamma_p": {
      "mean": 0.15897220666070083,
      "std": 0.07698345950130621,
      "p5": 0.05314608659892528,
      "p50": 0.14806527006162803,
      "p95": 0.3000975255794217,
      "km": 0.35,
      "psrf": 1.0144170019122527,
      "ess": 987.1368969205691
    },
    "phi_I1": {
      "mean": 0.499734293118816,
      "std": 0.001002012790510287,
      "p5": 0.4980822135944939,
      "p50": 0.4997461232020232,
      "p95": 0.501383422105595,
      "km": 12.54,
      "psrf": 1.0030212059315446,
      "ess": 2002.8385102750324
    },
    "phi_I2": {
      "mean": 62.48471658669403,
      "std": 34.11441775006067,
      "p5": 10.677510594103317,
      "p50": 60.409516173375586,
      "p95": 122.42962413087699,
      "km": 165.66,
      "psrf": 1.0647028285500133,
      "ess": 487.28027432756846
    },
    "rho_s": {
      "mean": 0.05573262220972678,
      "std": 0.0038063920476044165,
      "p5": 0.051094690439984075,
      "p50": 0.05495275958798618,
      "p95": 0.06311829525005623,
      "km": 0.5,
      "psrf": 1.0340665834337177,
      "ess": 652.1856177980324
    },
    "phi_H1": {
      "mean": 60.729984808769935,
      "std": 0.0009860604580907105,
      "p5": 60.7283649417686,
      "p50": 60.729981482216196,
      "p95": 60.73161730359757,
      "km": 60.73,
      "psrf": 1.002066566350676,
      "ess": 2877.2818975356354
    },
    "sigma_A": {
      "mean": 0.006,
      "std": 0.0,
      "p5": 0.006,
      "p50": 0.006,
      "p95": 0.006,
      "km": 0.006,
      "psrf": 1.0,
      "ess": Infinity,
      "fixed": true
    }
  },
  "meta": {
    "n_production": 200000,
    "burnin": 15000,
    "acc_rate": 0.18787,
    "final_scale": 1.242986625319948,
    "n_recalibrations": 6,
    "recalib_log": [
      {
        "round": 0,
        "psrf_max": 2.74453665701357,
        "ess_min": 15.9544217287872,
        "scale_new": 3.0
      },
      {
        "round": 1,
        "psrf_max": 1.4337633036289967,
        "ess_min": 20.91851703048771,
        "scale_new": 3.1363199999999996
      },
      {
        "round": 2,
        "psrf_max": 1.0984839876464982,
        "ess_min": 49.89651282329551,
        "scale_new": 2.7699592848998393
      },
      {
        "round": 3,
        "psrf_max": 1.0985103936197451,
        "ess_min": 49.56622010155791,
        "scale_new": 2.6062436113251195
      },
      {
        "round": 4,
        "psrf_max": 1.1073791253649934,
        "ess_min": 38.75743025544624,
        "scale_new": 2.3977107625008847
      },
      {
        "round": 5,
        "psrf_max": 1.0911979743867901,
        "ess_min": 47.66728791468427,
        "scale_new": 2.8951954641790083
      }
    ],
    "psrf_final": 1.6951937053088515,
    "sigma_A_fixed": 0.006,
    "use_reparam": false,
    "ess_min": 244.63106007739484
  }
}