{
  "summary": {
    "rho_A": {
      "mean": 0.17326310314180388,
      "std": 0.08568716063386599,
      "q025": 0.05826320797723043,
      "q975": 0.3872484083716028
    },
    "rho_C": {
      "mean": 0.22878326980154556,
      "std": 0.05857000383326091,
      "q025": 0.14144172088517662,
      "q975": 0.3694518352979927
    },
    "rho_O": {
      "mean": 0.24189609949097002,
      "std": 0.0567707056435419,
      "q025": 0.15116413731459855,
      "q975": 0.3711637865813073
    },
    "rho_Ys": {
      "mean": 0.3444855747560183,
      "std": 0.07828664881166135,
      "q025": 0.2060752073994377,
      "q975": 0.5084782825780453
    },
    "rho_rp": {
      "mean": 0.6506951898963977,
      "std": 0.14370981538750607,
      "q025": 0.35761318749086474,
      "q975": 0.8990419258153389
    },
    "rho_H": {
      "mean": 0.9428838233483167,
      "std": 0.023729954065134267,
      "q025": 0.8893978971748819,
      "q975": 0.9803419309410587
    },
    "sigma_C": {
      "mean": 0.10697606658260757,
      "std": 0.008513817254229325,
      "q025": 0.09198591890620848,
      "q975": 0.12543193310497563
    },
    "sigma_O": {
      "mean": 0.1518675054215396,
      "std": 0.011979977475738647,
      "q025": 0.1303531356078369,
      "q975": 0.17708236033441707
    },
    "sigma_Ys": {
      "mean": 0.01708790921790836,
      "std": 0.0013952380891479085,
      "q025": 0.014539931216449944,
      "q975": 0.02001387871196998
    },
    "sigma_i": {
      "mean": 0.0017732579508464813,
      "std": 0.00019161841072984153,
      "q025": 0.0014373109369469534,
      "q975": 0.002184798917240273
    },
    "sigma_P": {
      "mean": 0.006921582947602177,
      "std": 0.0005824398469413649,
      "q025": 0.00589404111782558,
      "q975": 0.008144882737573621
    },
    "sigma_H": {
      "mean": 0.32961238973830853,
      "std": 0.028789176417772556,
      "q025": 0.27786041891801083,
      "q975": 0.3906846534724116
    },
    "psi_R": {
      "mean": 0.9017535005648494,
      "std": 0.004720808223257388,
      "q025": 0.8917619043793676,
      "q975": 0.9093197376960355
    },
    "psi_P1": {
      "mean": 0.4870717918802824,
      "std": 0.16601319468773687,
      "q025": 0.17242778101026313,
      "q975": 0.8157090070456953
    },
    "psi_Y": {
      "mean": 0.44251454994848605,
      "std": 0.05255241468357566,
      "q025": 0.3380797897215832,
      "q975": 0.5449420994142419
    },
    "gamma_p": {
      "mean": 0.6137028163670288,
      "std": 0.05094260110313475,
      "q025": 0.5139152865514679,
      "q975": 0.7138836663199258
    },
    "phi_I1": {
      "mean": 0.49975805746535257,
      "std": 0.0009951323779944124,
      "q025": 0.49779555723372904,
      "q975": 0.501709431132408
    },
    "phi_I2": {
      "mean": 65.06821542562109,
      "std": 39.66352649155711,
      "q025": 5.014900521019992,
      "q975": 152.23656338651045
    },
    "rho_s": {
      "mean": 0.0028525918696100275,
      "std": 0.002790779170890733,
      "q025": 7.54862851079386e-05,
      "q975": 0.010284695490425301
    },
    "phi_H1": {
      "mean": 60.72999372581591,
      "std": 0.0009995333266118972,
      "q025": 60.72805461044286,
      "q975": 60.73194989957231
    }
  }
}