{
  "summary": {
    "rho_A": {
      "mean": 0.38800841363276056,
      "std": 0.11036454624033344,
      "p05": 0.2065072883874312,
      "p95": 0.5649745831348983,
      "ess": 1972.8891545917606,
      "psrf": 1.0009129650165385
    },
    "rho_C": {
      "mean": 0.8039845884955856,
      "std": 0.20656259525502643,
      "p05": 0.37080824043242677,
      "p95": 0.9977740529476737,
      "ess": 1006.2246531398698,
      "psrf": 1.0038168965299714
    },
    "rho_O": {
      "mean": 0.2990784455988475,
      "std": 0.1012938975848008,
      "p05": 0.12943000696039336,
      "p95": 0.46767491365464336,
      "ess": 2370.0610447194636,
      "psrf": 1.0001217875653012
    },
    "rho_Ys": {
      "mean": 0.8146033136382645,
      "std": 0.07955588642289195,
      "p05": 0.6810970171163429,
      "p95": 0.9417909824922791,
      "ess": 4139.462417597396,
      "psrf": 1.0003465534293443
    },
    "rho_rp": {
      "mean": 0.7953014902948309,
      "std": 0.21709151798804613,
      "p05": 0.3416167847844997,
      "p95": 0.9982215594904956,
      "ess": 698.9862086356738,
      "psrf": 1.0001759612029923
    },
    "rho_H": {
      "mean": 0.7843702865053698,
      "std": 0.22009485321135844,
      "p05": 0.32085985059672256,
      "p95": 0.9975669526956331,
      "ess": 1715.585775729182,
      "psrf": 1.0019285753137328
    },
    "sigma_C": {
      "mean": 0.022732785119159712,
      "std": 0.0025503864998717234,
      "p05": 0.01879664631086842,
      "p95": 0.02720683486649068,
      "ess": 3274.815321687585,
      "psrf": 1.0018266366028792
    },
    "sigma_O": {
      "mean": 0.10147975803229979,
      "std": 0.008689981016106008,
      "p05": 0.08792956805641025,
      "p95": 0.11676228658731964,
      "ess": 1969.893917624017,
      "psrf": 1.0032144310926037
    },
    "sigma_Ys": {
      "mean": 0.0061223790830032,
      "std": 0.0008053527311239206,
      "p05": 0.004882530525113675,
      "p95": 0.007537199817297829,
      "ess": 3820.0922743062697,
      "psrf": 1.000702537940549
    },
    "sigma_rp": {
      "mean": 0.014242746928229622,
      "std": 0.0015755973019674183,
      "p05": 0.011781915072131659,
      "p95": 0.01695642198952586,
      "ess": 1395.5634396019573,
      "psrf": 1.0001689829418943
    },
    "sigma_i": {
      "mean": 0.00030607170968784695,
      "std": 2.6687740207580543e-05,
      "p05": 0.0002650470402352128,
      "p95": 0.0003521322896164712,
      "ess": 3791.6657744027807,
      "psrf": 1.001393653873657
    },
    "sigma_P": {
      "mean": 0.0048204554225372955,
      "std": 0.00041202927020514706,
      "p05": 0.004188037476292126,
      "p95": 0.005541485406880976,
      "ess": 3280.827778011655,
      "psrf": 1.0021681399150473
    },
    "sigma_H": {
      "mean": 0.12212426775028716,
      "std": 0.010737820305625161,
      "p05": 0.10574840887750063,
      "p95": 0.14071220927216907,
      "ess": 3148.2232995045892,
      "psrf": 1.0007191853804738
    },
    "psi_R": {
      "mean": 0.911451403839181,
      "std": 0.00590978321576095,
      "p05": 0.9000602536240174,
      "p95": 0.9184847577091868,
      "ess": 10098.917499304149,
      "psrf": 1.0002199161339425
    },
    "psi_P1": {
      "mean": 0.1328599075843615,
      "std": 0.051932647608524986,
      "p05": 0.06016994895410853,
      "p95": 0.22696533782730147,
      "ess": 8523.29484115273,
      "psrf": 1.000592118587645
    },
    "psi_Y": {
      "mean": 0.20847830610124135,
      "std": 0.04095112975369536,
      "p05": 0.14136822821502218,
      "p95": 0.27536751887390026,
      "ess": 4114.908000156354,
      "psrf": 1.0004227089819753
    },
    "phi_I1": {
      "mean": 0.10526477562144998,
      "std": 0.005061659286065131,
      "p05": 0.10025758244261862,
      "p95": 0.11599050217899265,
      "ess": 2515.9381174905757,
      "psrf": 1.0113986627617857
    },
    "phi_I2": {
      "mean": 8.60465077579636,
      "std": 3.580769630261224,
      "p05": 3.020847872545881,
      "p95": 14.808360118074303,
      "ess": 4845.279462390211,
      "psrf": 1.00086207862398
    },
    "phi_u": {
      "mean": 0.026686651729842907,
      "std": 0.014404354244448745,
      "p05": 0.011006992922198998,
      "p95": 0.05571322524913644,
      "ess": 1187.6422971238958,
      "psrf": 1.0127404884733182
    }
  },
  "meta": {
    "n_samples": 87000,
    "param_names": [
      "rho_A",
      "rho_C",
      "rho_O",
      "rho_Ys",
      "rho_rp",
      "rho_H",
      "sigma_C",
      "sigma_O",
      "sigma_Ys",
      "sigma_rp",
      "sigma_i",
      "sigma_P",
      "sigma_H",
      "psi_R",
      "psi_P1",
      "psi_Y",
      "phi_I1",
      "phi_I2",
      "phi_u"
    ],
    "phi_I1_free": true,
    "h_c_fixed": 0.938,
    "phi_O": 0.15,
    "phi_B": 0.0016,
    "psrf_max": 1.0127404884733182,
    "ess_min": 698.9862086356738,
    "ess_min_pct": 0.008034324237191654,
    "modellfix": [
      "A4d-QK-yk-koeff-1.0",
      "A_phi_L-1.50"
    ],
    "begrunnelse": "PE-godkjent (2026-05-21): A4d Q_K-koeff + phi_L=1.50"
  }
}