{
  "summary": {
    "rho_A": {
      "mean": 0.8590412927863008,
      "std": 0.05285355190344952,
      "p05": 0.7643858207286096,
      "p95": 0.935667625691,
      "ess": 3335.128488505905,
      "psrf": 1.0001647172177175,
      "km": 0.804
    },
    "rho_C": {
      "mean": 0.7980293590794222,
      "std": 0.2146051619816087,
      "p05": 0.3345317659021462,
      "p95": 0.9982370812808644,
      "ess": 2860.9464451775857,
      "psrf": 1.0016939163265648,
      "km": 0.725
    },
    "rho_O": {
      "mean": 0.3659074832036118,
      "std": 0.10557336152716913,
      "p05": 0.18773819161658648,
      "p95": 0.54100988621772,
      "ess": 3273.3888549606577,
      "psrf": 1.0018055926672997,
      "km": 0.874
    },
    "rho_Ys": {
      "mean": 0.8189773886303773,
      "std": 0.07199942252615102,
      "p05": 0.6949994559419307,
      "p95": 0.9321720486241872,
      "ess": 7235.913003440528,
      "psrf": 1.0005374585528914,
      "km": 0.783
    },
    "rho_rp": {
      "mean": 0.8029114119101765,
      "std": 0.2136413099631368,
      "p05": 0.3404526399975597,
      "p95": 0.998762314759859,
      "ess": 3012.0905855836904,
      "psrf": 1.0002980546943316,
      "km": 0.737
    },
    "rho_H": {
      "mean": 0.7989520777602728,
      "std": 0.21406864657955493,
      "p05": 0.3389817723704087,
      "p95": 0.9983832977619748,
      "ess": 4904.506954745058,
      "psrf": 1.0000150535360377,
      "km": 0.694
    },
    "sigma_C": {
      "mean": 0.015015695672577732,
      "std": 0.0025005290891175224,
      "p05": 0.010967044414453812,
      "p95": 0.019176213028737944,
      "ess": 5262.079710080248,
      "psrf": 1.0000968922704008,
      "km": 0.03
    },
    "sigma_O": {
      "mean": 0.10086052286907743,
      "std": 0.008727728278692379,
      "p05": 0.08731746301628378,
      "p95": 0.11592890059605587,
      "ess": 6228.124812384236,
      "psrf": 1.0004076776559123,
      "km": 0.079
    },
    "sigma_Ys": {
      "mean": 0.005935748604578644,
      "std": 0.0007644723174124158,
      "p05": 0.004758833005021292,
      "p95": 0.00726580021160008,
      "ess": 6812.583345166882,
      "psrf": 1.0005565903386315,
      "km": 0.011
    },
    "sigma_rp": {
      "mean": 0.016658734767977114,
      "std": 0.001509804701287713,
      "p05": 0.014328730959001775,
      "p95": 0.019286350020660373,
      "ess": 6089.3320199715545,
      "psrf": 1.0008658051578618,
      "km": 0.006
    },
    "sigma_i": {
      "mean": 0.00027673926872527464,
      "std": 2.290715939724614e-05,
      "p05": 0.00024127640294756994,
      "p95": 0.00031616186135284395,
      "ess": 7190.400949001844,
      "psrf": 1.0003973404402937,
      "km": 0.0003
    },
    "sigma_P": {
      "mean": 0.005744648108778118,
      "std": 0.0004753292593913396,
      "p05": 0.005015362118070301,
      "p95": 0.006567126002632831,
      "ess": 6824.745884257876,
      "psrf": 1.0004736581457532,
      "km": 0.003
    },
    "sigma_H": {
      "mean": 0.1487402268004562,
      "std": 0.012637823478923385,
      "p05": 0.12933536913159724,
      "p95": 0.17059289898581123,
      "ess": 6478.951339107403,
      "psrf": 1.0000759400875694,
      "km": 0.05
    },
    "psi_R": {
      "mean": 0.9637043756231171,
      "std": 0.01067423956798915,
      "p05": 0.9448915334972399,
      "p95": 0.979725236653415,
      "ess": 10284.961502059712,
      "psrf": 1.0002657517968094,
      "km": 0.666
    },
    "psi_P1": {
      "mean": 0.2793277393747595,
      "std": 0.08663370146793402,
      "p05": 0.13912969789311608,
      "p95": 0.4255496697881961,
      "ess": 10005.146664186643,
      "psrf": 1.0000771362782654,
      "km": 0.292
    },
    "psi_Y": {
      "mean": 0.2551277832364209,
      "std": 0.046786227587330316,
      "p05": 0.17738341230769436,
      "p95": 0.33233693956140675,
      "ess": 6956.208370039976,
      "psrf": 1.000413771886712,
      "km": 0.242
    },
    "h_c": {
      "mean": 0.987586969739629,
      "std": 0.002205059988326711,
      "p05": 0.9837817972700973,
      "p95": 0.9910577036152192,
      "ess": 5760.769654406946,
      "psrf": 1.000108352395375,
      "km": 0.938
    },
    "phi_I2": {
      "mean": 0.9359502758785176,
      "std": 0.3756285163300834,
      "p05": 0.5397133812480998,
      "p95": 1.622291919032652,
      "ess": 8867.777105188314,
      "psrf": 1.0000900503608314,
      "km": 8.0
    },
    "phi_u": {
      "mean": 0.3891699943506488,
      "std": 0.07494698812037491,
      "p05": 0.2709655253964812,
      "p95": 0.5172815475571212,
      "ess": 14217.358860699116,
      "psrf": 1.0000125103974633,
      "km": 0.2192
    }
  },
  "meta": {
    "n_samples": 160000,
    "n_params": 19,
    "phi_I1_fixed": 4.0,
    "use_reparam": true,
    "n_blocks": 5,
    "psrf_max": 1.0018055926672997,
    "ess_min": 2860.9464451775857,
    "note": "Delkjede 160000/200k \u2014 prosess avsluttet av system"
  }
}