{
  "summary": {
    "rho_A": {
      "mean": 0.09885508681528427,
      "std": 0.03304462250227026,
      "p5": 0.04978683648414704,
      "p50": 0.09612329042989179,
      "p95": 0.15746429558933578,
      "km": 0.804,
      "psrf": 1.0139442601054431,
      "ess": 1257.2674110028495
    },
    "rho_C": {
      "mean": 0.2774238279991212,
      "std": 0.06885063988672835,
      "p5": 0.17657048270607156,
      "p50": 0.27127766681866666,
      "p95": 0.3987576689714856,
      "km": 0.725,
      "psrf": 1.0204726858091295,
      "ess": 825.8080837019228
    },
    "rho_O": {
      "mean": 0.23739340289308283,
      "std": 0.05380752964391543,
      "p5": 0.16058981539108816,
      "p50": 0.23132844454255488,
      "p95": 0.33499343394478437,
      "km": 0.874,
      "psrf": 1.1027037307259577,
      "ess": 640.032211191375
    },
    "rho_Ys": {
      "mean": 0.3151862012993958,
      "std": 0.06232257181091133,
      "p5": 0.21626112746183668,
      "p50": 0.3128498429763342,
      "p95": 0.4209296801614588,
      "km": 0.783,
      "psrf": 1.1432541848759914,
      "ess": 549.0797317469035
    },
    "rho_rp": {
      "mean": 0.7481877684683106,
      "std": 0.10616688506444942,
      "p5": 0.5585154414628621,
      "p50": 0.7581454557928877,
      "p95": 0.9034213114822971,
      "km": 0.737,
      "psrf": 1.0066177943461352,
      "ess": 2265.418806077649
    },
    "rho_H": {
      "mean": 0.9420993875277732,
      "std": 0.015302524255143059,
      "p5": 0.9159479347203952,
      "p50": 0.9427441021363826,
      "p95": 0.9662489146690896,
      "km": 0.694,
      "psrf": 1.0171831392549116,
      "ess": 911.134081339502
    },
    "sigma_C": {
      "mean": 0.11123080916542906,
      "std": 0.008941699251713063,
      "p5": 0.0976422628049374,
      "p50": 0.11068860003937835,
      "p95": 0.12669840228566207,
      "km": 0.03,
      "psrf": 1.0471236649962357,
      "ess": 972.871885741755
    },
    "sigma_O": {
      "mean": 0.148367154642994,
      "std": 0.011398155071515084,
      "p5": 0.13028368421518977,
      "p50": 0.14803608065804927,
      "p95": 0.16763037373352796,
      "km": 0.079,
      "psrf": 1.038297357147837,
      "ess": 423.9424938819852
    },
    "sigma_Ys": {
      "mean": 0.016926324687977726,
      "std": 0.001375298609071713,
      "p5": 0.014834479754854763,
      "p50": 0.01683189384795086,
      "p95": 0.019297665114447676,
      "km": 0.011,
      "psrf": 1.00212623264335,
      "ess": 1774.1278069435245
    },
    "sigma_i": {
      "mean": 0.00028677488009973674,
      "std": 2.3663630280559972e-05,
      "p5": 0.0002501384270188397,
      "p50": 0.0002855747090992811,
      "p95": 0.0003276005424278687,
      "km": 0.0003,
      "psrf": 1.0008945922216508,
      "ess": 4903.881963749251
    },
    "sigma_P": {
      "mean": 0.006298031679711851,
      "std": 0.0005179320419362852,
      "p5": 0.005499994021626536,
      "p50": 0.00627143864220197,
      "p95": 0.007200596561060195,
      "km": 0.003,
      "psrf": 1.0027466968737784,
      "ess": 3734.1466835567635
    },
    "sigma_H": {
      "mean": 0.3288419465297786,
      "std": 0.028213249735333196,
      "p5": 0.28566802844228983,
      "p50": 0.3270071393714251,
      "p95": 0.3778259001793172,
      "km": 0.05,
      "psrf": 1.023884007109441,
      "ess": 2836.072988526891
    },
    "psi_R": {
      "mean": 0.9973707387996391,
      "std": 0.000846585886218396,
      "p5": 0.9958259941708849,
      "p50": 0.9974761434725288,
      "p95": 0.9985636708645941,
      "km": 0.666,
      "psrf": 1.0062431590168655,
      "ess": 2958.5444815145966
    },
    "psi_P1": {
      "mean": 0.32674107972703664,
      "std": 0.09011413745091533,
      "p5": 0.18009928796830538,
      "p50": 0.32673339762447234,
      "p95": 0.4739280371375826,
      "km": 0.292,
      "psrf": 1.2358605014650588,
      "ess": 438.6586545573127
    },
    "psi_Y": {
      "mean": 0.2219623375066743,
      "std": 0.03886198990425706,
      "p5": 0.1578329162328763,
      "p50": 0.22244285124802343,
      "p95": 0.28512907636717216,
      "km": 0.242,
      "psrf": 1.0503928548364558,
      "ess": 946.2438541798438
    },
    "gamma_p": {
      "mean": 0.13750699214361778,
      "std": 0.07252904396429806,
      "p5": 0.04135591128024786,
      "p50": 0.1260193985153807,
      "p95": 0.27341179267727245,
      "km": 0.35,
      "psrf": 1.0018000018777238,
      "ess": 2110.262864091119
    },
    "phi_I1": {
      "mean": 0.399394378473002,
      "std": 0.0009987589606237092,
      "p5": 0.39774756155766633,
      "p50": 0.3993971573155268,
      "p95": 0.4010440910009441,
      "km": 12.54,
      "psrf": 1.0023595218858017,
      "ess": 2679.211036071073
    },
    "phi_I2": {
      "mean": 72.38132369094154,
      "std": 24.171227062847066,
      "p5": 33.063597693254565,
      "p50": 71.93548083779189,
      "p95": 113.08543184028954,
      "km": 165.66,
      "psrf": 1.0115746282139486,
      "ess": 1895.0963252986407
    },
    "rho_s": {
      "mean": 0.055616354909265336,
      "std": 0.0038637323627094596,
      "p5": 0.051023700005748886,
      "p50": 0.05477928374974046,
      "p95": 0.0631097481676037,
      "km": 0.5,
      "psrf": 1.0181741635272796,
      "ess": 1131.3757813430302
    },
    "phi_H1": {
      "mean": 60.73004203192733,
      "std": 0.000999347574126405,
      "p5": 60.728402172050906,
      "p50": 60.7300497465766,
      "p95": 60.731678878320906,
      "km": 60.73,
      "psrf": 1.001278080424499,
      "ess": 3196.6898486736004
    },
    "sigma_A": {
      "mean": 0.006,
      "std": 0.0,
      "p5": 0.006,
      "p50": 0.006,
      "p95": 0.006,
      "km": 0.006,
      "psrf": 1.0,
      "ess": Infinity,
      "fixed": true
    }
  },
  "meta": {
    "n_production": 200000,
    "burnin": 15000,
    "acc_rate": 0.28503,
    "final_scale": 1.0889667714803029,
    "n_recalibrations": 6,
    "recalib_log": [
      {
        "round": 0,
        "psrf_max": 2.700790307145319,
        "ess_min": 16.843835644588196,
        "scale_new": 3.0
      },
      {
        "round": 1,
        "psrf_max": 1.7626344181920623,
        "ess_min": 15.961017122292857,
        "scale_new": 3.8083054141439994
      },
      {
        "round": 2,
        "psrf_max": 1.2527945032990868,
        "ess_min": 33.85764281753226,
        "scale_new": 3.391477283192677
      },
      {
        "round": 3,
        "psrf_max": 1.0673907969108063,
        "ess_min": 79.12900362694877,
        "scale_new": 2.836468808752761
      },
      {
        "round": 4,
        "psrf_max": 1.0587604299491913,
        "ess_min": 54.37513766689753,
        "scale_new": 2.609514997251788
      },
      {
        "round": 5,
        "psrf_max": 1.1344133756509898,
        "ess_min": 40.73375288419094,
        "scale_new": 2.976099664065719
      }
    ],
    "psrf_final": 1.2358605014650588,
    "sigma_A_fixed": 0.006,
    "use_reparam": false,
    "ess_min": 423.9424938819852
  }
}