{
  "summary": {
    "rho_A": {
      "mean": 0.0563056660068918,
      "std": 0.03406428764789849,
      "p5": 0.017947293216555135,
      "p50": 0.04818646047140813,
      "p95": 0.12328127959632988,
      "km": 0.804,
      "psrf": 1.0034933287035783,
      "ess": 1099.2670780108817
    },
    "rho_C": {
      "mean": 0.07030613637901277,
      "std": 0.0423487434130513,
      "p5": 0.020654424882153553,
      "p50": 0.06080609857871322,
      "p95": 0.15114065094992718,
      "km": 0.725,
      "psrf": 1.001051645629678,
      "ess": 1240.6313016043835
    },
    "rho_O": {
      "mean": 0.0982711567848636,
      "std": 0.05427680442419441,
      "p5": 0.027800186299296394,
      "p50": 0.08895629420301548,
      "p95": 0.20154231209820972,
      "km": 0.874,
      "psrf": 1.0002445426199202,
      "ess": 1883.9697058339848
    },
    "rho_Ys": {
      "mean": 0.24125004058339852,
      "std": 0.09631424036859335,
      "p5": 0.09231412773681569,
      "p50": 0.2361486990831182,
      "p95": 0.4082012382038315,
      "km": 0.783,
      "psrf": 1.000974730368985,
      "ess": 2892.7454603275355
    },
    "rho_rp": {
      "mean": 0.9507668984831913,
      "std": 0.026282801996169718,
      "p5": 0.9024161179542407,
      "p50": 0.9541420041380185,
      "p95": 0.9877757792911958,
      "km": 0.737,
      "psrf": 1.0009987932865774,
      "ess": 2744.2578791544374
    },
    "rho_H": {
      "mean": 0.540595865922853,
      "std": 0.0841430574567938,
      "p5": 0.41409602263200107,
      "p50": 0.5335085011923553,
      "p95": 0.689267509151471,
      "km": 0.694,
      "psrf": 1.001551171034242,
      "ess": 2307.355162217321
    },
    "sigma_C": {
      "mean": 0.10365115231025429,
      "std": 0.008360697064682605,
      "p5": 0.09099417304520974,
      "p50": 0.10310864294671869,
      "p95": 0.11834314622906134,
      "km": 0.03,
      "psrf": 1.000171143722003,
      "ess": 1832.8035191957674
    },
    "sigma_O": {
      "mean": 0.13473948908591132,
      "std": 0.011392511577234254,
      "p5": 0.11686853997537541,
      "p50": 0.13419090862003996,
      "p95": 0.15448196885654558,
      "km": 0.079,
      "psrf": 1.0014036612531312,
      "ess": 2054.6769840323345
    },
    "sigma_Ys": {
      "mean": 0.016760388202697207,
      "std": 0.0013562648489381258,
      "p5": 0.014660064609320664,
      "p50": 0.016692580749840317,
      "p95": 0.01909610996668264,
      "km": 0.011,
      "psrf": 1.0003260995352448,
      "ess": 2741.518728034894
    },
    "sigma_i": {
      "mean": 0.0003311088332549437,
      "std": 3.1418690939053994e-05,
      "p5": 0.00028351487708578986,
      "p50": 0.00032907841259262056,
      "p95": 0.000385514686169773,
      "km": 0.0003,
      "psrf": 1.001135081042882,
      "ess": 2066.1086806307844
    },
    "sigma_P": {
      "mean": 0.008567231702665653,
      "std": 0.000736172716808755,
      "p5": 0.007435169108666867,
      "p50": 0.008533690288213701,
      "p95": 0.009830015150860636,
      "km": 0.003,
      "psrf": 1.0039059065005047,
      "ess": 2303.638164704154
    },
    "sigma_H": {
      "mean": 0.2793458845337523,
      "std": 0.024266781195592533,
      "p5": 0.24208089301152244,
      "p50": 0.27797287784418634,
      "p95": 0.32120729559761163,
      "km": 0.05,
      "psrf": 1.0017682069827802,
      "ess": 2468.6698730761027
    },
    "psi_R": {
      "mean": 0.9893016985969671,
      "std": 0.00048407074687402494,
      "p5": 0.9883573228958201,
      "p50": 0.9894125647258504,
      "p95": 0.9898656303489022,
      "km": 0.666,
      "psrf": 1.0004822053313,
      "ess": 2602.2921358423014
    },
    "psi_P1": {
      "mean": 0.30086030307728245,
      "std": 0.09751337566349019,
      "p5": 0.1410580244606354,
      "p50": 0.2998427419148157,
      "p95": 0.4635370137221467,
      "km": 0.292,
      "psrf": 1.0015383712046566,
      "ess": 2362.6979455702626
    },
    "psi_Y": {
      "mean": 0.327572741413776,
      "std": 0.05015384965326506,
      "p5": 0.24559069298132513,
      "p50": 0.32745616322092763,
      "p95": 0.4104310275107979,
      "km": 0.242,
      "psrf": 1.0011060079780787,
      "ess": 1827.3856522594328
    },
    "gamma_p": {
      "mean": 0.7629142318032033,
      "std": 0.08934155362232482,
      "p5": 0.5989445658499225,
      "p50": 0.7729441728016854,
      "p95": 0.8907593390954446,
      "km": 0.35,
      "psrf": 1.003105900657228,
      "ess": 1354.9017708790032
    },
    "phi_I2": {
      "mean": 63.63288981540257,
      "std": 38.92661836639634,
      "p5": 8.818837135651355,
      "p50": 58.99431919142057,
      "p95": 134.34988991702318,
      "km": 165.66,
      "psrf": 1.0001424174278064,
      "ess": 2626.5175740807877
    },
    "phi_O": {
      "mean": 0.2057451012281362,
      "std": 0.014657277387729213,
      "p5": 0.18245099479465104,
      "p50": 0.20526584433991146,
      "p95": 0.23043527977172634,
      "km": 0.15,
      "psrf": 1.0028296057082218,
      "ess": 2047.1294239335482
    },
    "phi_H1": {
      "mean": 60.73077794684164,
      "std": 5.068647833917368,
      "p5": 52.248314708603786,
      "p50": 60.77491157062512,
      "p95": 68.9237539971587,
      "km": 60.73,
      "psrf": 1.0005665720212877,
      "ess": 2830.7413915909574
    },
    "sigma_A": {
      "mean": 0.006,
      "std": 0.0,
      "p5": 0.006,
      "p50": 0.006,
      "p95": 0.006,
      "km": 0.006,
      "psrf": 1.0,
      "ess": Infinity,
      "fixed": true
    }
  },
  "meta": {
    "n_production": 200000,
    "burnin": 30000,
    "acc_rate": 0.290445,
    "final_scale": 0.8480600503808434,
    "n_recalibrations": 5,
    "recalib_log": [
      {
        "round": 0,
        "psrf_max": 1.4227831586668978,
        "ess_min": 33.224000958282375,
        "scale_new": 3.0
      },
      {
        "round": 1,
        "psrf_max": 1.096259230015575,
        "ess_min": 96.86236092968845,
        "scale_new": 2.8979596800000005
      },
      {
        "round": 2,
        "psrf_max": 1.0703840277142507,
        "ess_min": 69.75533041859649,
        "scale_new": 2.6600688698155723
      },
      {
        "round": 3,
        "psrf_max": 1.0421812454228525,
        "ess_min": 83.87963800565174,
        "scale_new": 2.4015142846994184
      },
      {
        "round": 4,
        "psrf_max": 1.0181160662816138,
        "ess_min": 101.2076272206416,
        "scale_new": 2.7101135073314913
      }
    ],
    "psrf_final": 1.0039059065005047,
    "sigma_A_fixed": 0.006,
    "use_reparam": true,
    "ess_min": 1099.2670780108817
  }
}