{
  "summary": {
    "rho_A": {
      "mean": 0.1278000300135735,
      "std": 0.07464294999297662,
      "p5": 0.03424638568220549,
      "p50": 0.11323988616671182,
      "p95": 0.27274543825058867,
      "km": 0.804,
      "psrf": 1.0055604200024955,
      "ess": 789.9876620079593
    },
    "rho_C": {
      "mean": 0.14333410942282365,
      "std": 0.08451144929219687,
      "p5": 0.036540423912784704,
      "p50": 0.12650739135001213,
      "p95": 0.3054354877886886,
      "km": 0.725,
      "psrf": 1.0021878960098989,
      "ess": 683.6365438342021
    },
    "rho_O": {
      "mean": 0.27239653916733475,
      "std": 0.09821153899694593,
      "p5": 0.11781606308169826,
      "p50": 0.2706155701252151,
      "p95": 0.4420960195328942,
      "km": 0.874,
      "psrf": 1.0050230173674124,
      "ess": 1192.0564657571936
    },
    "rho_Ys": {
      "mean": 0.7987737934496818,
      "std": 0.07768998172629808,
      "p5": 0.6638752212727635,
      "p50": 0.8026150730771309,
      "p95": 0.9209387987921996,
      "km": 0.783,
      "psrf": 1.0039991452095391,
      "ess": 914.2603183192336
    },
    "rho_rp": {
      "mean": 0.8156192578487811,
      "std": 0.1968135306648238,
      "p5": 0.3991749055219814,
      "p50": 0.8895530767801966,
      "p95": 0.9986628832255495,
      "km": 0.737,
      "psrf": 1.004084297135566,
      "ess": 1045.4502961780138
    },
    "rho_H": {
      "mean": 0.5238139701017809,
      "std": 0.11566431034697428,
      "p5": 0.32676657712507623,
      "p50": 0.5263761962114891,
      "p95": 0.7111630377221297,
      "km": 0.694,
      "psrf": 1.001242042963242,
      "ess": 702.2729115603842
    },
    "sigma_A": {
      "mean": 0.006,
      "std": 0.0,
      "p5": 0.006,
      "p50": 0.006,
      "p95": 0.006,
      "km": 0.006,
      "psrf": 1.0,
      "ess": Infinity,
      "fixed": true
    },
    "sigma_C": {
      "mean": 0.022659784805997847,
      "std": 0.0025295322228721406,
      "p5": 0.018660548218053574,
      "p50": 0.022541822125667778,
      "p95": 0.02687962625950109,
      "km": 0.03,
      "psrf": 1.0029000520976783,
      "ess": 1004.4432363337806
    },
    "sigma_O": {
      "mean": 0.08666919202848394,
      "std": 0.007655105411707381,
      "p5": 0.07492363756181047,
      "p50": 0.08610499757723229,
      "p95": 0.10015360666024505,
      "km": 0.079,
      "psrf": 1.0049138087350338,
      "ess": 1082.2349057541899
    },
    "sigma_Ys": {
      "mean": 0.006030560898475359,
      "std": 0.0008022617683533021,
      "p5": 0.004797773885996489,
      "p50": 0.005976693056081078,
      "p95": 0.0074061039832458275,
      "km": 0.011,
      "psrf": 1.0004566104004022,
      "ess": 1408.4940139729333
    },
    "sigma_i": {
      "mean": 0.00026097908220731186,
      "std": 2.2150158778421942e-05,
      "p5": 0.00022565658913158815,
      "p50": 0.0002600058943366306,
      "p95": 0.0002992980082235265,
      "km": 0.0003,
      "psrf": 1.001770173265676,
      "ess": 1663.7624493928317
    },
    "sigma_P": {
      "mean": 0.0045944667047850985,
      "std": 0.0003991956314070186,
      "p5": 0.003975295356090326,
      "p50": 0.004575191394157689,
      "p95": 0.00528983322297524,
      "km": 0.003,
      "psrf": 1.000945218241741,
      "ess": 1045.8695392835177
    },
    "sigma_H": {
      "mean": 0.09519068510034293,
      "std": 0.011806408036836495,
      "p5": 0.07671265733696336,
      "p50": 0.09473437708336106,
      "p95": 0.11523746101852907,
      "km": 0.05,
      "psrf": 1.0013625583212789,
      "ess": 1410.3793916241646
    },
    "psi_R": {
      "mean": 0.9528328473039802,
      "std": 0.011995741858849454,
      "p5": 0.9323171043062389,
      "p50": 0.9534225101449653,
      "p95": 0.9716183696271068,
      "km": 0.666,
      "psrf": 1.0043604400092152,
      "ess": 1176.5777573270723
    },
    "psi_P1": {
      "mean": 0.21012725660253367,
      "std": 0.08033027993864396,
      "p5": 0.08625402193450382,
      "p50": 0.2060436460878517,
      "p95": 0.34918236692001703,
      "km": 0.292,
      "psrf": 1.0052617639045203,
      "ess": 816.2603301289724
    },
    "psi_Y": {
      "mean": 0.25813295276046927,
      "std": 0.0443376123859937,
      "p5": 0.18658367160985717,
      "p50": 0.25681872608817574,
      "p95": 0.3319407521997409,
      "km": 0.242,
      "psrf": 1.0192105376940621,
      "ess": 415.098152107896
    },
    "gamma_p": {
      "mean": 0.23463358275083257,
      "std": 0.12360326030305806,
      "p5": 0.07288216253839122,
      "p50": 0.21328410076847049,
      "p95": 0.465315819673027,
      "km": 0.35,
      "psrf": 1.0111405371591546,
      "ess": 468.426010207419
    },
    "phi_I1": {
      "mean": 0.15372336337709203,
      "std": 0.04061576087654622,
      "p5": 0.10476454013300038,
      "p50": 0.1454967012331114,
      "p95": 0.23099997602231637,
      "km": 4.0,
      "psrf": 1.000445429542429,
      "ess": 1136.6308805902981
    },
    "phi_I2": {
      "mean": 8.3270211377798,
      "std": 3.6327450068981983,
      "p5": 2.489023948394161,
      "p50": 8.249099939667765,
      "p95": 14.41564499381711,
      "km": 8.0,
      "psrf": 1.0006218124761974,
      "ess": 1489.1333262114586
    },
    "phi_u": {
      "mean": 0.037679837331377246,
      "std": 0.02474386778762463,
      "p5": 0.011666168058371697,
      "p50": 0.03059744255517521,
      "p95": 0.08965196850554316,
      "km": 0.2192,
      "psrf": 1.0082647978552182,
      "ess": 561.8517911962903
    },
    "phi_PQ": {
      "mean": 584.3551149041631,
      "std": 304.0906955728562,
      "p5": 104.41435563223848,
      "p50": 578.7051827314042,
      "p95": 1088.9331289541929,
      "km": 669.0,
      "psrf": 1.0017375033698528,
      "ess": 1471.7420554576177
    }
  },
  "meta": {
    "n_production": 200000,
    "burnin": 20000,
    "acc_rate": 0.190885,
    "final_scale": 0.8785883211320573,
    "n_recalibrations": 5,
    "recalib_log": [
      {
        "round": 0,
        "psrf_max": 1.108167727403766,
        "ess_min": 31.387782403753743,
        "scale_new": 3.0
      },
      {
        "round": 1,
        "psrf_max": 1.164103986190641,
        "ess_min": 30.238967124773225,
        "scale_new": 3.69327904653312
      },
      {
        "round": 2,
        "psrf_max": 1.5028583853070283,
        "ess_min": 28.85813752288864,
        "scale_new": 4.035215708491346
      },
      {
        "round": 3,
        "psrf_max": 1.2226353044842593,
        "ess_min": 39.236404974334576,
        "scale_new": 3.1361905775278593
      },
      {
        "round": 4,
        "psrf_max": 1.1221002542151677,
        "ess_min": 46.19946888711269,
        "scale_new": 2.8437075133777956
      }
    ],
    "psrf_final": 1.0192105376940621,
    "sigma_A_fixed": 0.006,
    "use_reparam": false,
    "ess_min": 415.098152107896
  }
}