{
  "summary": {
    "rho_A": {
      "mean": 0.14585823243254245,
      "std": 0.06538729970104608,
      "p5": 0.06270377580409757,
      "p50": 0.135086555348484,
      "p95": 0.26217521129456195,
      "km": 0.804,
      "psrf": 1.0005950254716467,
      "ess": 856.0219869918692
    },
    "rho_C": {
      "mean": 0.23207240478340577,
      "std": 0.05738031397637605,
      "p5": 0.1523926789678471,
      "p50": 0.22432158988039502,
      "p95": 0.3383925754651885,
      "km": 0.725,
      "psrf": 1.0014586729776036,
      "ess": 1618.4207533836206
    },
    "rho_O": {
      "mean": 0.2399659151881061,
      "std": 0.05711506861744183,
      "p5": 0.16003937723499595,
      "p50": 0.2325353906237883,
      "p95": 0.3430952806954597,
      "km": 0.874,
      "psrf": 1.0010045352289139,
      "ess": 1099.0973851481306
    },
    "rho_Ys": {
      "mean": 0.34443084576124505,
      "std": 0.07915861080275045,
      "p5": 0.22393280634387078,
      "p50": 0.33908939852525655,
      "p95": 0.4821872277888853,
      "km": 0.783,
      "psrf": 1.0048452546690463,
      "ess": 1359.7104067333544
    },
    "rho_rp": {
      "mean": 0.6587909990558554,
      "std": 0.14149781158327585,
      "p5": 0.4103905009643118,
      "p50": 0.6663701535824906,
      "p95": 0.8754980723808732,
      "km": 0.737,
      "psrf": 1.000284803281666,
      "ess": 1600.3185815576273
    },
    "rho_H": {
      "mean": 0.9664623329506415,
      "std": 0.01925905301201439,
      "p5": 0.9277829102717605,
      "p50": 0.9719538656052277,
      "p95": 0.9865203940333198,
      "km": 0.694,
      "psrf": 1.0034836377584384,
      "ess": 1356.1850886696993
    },
    "sigma_C": {
      "mean": 0.10713109600617572,
      "std": 0.008443667068963363,
      "p5": 0.09437970296984317,
      "p50": 0.10648301903729261,
      "p95": 0.12198845753479083,
      "km": 0.03,
      "psrf": 1.0001940089505441,
      "ess": 1490.6374442551964
    },
    "sigma_O": {
      "mean": 0.15117409145445793,
      "std": 0.012332974933912687,
      "p5": 0.13223718501300818,
      "p50": 0.1503570863217194,
      "p95": 0.17261858428822363,
      "km": 0.079,
      "psrf": 1.0005921008336074,
      "ess": 1558.587260895608
    },
    "sigma_Ys": {
      "mean": 0.017064102667569653,
      "std": 0.001416951838684816,
      "p5": 0.014905043370236003,
      "p50": 0.01696177614291408,
      "p95": 0.0195316596068051,
      "km": 0.011,
      "psrf": 1.0031107262671655,
      "ess": 1559.8481726021591
    },
    "sigma_i": {
      "mean": 0.0006471832344821561,
      "std": 6.202710661418767e-05,
      "p5": 0.0005526751707615994,
      "p50": 0.0006425347022433588,
      "p95": 0.000755966945668177,
      "km": 0.0003,
      "psrf": 1.0002730573794756,
      "ess": 1568.0051132079493
    },
    "sigma_P": {
      "mean": 0.006953303985502866,
      "std": 0.0005603982221165838,
      "p5": 0.0060778717035579926,
      "p50": 0.006925309527532188,
      "p95": 0.007925146361857661,
      "km": 0.003,
      "psrf": 1.000255759388758,
      "ess": 1540.6130798112702
    },
    "sigma_H": {
      "mean": 0.3405113951005503,
      "std": 0.030616003358589793,
      "p5": 0.2936497669069655,
      "p50": 0.33825444858986997,
      "p95": 0.3947691715242878,
      "km": 0.05,
      "psrf": 1.0010166608485962,
      "ess": 1679.7432494308946
    },
    "psi_R": {
      "mean": 0.9695655531734592,
      "std": 0.00043315817471258164,
      "p5": 0.9687039698252256,
      "p50": 0.9696973303184875,
      "p95": 0.9699772223928836,
      "km": 0.666,
      "psrf": 1.0036403066666735,
      "ess": 416.61674014185564
    },
    "psi_P1": {
      "mean": 0.406247657400919,
      "std": 0.1710941315317451,
      "p5": 0.15023623611828074,
      "p50": 0.3906760438347603,
      "p95": 0.7095603226540654,
      "km": 0.292,
      "psrf": 1.002507186472022,
      "ess": 1391.6632942494898
    },
    "psi_Y": {
      "mean": 0.34904215820434753,
      "std": 0.0465531650626962,
      "p5": 0.27271919776539466,
      "p50": 0.3491189270892011,
      "p95": 0.42537865436987093,
      "km": 0.242,
      "psrf": 1.00193338941076,
      "ess": 1548.9697441278656
    },
    "gamma_p": {
      "mean": 0.620283992883911,
      "std": 0.051263237771719164,
      "p5": 0.5354357246477198,
      "p50": 0.6210941665811751,
      "p95": 0.7042916916905375,
      "km": 0.35,
      "psrf": 1.0031573657716495,
      "ess": 1547.1543796597327
    },
    "phi_I1": {
      "mean": 0.4997151403272213,
      "std": 0.001010143610606253,
      "p5": 0.4980833971656705,
      "p50": 0.4996936442819676,
      "p95": 0.5013887671204664,
      "km": 12.54,
      "psrf": 1.001957212816891,
      "ess": 1541.8478192873763
    },
    "phi_I2": {
      "mean": 62.85509841956666,
      "std": 39.01725365741368,
      "p5": 8.743103736865542,
      "p50": 58.07647046515778,
      "p95": 134.89639417352805,
      "km": 165.66,
      "psrf": 1.0025637869967234,
      "ess": 2081.183417840378
    },
    "rho_s": {
      "mean": 0.002865436236391256,
      "std": 0.0028219656482059955,
      "p5": 0.00014859965548195714,
      "p50": 0.0020179268753285837,
      "p95": 0.008368077655416861,
      "km": 0.5,
      "psrf": 1.0016250117009333,
      "ess": 1170.6169782885652
    },
    "phi_H1": {
      "mean": 60.729985686133745,
      "std": 0.0009818955016679802,
      "p5": 60.72838290058878,
      "p50": 60.72997996993326,
      "p95": 60.73159082388869,
      "km": 60.73,
      "psrf": 1.0003931738095366,
      "ess": 1930.540327918115
    },
    "sigma_A": {
      "mean": 0.006,
      "std": 0.0,
      "p5": 0.006,
      "p50": 0.006,
      "p95": 0.006,
      "km": 0.006,
      "psrf": 1.0,
      "ess": Infinity,
      "fixed": true
    }
  },
  "meta": {
    "n_production": 200000,
    "burnin": 30000,
    "acc_rate": 0.198825,
    "final_scale": 0.9066877790554737,
    "n_recalibrations": 10,
    "recalib_log": [
      {
        "round": 0,
        "psrf_max": 1.7889765910161348,
        "ess_min": 31.199258539332543,
        "scale_new": 3.0
      },
      {
        "round": 1,
        "psrf_max": 1.6911969876909652,
        "ess_min": 27.017326316259247,
        "scale_new": 3.0640866761218106
      },
      {
        "round": 2,
        "psrf_max": 1.2983857957179863,
        "ess_min": 48.30705927304062,
        "scale_new": 2.4883718947222913
      },
      {
        "round": 3,
        "psrf_max": 1.1321119419838346,
        "ess_min": 71.78151704139637,
        "scale_new": 2.7676953801278277
      },
      {
        "round": 4,
        "psrf_max": 1.0650813999944226,
        "ess_min": 81.93281910053196,
        "scale_new": 2.2356381035615938
      },
      {
        "round": 5,
        "psrf_max": 1.101792284064975,
        "ess_min": 67.75340222650145,
        "scale_new": 2.6817060441277576
      },
      {
        "round": 6,
        "psrf_max": 1.0710718660077179,
        "ess_min": 68.32524489881285,
        "scale_new": 2.2370486838006176
      },
      {
        "round": 7,
        "psrf_max": 1.0542799513170111,
        "ess_min": 58.051553470576664,
        "scale_new": 2.580578160716283
      },
      {
        "round": 8,
        "psrf_max": 1.0570115756242948,
        "ess_min": 78.30226924900836,
        "scale_new": 2.3679578489102857
      },
      {
        "round": 9,
        "psrf_max": 1.0395797697401639,
        "ess_min": 93.57992472835647,
        "scale_new": 2.6245545662173737
      }
    ],
    "psrf_final": 1.0048452546690463,
    "sigma_A_fixed": 0.006,
    "use_reparam": false,
    "ess_min": 416.61674014185564
  }
}