{
  "meta": {
    "n_draws": 117000,
    "n_params": 20,
    "psrf_max": 1.006057167999424,
    "ess_min": 478.38290357336984,
    "b5_by4": 1.2019,
    "b5_bpi4": 0.5528,
    "b5_pass": true,
    "rmse_all": 0.0599,
    "rmse_pre": 0.0614,
    "rmse_post": 0.0531,
    "rmse_pass": true,
    "source": "chain_kj31_prod_partial.npy (avkortet ved 117k/200k \u2014 container timeout)",
    "convergence": "BEST\u00c5TT: max PSRF=1.006, ESS_min=478"
  },
  "summary": {
    "rho_A": {
      "mean": 0.14553284340658784,
      "std": 0.061108070002396084,
      "p5": 0.06217215137534145,
      "p95": 0.2614805629500453,
      "psrf": 1.0016433677052643,
      "ess": 1415.3668621063157
    },
    "rho_C": {
      "mean": 0.23296341256408346,
      "std": 0.05911609748812571,
      "p5": 0.1518744649286904,
      "p95": 0.3434154818968121,
      "psrf": 1.0010754737186813,
      "ess": 1366.2161910336388
    },
    "rho_O": {
      "mean": 0.23789729173671043,
      "std": 0.05552706627978549,
      "p5": 0.15898349388224112,
      "p95": 0.34127570648335803,
      "psrf": 1.003269014057593,
      "ess": 732.6651539165658
    },
    "rho_Ys": {
      "mean": 0.33855060382883057,
      "std": 0.07882074173841268,
      "p5": 0.21947980497360647,
      "p95": 0.4764868823037169,
      "psrf": 1.0023789574345274,
      "ess": 924.1876165022428
    },
    "rho_rp": {
      "mean": 0.6541797663014904,
      "std": 0.14555163955426803,
      "p5": 0.39702012382906554,
      "p95": 0.8742271442381756,
      "psrf": 1.0032342670109815,
      "ess": 776.0310417245122
    },
    "rho_H": {
      "mean": 0.9649574061848921,
      "std": 0.016760699025676326,
      "p5": 0.9336701992709122,
      "p95": 0.9852237942987542,
      "psrf": 1.006057167999424,
      "ess": 1223.3163664163862
    },
    "sigma_C": {
      "mean": 0.10925010887768599,
      "std": 0.008539197232618844,
      "p5": 0.09612600816927339,
      "p95": 0.12429798833979351,
      "psrf": 1.0039796534926908,
      "ess": 645.7783245069853
    },
    "sigma_O": {
      "mean": 0.15200425082620567,
      "std": 0.012172613227591826,
      "p5": 0.13310523173750083,
      "p95": 0.17286500109726502,
      "psrf": 1.0011913749389556,
      "ess": 1134.095760513202
    },
    "sigma_Ys": {
      "mean": 0.017310358602607524,
      "std": 0.0014008076909181287,
      "p5": 0.015157597071421492,
      "p95": 0.019740234142112463,
      "psrf": 1.00067334745439,
      "ess": 960.7440360520264
    },
    "sigma_i": {
      "mean": 0.00033794092231892187,
      "std": 3.15277858831237e-05,
      "p5": 0.00028958372159722186,
      "p95": 0.0003931535307744739,
      "psrf": 1.0000304730391536,
      "ess": 1552.7950099920658
    },
    "sigma_P": {
      "mean": 0.006473002734048837,
      "std": 0.0005554160645177271,
      "p5": 0.005614013167364428,
      "p95": 0.007450700643601662,
      "psrf": 1.004734364993251,
      "ess": 812.8980512043884
    },
    "sigma_H": {
      "mean": 0.33965713148472676,
      "std": 0.030122303231689743,
      "p5": 0.29436756177190754,
      "p95": 0.39231312715885086,
      "psrf": 1.001262335434884,
      "ess": 1020.1589440893222
    },
    "psi_R": {
      "mean": 0.9894138640066114,
      "std": 0.00041292498705169066,
      "p5": 0.988602156911411,
      "p95": 0.9898945498703974,
      "psrf": 1.004699095001689,
      "ess": 557.1643160510453
    },
    "psi_P1": {
      "mean": 0.3107233645529563,
      "std": 0.09733971012306263,
      "p5": 0.1507639445591228,
      "p95": 0.47346789922547067,
      "psrf": 1.0034242022427373,
      "ess": 1284.407675718059
    },
    "psi_Y": {
      "mean": 0.2950607772772674,
      "std": 0.047878033318820734,
      "p5": 0.21544779644096176,
      "p95": 0.37300298204130755,
      "psrf": 1.0042660888691144,
      "ess": 1046.6931261600687
    },
    "gamma_p": {
      "mean": 0.16992131062682217,
      "std": 0.09304061843606354,
      "p5": 0.0491997189072732,
      "p95": 0.3444503003244399,
      "psrf": 1.003963025506739,
      "ess": 1141.2272951595046
    },
    "phi_I1": {
      "mean": 0.4997529977575025,
      "std": 0.0010136304272759882,
      "p5": 0.4980938028384342,
      "p95": 0.5014087833871922,
      "psrf": 1.0004244617173081,
      "ess": 1342.3374309127664
    },
    "phi_I2": {
      "mean": 67.91796773432652,
      "std": 40.40070327019517,
      "p5": 9.456712254402468,
      "p95": 140.56243325212367,
      "psrf": 1.002341388535634,
      "ess": 1053.2961758336799
    },
    "rho_s": {
      "mean": 0.05484869723649386,
      "std": 0.003383217090228809,
      "p5": 0.05087718721110681,
      "p95": 0.06132537853172196,
      "psrf": 1.0027215743979647,
      "ess": 478.38290357336984
    },
    "phi_H1": {
      "mean": 60.72997047125631,
      "std": 0.0010239036207273999,
      "p5": 60.72829149823103,
      "p95": 60.73164258699394,
      "psrf": 1.0016537431572896,
      "ess": 1292.5558419288732
    }
  }
}