{
  "summary": {
    "rho_A": {
      "mean": 0.12476246463036925,
      "std": 0.0679139231188434,
      "p5": 0.034034157970206286,
      "p50": 0.11494177094121144,
      "p95": 0.2516174713075903,
      "km": 0.804,
      "psrf": 1.0101436827167443,
      "ess": 1429.752267253962
    },
    "rho_C": {
      "mean": 0.14000607769458986,
      "std": 0.08569940147640906,
      "p5": 0.03496892850847777,
      "p50": 0.12326256845497237,
      "p95": 0.30206910710112767,
      "km": 0.725,
      "psrf": 1.0066811956918615,
      "ess": 421.513661125276
    },
    "rho_O": {
      "mean": 0.26598700525873387,
      "std": 0.09347499269507084,
      "p5": 0.1194844698738074,
      "p50": 0.262200115506169,
      "p95": 0.42691936414617454,
      "km": 0.874,
      "psrf": 1.0667869591782075,
      "ess": 259.4610225333406
    },
    "rho_Ys": {
      "mean": 0.8111303044099873,
      "std": 0.07519960457948105,
      "p5": 0.6826815201381138,
      "p50": 0.8146140258540646,
      "p95": 0.9303419216677886,
      "km": 0.783,
      "psrf": 1.0004571217192226,
      "ess": 761.1008959466948
    },
    "rho_rp": {
      "mean": 0.7210125830267409,
      "std": 0.20913192786434384,
      "p5": 0.3427858270697649,
      "p50": 0.7459902865466583,
      "p95": 0.9942737396307809,
      "km": 0.737,
      "psrf": 1.0148511891728327,
      "ess": 356.2653459791133
    },
    "rho_H": {
      "mean": 0.6207173039369805,
      "std": 0.057955109247520294,
      "p5": 0.5275332490536989,
      "p50": 0.6206456633825517,
      "p95": 0.7160969363922356,
      "km": 0.694,
      "psrf": 1.1457227897818143,
      "ess": 235.2560860127005
    },
    "sigma_A": {
      "mean": 0.006,
      "std": 0.0,
      "p5": 0.006,
      "p50": 0.006,
      "p95": 0.006,
      "km": 0.006,
      "psrf": 1.0,
      "ess": Infinity,
      "fixed": true
    },
    "sigma_C": {
      "mean": 0.02266953901122748,
      "std": 0.002589716509857614,
      "p5": 0.018694200108404693,
      "p50": 0.022567970683477424,
      "p95": 0.027004824791923576,
      "km": 0.03,
      "psrf": 1.0025860392348407,
      "ess": 636.7243828413809
    },
    "sigma_O": {
      "mean": 0.08645566647771538,
      "std": 0.006903797320353918,
      "p5": 0.07554792579673966,
      "p50": 0.0861707227982772,
      "p95": 0.09820088084790428,
      "km": 0.079,
      "psrf": 1.0396174407980547,
      "ess": 297.34289868629156
    },
    "sigma_Ys": {
      "mean": 0.005988359405979105,
      "std": 0.0008206219705925527,
      "p5": 0.004720073391600557,
      "p50": 0.00594557267065651,
      "p95": 0.007414750583550175,
      "km": 0.011,
      "psrf": 1.0016008490978616,
      "ess": 1384.0140858088703
    },
    "sigma_i": {
      "mean": 0.00026471134189974885,
      "std": 2.464953391589373e-05,
      "p5": 0.0002274273459558638,
      "p50": 0.00026331612922903317,
      "p95": 0.0003074704510266191,
      "km": 0.0003,
      "psrf": 1.0003908210387054,
      "ess": 1493.9023135968216
    },
    "sigma_P": {
      "mean": 0.004602810717917267,
      "std": 0.00040137412649050863,
      "p5": 0.003977789184917218,
      "p50": 0.004578081595538054,
      "p95": 0.0052979965840502,
      "km": 0.003,
      "psrf": 1.0041741953510046,
      "ess": 1171.3208093657295
    },
    "sigma_H": {
      "mean": 0.0891274434701538,
      "std": 0.009472450698976334,
      "p5": 0.07425162410887468,
      "p50": 0.08858272173832787,
      "p95": 0.1052260410097302,
      "km": 0.05,
      "psrf": 1.013767558801113,
      "ess": 445.93903856804235
    },
    "psi_R": {
      "mean": 0.9441206309490541,
      "std": 0.011432854282445492,
      "p5": 0.9248053539150141,
      "p50": 0.9445014605234904,
      "p95": 0.9621350659039495,
      "km": 0.666,
      "psrf": 1.0138730190181138,
      "ess": 322.01098773325214
    },
    "psi_P1": {
      "mean": 0.16750801941605728,
      "std": 0.062479992517782953,
      "p5": 0.07129130947088493,
      "p50": 0.1639842696909521,
      "p95": 0.2756399433229104,
      "km": 0.292,
      "psrf": 1.094091382719719,
      "ess": 341.37328446882003
    },
    "psi_Y": {
      "mean": 0.2582628324666735,
      "std": 0.035549770251594344,
      "p5": 0.19951320252338142,
      "p50": 0.2590231645814574,
      "p95": 0.3159683559724836,
      "km": 0.242,
      "psrf": 1.1012296477285188,
      "ess": 390.14698022892173
    },
    "gamma_p": {
      "mean": 0.3040410989479422,
      "std": 0.09821713766740285,
      "p5": 0.15595573998906825,
      "p50": 0.2956922477258644,
      "p95": 0.49040231462495715,
      "km": 0.35,
      "psrf": 1.4489428468700976,
      "ess": 155.0755387634119
    },
    "phi_I1": {
      "mean": 0.13426070382444916,
      "std": 0.02330019367501784,
      "p5": 0.1034789586989127,
      "p50": 0.13089008888081655,
      "p95": 0.1777079532085237,
      "km": 4.0,
      "psrf": 1.0236279211322212,
      "ess": 765.8886456884231
    },
    "phi_I2": {
      "mean": 8.055035640708567,
      "std": 2.8559574078645094,
      "p5": 3.354784820027292,
      "p50": 8.04879611547303,
      "p95": 12.772329517515118,
      "km": 8.0,
      "psrf": 1.0069730799312457,
      "ess": 1006.1824884545867
    },
    "phi_u": {
      "mean": 0.02571754756928902,
      "std": 0.013382176170127396,
      "p5": 0.010940641706695266,
      "p50": 0.022204944111702433,
      "p95": 0.05221101634111309,
      "km": 0.2192,
      "psrf": 1.0052319940565688,
      "ess": 1224.107541208392
    }
  },
  "meta": {
    "n_production": 100000,
    "burnin": 20000,
    "acc_rate": 0.17561,
    "final_scale": 1.2161323291618282,
    "n_recalibrations": 5,
    "recalib_log": [
      {
        "round": 0,
        "psrf_max": 1.1044042709544202,
        "ess_min": 62.13021702371527,
        "scale_new": 3.0
      },
      {
        "round": 1,
        "psrf_max": 1.235577026626578,
        "ess_min": 32.94275691519607,
        "scale_new": 3.3960465000000006
      },
      {
        "round": 2,
        "psrf_max": 1.741092133971115,
        "ess_min": 22.1520856886993,
        "scale_new": 3.8264163460839113
      },
      {
        "round": 3,
        "psrf_max": 1.2092426391390412,
        "ess_min": 36.14722927938138,
        "scale_new": 3.1610784538776375
      },
      {
        "round": 4,
        "psrf_max": 1.1115701359861467,
        "ess_min": 54.71955532197307,
        "scale_new": 2.482910139277456
      }
    ],
    "psrf_final": 1.4489428468700976,
    "sigma_A_fixed": 0.006,
    "use_reparam": false,
    "ess_min": 155.0755387634119
  }
}