{
  "summary": {
    "rho_A": {
      "mean": 0.22050895420804123
    },
    "rho_C": {
      "mean": 0.26870198630107506
    },
    "rho_O": {
      "mean": 0.2459893514998293
    },
    "rho_Ys": {
      "mean": 0.29951111239494477
    },
    "rho_rp": {
      "mean": 0.8804403094746424
    },
    "rho_H": {
      "mean": 0.9334777934228018
    },
    "sigma_C": {
      "mean": 0.10640785596894241
    },
    "sigma_O": {
      "mean": 0.14850302532632298
    },
    "sigma_Ys": {
      "mean": 0.017193470409848744
    },
    "sigma_i": {
      "mean": 0.0017640961061687098
    },
    "sigma_P": {
      "mean": 0.006227769296207316
    },
    "sigma_H": {
      "mean": 0.33372624153533564
    },
    "psi_R": {
      "mean": 0.9023839198752814
    },
    "psi_P1": {
      "mean": 0.2276947612237524
    },
    "psi_Y": {
      "mean": 0.43866999802573253
    },
    "gamma_p": {
      "mean": 0.05952027133808333
    },
    "phi_I1": {
      "mean": 0.4998644782161544
    },
    "phi_I2": {
      "mean": 70.78780528559248
    },
    "rho_s": {
      "mean": 0.05483614006479673
    },
    "phi_H1": {
      "mean": 60.7300683690546
    }
  },
  "note": "kj34 partial last 20pct (stoppet, PSRF oscillerende)"
}