{
  "summary": {
    "rho_A": {
      "mean": 0.05872817739941919,
      "std": 0.0348102864253178,
      "p5": 0.018623017143806406,
      "p50": 0.05062745233486164,
      "p95": 0.12665529545988868,
      "km": 0.804,
      "psrf": 1.000382428924109,
      "ess": 1104.3465995687327
    },
    "rho_C": {
      "mean": 0.08436134670680684,
      "std": 0.05967108989756565,
      "p5": 0.022311400412138766,
      "p50": 0.06954499777549893,
      "p95": 0.19226546171311396,
      "km": 0.725,
      "psrf": 1.0009304550572773,
      "ess": 750.5293835282561
    },
    "rho_O": {
      "mean": 0.09346794592955825,
      "std": 0.0511951241139143,
      "p5": 0.02718232492004343,
      "p50": 0.08357366977054147,
      "p95": 0.19153249071828518,
      "km": 0.874,
      "psrf": 1.0013386792716201,
      "ess": 952.8117349092221
    },
    "rho_Ys": {
      "mean": 0.23555870150391828,
      "std": 0.09578417963945694,
      "p5": 0.0895384655082914,
      "p50": 0.22870249255553593,
      "p95": 0.40532041670524055,
      "km": 0.783,
      "psrf": 1.0008862165374515,
      "ess": 1643.2238625824627
    },
    "rho_rp": {
      "mean": 0.1163499872166041,
      "std": 0.07596453126845279,
      "p5": 0.029284696390949497,
      "p50": 0.09891696345323722,
      "p95": 0.2666404865657016,
      "km": 0.737,
      "psrf": 1.002373112392195,
      "ess": 884.6624718650695
    },
    "rho_H": {
      "mean": 0.8932565535109763,
      "std": 0.02804031235824191,
      "p5": 0.8415932478746911,
      "p50": 0.8971511341085087,
      "p95": 0.9318924274935217,
      "km": 0.694,
      "psrf": 1.0003207340663385,
      "ess": 1555.729515806016
    },
    "sigma_C": {
      "mean": 0.10660256433594102,
      "std": 0.008901569440164724,
      "p5": 0.09320677694978671,
      "p50": 0.10599020375671465,
      "p95": 0.12217947247574021,
      "km": 0.03,
      "psrf": 1.0012121822370341,
      "ess": 2506.2549633269455
    },
    "sigma_O": {
      "mean": 0.13928325917152076,
      "std": 0.011415096438581403,
      "p5": 0.12155840697794336,
      "p50": 0.13872978955498472,
      "p95": 0.1589913821587715,
      "km": 0.079,
      "psrf": 1.0005574362241454,
      "ess": 1711.8874633735513
    },
    "sigma_Ys": {
      "mean": 0.01679552188831307,
      "std": 0.001366175535633685,
      "p5": 0.014686345812890191,
      "p50": 0.016706482567604434,
      "p95": 0.01916821692499957,
      "km": 0.011,
      "psrf": 1.0015645407565155,
      "ess": 1801.1081146762263
    },
    "sigma_i": {
      "mean": 0.000353643064732735,
      "std": 3.396171169449107e-05,
      "p5": 0.00030185697828775986,
      "p50": 0.0003514660022017797,
      "p95": 0.0004126046164792432,
      "km": 0.0003,
      "psrf": 1.0019441688586563,
      "ess": 1897.4237008851535
    },
    "sigma_P": {
      "mean": 0.008443844658244616,
      "std": 0.0007423583287861535,
      "p5": 0.007316417103988747,
      "p50": 0.0083924768343778,
      "p95": 0.009736864039861143,
      "km": 0.003,
      "psrf": 1.0025084999560108,
      "ess": 1616.8634379740115
    },
    "sigma_H": {
      "mean": 0.35051278952287757,
      "std": 0.031215437332887615,
      "p5": 0.3021311590799467,
      "p50": 0.34906978454585824,
      "p95": 0.40405628609508565,
      "km": 0.05,
      "psrf": 1.000858212188638,
      "ess": 2048.6182900856434
    },
    "psi_R": {
      "mean": 0.9895254129003261,
      "std": 0.0003381245386116408,
      "p5": 0.9888651792791047,
      "p50": 0.9896047835625865,
      "p95": 0.9899137887378977,
      "km": 0.666,
      "psrf": 1.0007331027063948,
      "ess": 2192.9797059361395
    },
    "psi_P1": {
      "mean": 0.24566035334945838,
      "std": 0.0966356314180668,
      "p5": 0.09320057722554288,
      "p50": 0.24176346542751342,
      "p95": 0.4123654081203453,
      "km": 0.292,
      "psrf": 1.0041145707195689,
      "ess": 2164.2881791287004
    },
    "psi_Y": {
      "mean": 0.29910131123534256,
      "std": 0.05212549600731051,
      "p5": 0.21490361426955348,
      "p50": 0.29844772281654536,
      "p95": 0.38508668636223464,
      "km": 0.242,
      "psrf": 1.0009675897971262,
      "ess": 1841.677994007572
    },
    "gamma_p": {
      "mean": 0.7782084026072837,
      "std": 0.08333258561534596,
      "p5": 0.6246993628842173,
      "p50": 0.7888201614709964,
      "p95": 0.8967305756309343,
      "km": 0.35,
      "psrf": 1.0019425548737455,
      "ess": 1194.4548715469555
    },
    "phi_I2": {
      "mean": 63.96513614271486,
      "std": 38.645754605203905,
      "p5": 9.048255707487609,
      "p50": 59.69407337536225,
      "p95": 134.16768838661616,
      "km": 165.66,
      "psrf": 1.0025498152859762,
      "ess": 2217.0596561261623
    },
    "phi_O": {
      "mean": 0.17108496708952406,
      "std": 0.013193165507734639,
      "p5": 0.1500052454866247,
      "p50": 0.17055819983718784,
      "p95": 0.19375657531383322,
      "km": 0.15,
      "psrf": 1.0035898668418295,
      "ess": 1496.8860470709396
    },
    "phi_H1": {
      "mean": 60.777031904848776,
      "std": 5.017050124099742,
      "p5": 52.42795557360307,
      "p50": 60.80724990942194,
      "p95": 68.98405474544461,
      "km": 60.73,
      "psrf": 1.0015692023477034,
      "ess": 1617.0287337774726
    },
    "kappa_rp_endo": {
      "mean": 0.041465966137262875,
      "std": 0.01527919098092573,
      "p5": 0.0203858496287814,
      "p50": 0.03947454335278614,
      "p95": 0.06920725212064907,
      "km": 0.2,
      "psrf": 1.0022187110719525,
      "ess": 2168.7660572327077
    },
    "rho_rp_endo": {
      "mean": 0.9195646099704525,
      "std": 0.017239805167567613,
      "p5": 0.888222351888643,
      "p50": 0.9219654636318881,
      "p95": 0.9429129239887094,
      "km": 0.5,
      "psrf": 1.001869079851182,
      "ess": 1051.8499510733536
    },
    "sigma_prem": {
      "mean": 0.00019496967745892988,
      "std": 2.8307011548472714e-05,
      "p5": 0.0001541523841586412,
      "p50": 0.0001921626781469254,
      "p95": 0.0002457279498827582,
      "km": 0.001,
      "psrf": 1.0009064770204492,
      "ess": 1930.7817517753624
    },
    "sigma_A": {
      "mean": 0.006,
      "std": 0.0,
      "p5": 0.006,
      "p50": 0.006,
      "p95": 0.006,
      "km": 0.006,
      "psrf": 1.0,
      "ess": Infinity,
      "fixed": true
    }
  },
  "meta": {
    "n_production": 200000,
    "burnin": 30000,
    "acc_rate": 0.284315,
    "final_scale": 0.8172735859741286,
    "n_recalibrations": 5,
    "recalib_log": [
      {
        "round": 0,
        "psrf_max": 1.099810949007347,
        "ess_min": 39.03446725165413,
        "scale_new": 3.0
      },
      {
        "round": 1,
        "psrf_max": 1.3487958460690375,
        "ess_min": 42.8478258043732,
        "scale_new": 2.621735685832311
      },
      {
        "round": 2,
        "psrf_max": 1.0890167426239146,
        "ess_min": 78.8816502762794,
        "scale_new": 2.4860742210527422
      },
      {
        "round": 3,
        "psrf_max": 1.072062996242204,
        "ess_min": 78.52881326849716,
        "scale_new": 2.5571324103479403
      },
      {
        "round": 4,
        "psrf_max": 1.039404037785674,
        "ess_min": 101.89918284817624,
        "scale_new": 2.404774052172143
      }
    ],
    "psrf_final": 1.0041145707195689,
    "sigma_A_fixed": 0.006,
    "use_reparam": true,
    "ess_min": 750.5293835282561
  }
}