{
  "summary": {
    "rho_A": {
      "mean": 0.08740641918660096,
      "std": 0.05112291540124665,
      "p05": 0.0249791445014733,
      "p95": 0.18356706138362028,
      "ess": 357.117497079333,
      "psrf": 1.0056418396545712
    },
    "rho_C": {
      "mean": 0.8203256258687537,
      "std": 0.19171707505766003,
      "p05": 0.4023345409552815,
      "p95": 0.9976047938526444,
      "ess": 203.65088284555105,
      "psrf": 1.0116942977496668
    },
    "rho_O": {
      "mean": 0.4047904346428609,
      "std": 0.10167743585850766,
      "p05": 0.23550865500152077,
      "p95": 0.5695223077891507,
      "ess": 261.76168797192173,
      "psrf": 1.002347319254985
    },
    "rho_Ys": {
      "mean": 0.8271242994315072,
      "std": 0.06810871703147633,
      "p05": 0.7021119323328004,
      "p95": 0.9329056802764274,
      "ess": 273.2960562450187,
      "psrf": 1.022138118528574
    },
    "rho_rp": {
      "mean": 0.8199546448158771,
      "std": 0.19447637210732197,
      "p05": 0.40460713428813977,
      "p95": 0.9985947293522853,
      "ess": 196.32169896492184,
      "psrf": 1.0980169079270479
    },
    "rho_H": {
      "mean": 0.783782074024002,
      "std": 0.21880156805457499,
      "p05": 0.32980753890384057,
      "p95": 0.9982618981406753,
      "ess": 258.37765901331846,
      "psrf": 1.0036790880690625
    },
    "sigma_C": {
      "mean": 0.015451264233339916,
      "std": 0.002293141243350346,
      "p05": 0.01163286503012882,
      "p95": 0.019292493759073794,
      "ess": 443.6522544840033,
      "psrf": 1.0040030144303767
    },
    "sigma_O": {
      "mean": 0.08332286588824067,
      "std": 0.0074252397622363315,
      "p05": 0.07198609381564118,
      "p95": 0.09611714507036068,
      "ess": 299.3716311853457,
      "psrf": 1.0059102675411342
    },
    "sigma_Ys": {
      "mean": 0.005801372382872162,
      "std": 0.0007393484027968653,
      "p05": 0.004681059603397861,
      "p95": 0.007109052796290295,
      "ess": 347.4506834731331,
      "psrf": 1.010483960777866
    },
    "sigma_rp": {
      "mean": 0.016328599820656577,
      "std": 0.0014625279601002137,
      "p05": 0.013994916124193844,
      "p95": 0.01880908472153086,
      "ess": 248.22028149910432,
      "psrf": 1.0298136645842322
    },
    "sigma_i": {
      "mean": 0.0002749566468693336,
      "std": 2.3785032409888795e-05,
      "p05": 0.0002379441467556986,
      "p95": 0.0003170423433201875,
      "ess": 416.21899869266525,
      "psrf": 1.008822233917595
    },
    "sigma_P": {
      "mean": 0.005658419868830333,
      "std": 0.00047551956551442515,
      "p05": 0.004918611534333706,
      "p95": 0.006476283899059171,
      "ess": 345.02311539212286,
      "psrf": 1.0171513980936955
    },
    "sigma_H": {
      "mean": 0.14753082273801735,
      "std": 0.012439682884161305,
      "p05": 0.1284776491631201,
      "p95": 0.16887614882617286,
      "ess": 557.8746765749521,
      "psrf": 1.0035319465909998
    },
    "psi_R": {
      "mean": 0.9592232729244788,
      "std": 0.012129870239413068,
      "p05": 0.9382607570650618,
      "p95": 0.97796414340092,
      "ess": 439.59577132461004,
      "psrf": 1.0090692980645413
    },
    "psi_P1": {
      "mean": 0.2860647407159517,
      "std": 0.08175916003406866,
      "p05": 0.15127018933824649,
      "p95": 0.4182002649222225,
      "ess": 447.7186077457882,
      "psrf": 1.0103625396138822
    },
    "psi_Y": {
      "mean": 0.2600406655804897,
      "std": 0.04870762014011737,
      "p05": 0.18284238062067132,
      "p95": 0.343169858670307,
      "ess": 191.2106668099185,
      "psrf": 1.036844691789761
    },
    "h_c": {
      "mean": 0.9878948239384929,
      "std": 0.0017960358814791556,
      "p05": 0.9848253847695536,
      "p95": 0.990750528305223,
      "ess": 343.7866279008613,
      "psrf": 1.0113293678960698
    },
    "phi_I1": {
      "mean": 0.5157259436725796,
      "std": 0.012814179688993557,
      "p05": 0.5012461256157313,
      "p95": 0.5412356691034472,
      "ess": 231.86325352204415,
      "psrf": 1.0064449261555557
    },
    "phi_I2": {
      "mean": 11.860314198691192,
      "std": 3.1584211721292785,
      "p05": 6.9519808420824125,
      "p95": 17.722505187624538,
      "ess": 356.65576727306643,
      "psrf": 1.0075908934004332
    }
  },
  "meta": {
    "n_samples": 100000,
    "time_min": 20.59960654179255,
    "param_names": [
      "rho_A",
      "rho_C",
      "rho_O",
      "rho_Ys",
      "rho_rp",
      "rho_H",
      "sigma_C",
      "sigma_O",
      "sigma_Ys",
      "sigma_rp",
      "sigma_i",
      "sigma_P",
      "sigma_H",
      "psi_R",
      "psi_P1",
      "psi_Y",
      "h_c",
      "phi_I1",
      "phi_I2"
    ],
    "psrf_max": 1.0980169079270479,
    "ess_min": 191.2106668099185
  }
}