{
  "summary": {
    "rho_A": {
      "mean": 0.8784238990756648,
      "std": 0.06314708861493017,
      "p05": 0.7723010479506739,
      "p95": 0.9533008277516573,
      "ess": 1360.1809940290607,
      "psrf": 1.0004233544834689
    },
    "rho_C": {
      "mean": 0.7931303348384394,
      "std": 0.21535261561130908,
      "p05": 0.3281581815079071,
      "p95": 0.9973823318423912,
      "ess": 2289.4441337821577,
      "psrf": 1.000922301870141
    },
    "rho_O": {
      "mean": 0.35898677778233073,
      "std": 0.10852652188341311,
      "p05": 0.1825329133802887,
      "p95": 0.5422683422533502,
      "ess": 2834.5314973031877,
      "psrf": 1.0038700299259957
    },
    "rho_Ys": {
      "mean": 0.8337405005297932,
      "std": 0.0742829800010156,
      "p05": 0.7061573342282116,
      "p95": 0.9475041366954676,
      "ess": 3427.1543851774345,
      "psrf": 1.001411708270261
    },
    "rho_rp": {
      "mean": 0.7942776367572194,
      "std": 0.21656657810484867,
      "p05": 0.33286171598793396,
      "p95": 0.9976878778869275,
      "ess": 2157.205272003778,
      "psrf": 1.0015435922748546
    },
    "rho_H": {
      "mean": 0.8036681559142411,
      "std": 0.2140249864143513,
      "p05": 0.33965797086876975,
      "p95": 0.9994070916613513,
      "ess": 2930.134660084615,
      "psrf": 1.0018474901281627
    },
    "sigma_C": {
      "mean": 0.02089524944097083,
      "std": 0.002352089179130168,
      "p05": 0.017238446541494437,
      "p95": 0.024951604421904167,
      "ess": 5529.632418921626,
      "psrf": 1.0004043634033246
    },
    "sigma_O": {
      "mean": 0.10181612405223153,
      "std": 0.008941821836539382,
      "p05": 0.08797787346606506,
      "p95": 0.1173317652559289,
      "ess": 6055.087891351661,
      "psrf": 1.0001626865359758
    },
    "sigma_Ys": {
      "mean": 0.005946216051693092,
      "std": 0.0007880667511237268,
      "p05": 0.004780379051009585,
      "p95": 0.007317434993980442,
      "ess": 3830.471303144432,
      "psrf": 1.0008064892791275
    },
    "sigma_rp": {
      "mean": 0.016802246585716253,
      "std": 0.0015292266585992002,
      "p05": 0.014415014069252888,
      "p95": 0.01944086848376565,
      "ess": 6178.081226354639,
      "psrf": 1.0001030754404987
    },
    "sigma_i": {
      "mean": 0.0002975669979692955,
      "std": 2.6171903645938433e-05,
      "p05": 0.000257265646250529,
      "p95": 0.00034320569280629575,
      "ess": 6359.1793291865315,
      "psrf": 1.0000466166275395
    },
    "sigma_P": {
      "mean": 0.005211060673205299,
      "std": 0.00042846107797833054,
      "p05": 0.004546594393091876,
      "p95": 0.005959234065017779,
      "ess": 5980.07098398173,
      "psrf": 1.00013579863528
    },
    "sigma_H": {
      "mean": 0.1261981458757873,
      "std": 0.010948190900541914,
      "p05": 0.10940248169938897,
      "p95": 0.14527968121409435,
      "ess": 6132.592220195082,
      "psrf": 1.000624684455251
    },
    "psi_R": {
      "mean": 0.9116419835510918,
      "std": 0.005819235636866662,
      "p05": 0.9003281864802248,
      "p95": 0.918469992244172,
      "ess": 14476.258996801807,
      "psrf": 1.0000672435968196
    },
    "psi_P1": {
      "mean": 0.13691017757461776,
      "std": 0.05262164629142054,
      "p05": 0.0616414641957081,
      "p95": 0.2321257561010559,
      "ess": 14586.478624013902,
      "psrf": 0.9999958332632297
    },
    "psi_Y": {
      "mean": 0.19966759699882908,
      "std": 0.03701278819464974,
      "p05": 0.14055750586261356,
      "p95": 0.25877727916786814,
      "ess": 3338.5900894228494,
      "psrf": 1.0015352893105283
    },
    "phi_I2": {
      "mean": 1.545147085410873,
      "std": 2.4136133270116042,
      "p05": 0.5198092202121554,
      "p95": 7.542530900739954,
      "ess": 1904.5797394813242,
      "psrf": 1.0030694704392638
    },
    "phi_u": {
      "mean": 0.36732627616700836,
      "std": 0.08364412668484447,
      "p05": 0.23485038524609853,
      "p95": 0.5076447366234188,
      "ess": 2619.7810127923067,
      "psrf": 1.0011378283173675
    }
  },
  "meta": {
    "n_samples": 120000,
    "salvaged": true,
    "param_names": [
      "rho_A",
      "rho_C",
      "rho_O",
      "rho_Ys",
      "rho_rp",
      "rho_H",
      "sigma_C",
      "sigma_O",
      "sigma_Ys",
      "sigma_rp",
      "sigma_i",
      "sigma_P",
      "sigma_H",
      "psi_R",
      "psi_P1",
      "psi_Y",
      "phi_I2",
      "phi_u"
    ],
    "phi_I1_fixed": 4.0,
    "h_c_fixed": 0.938,
    "phi_B": 0.0016,
    "rer_utelatt": false,
    "psrf_max": 1.0038700299259957,
    "ess_min": 1360.1809940290607
  }
}