{
  "predikert": {
    "dy_obs": {
      "rmse": 0.011525599917595036,
      "mae": 0.008857180840448068,
      "r2": -1.170053217047656,
      "corr": 0.17626356339474739,
      "n": 90
    },
    "dc_obs": {
      "rmse": 0.011297817419164437,
      "mae": 0.008297571927444793,
      "r2": -0.04949094089081729,
      "corr": -0.02574421154570969,
      "n": 90
    },
    "dinv_obs": {
      "rmse": 0.04181800046533999,
      "mae": 0.03000571249114132,
      "r2": 0.006824469826295143,
      "corr": 0.1639649215992981,
      "n": 90
    },
    "dx_obs": {
      "rmse": 0.02411445019659544,
      "mae": 0.017756511849191147,
      "r2": -0.16426879945774808,
      "corr": -0.08659969951608415,
      "n": 90
    },
    "dm_obs": {
      "rmse": 0.02525003960058077,
      "mae": 0.01972031884187168,
      "r2": 0.07733516823352038,
      "corr": 0.35466871547371615,
      "n": 90
    },
    "pi_obs": {
      "rmse": 0.02779673882204323,
      "mae": 0.019293853366974298,
      "r2": 0.005479458097384038,
      "corr": 0.08577333074029256,
      "n": 90
    },
    "dw_obs": {
      "rmse": 0.005404754196777985,
      "mae": 0.003905443646939838,
      "r2": 0.7576656790031293,
      "corr": 0.8815171739480321,
      "n": 90
    },
    "i_R_obs": {
      "rmse": 0.0016124973606996922,
      "mae": 0.0008472010911396413,
      "r2": 0.8832227224848418,
      "corr": 0.9398112689494551,
      "n": 90
    },
    "i_3m_obs": {
      "rmse": 0.001673701253974135,
      "mae": 0.0008936391762484406,
      "r2": 0.8738602474174274,
      "corr": 0.9348735516558484,
      "n": 90
    },
    "ds_obs": {
      "rmse": 0.025501392530539967,
      "mae": 0.019527537295021193,
      "r2": -0.008461879548250062,
      "corr": -0.06097344406527801,
      "n": 90
    },
    "dpO_obs": {
      "rmse": 0.14512926315690558,
      "mae": 0.10240597509812523,
      "r2": 0.01825044506739215,
      "corr": 0.18414829257433796,
      "n": 90
    },
    "dyS_obs": {
      "rmse": 0.007280419876407618,
      "mae": 0.005490148506140177,
      "r2": 0.6544752233962021,
      "corr": 0.8563335439001734,
      "n": 90
    },
    "dh_obs": {
      "rmse": 0.00568857264063853,
      "mae": 0.0045364572300994385,
      "r2": 0.6316433785805698,
      "corr": 0.904294778443986,
      "n": 90
    },
    "db_obs": {
      "rmse": 0.0028138803707834885,
      "mae": 0.00233799147727593,
      "r2": 0.7420152056941142,
      "corr": 0.875855598644438,
      "n": 90
    }
  },
  "filtrert": {
    "dy_obs": {
      "rmse": 0.006574668665986375,
      "mae": 0.004895380936025975,
      "r2": 0.2938596204871812,
      "corr": 0.6385292013707867,
      "n": 90
    },
    "dc_obs": {
      "rmse": 0.007493887629074508,
      "mae": 0.005863436118783206,
      "r2": 0.5382531479123212,
      "corr": 0.7461755481582455,
      "n": 90
    },
    "dinv_obs": {
      "rmse": 0.033872882899196224,
      "mae": 0.023565417873984196,
      "r2": 0.34836589507989935,
      "corr": 0.6667391490582318,
      "n": 90
    },
    "dx_obs": {
      "rmse": 0.019739871735271683,
      "mae": 0.015017881674516254,
      "r2": 0.21983370670548086,
      "corr": 0.4714976388866007,
      "n": 90
    },
    "dm_obs": {
      "rmse": 0.018530258400314074,
      "mae": 0.014877830505543133,
      "r2": 0.5030842167200612,
      "corr": 0.7166597232615808,
      "n": 90
    },
    "pi_obs": {
      "rmse": 0.008380387185190297,
      "mae": 0.005844997988156666,
      "r2": 0.909602955173004,
      "corr": 0.982571110784919,
      "n": 90
    },
    "dw_obs": {
      "rmse": 0.0031508513432344115,
      "mae": 0.0024026818584034736,
      "r2": 0.9176395219590927,
      "corr": 0.9594535492369868,
      "n": 90
    },
    "i_R_obs": {
      "rmse": 0.00019768720090595473,
      "mae": 0.00014270165069711198,
      "r2": 0.998244837119415,
      "corr": 0.9991435373254796,
      "n": 90
    },
    "i_3m_obs": {
      "rmse": 0.0002442035064599087,
      "mae": 0.0001567660140212279,
      "r2": 0.9973146562780782,
      "corr": 0.9986649598408175,
      "n": 90
    },
    "ds_obs": {
      "rmse": 0.014417729119986195,
      "mae": 0.01111847341420048,
      "r2": 0.6776516753476328,
      "corr": 0.8789640843491958,
      "n": 90
    },
    "dpO_obs": {
      "rmse": 0.03625024821964155,
      "mae": 0.02604818772159712,
      "r2": 0.9387490679250742,
      "corr": 0.9965409921825372,
      "n": 90
    },
    "dyS_obs": {
      "rmse": 0.005169433549211139,
      "mae": 0.003933405442660058,
      "r2": 0.8257983534687724,
      "corr": 0.9340736019985919,
      "n": 90
    },
    "dh_obs": {
      "rmse": 0.002929016922182685,
      "mae": 0.002438370076396794,
      "r2": 0.9023424946438556,
      "corr": 0.9829615732748862,
      "n": 90
    },
    "db_obs": {
      "rmse": 0.0007388893181603944,
      "mae": 0.0006323296971654027,
      "r2": 0.9822114058872471,
      "corr": 0.9942589394748409,
      "n": 90
    }
  }
}