{
  "predikert": {
    "dy_obs": {
      "rmse": 0.01455152578604403,
      "mae": 0.01108281488200391,
      "r2": -2.4590781235402575,
      "corr": 0.17242529741394497,
      "n": 90
    },
    "dc_obs": {
      "rmse": 0.011422941371936243,
      "mae": 0.008429464663781423,
      "r2": -0.07286600857406822,
      "corr": -0.0539461157377398,
      "n": 90
    },
    "dinv_obs": {
      "rmse": 0.05510847478747573,
      "mae": 0.040859854076083564,
      "r2": -0.7247901665213263,
      "corr": 0.1513844348663093,
      "n": 90
    },
    "dx_obs": {
      "rmse": 0.024091603184179994,
      "mae": 0.017720956827877537,
      "r2": -0.16206369318267955,
      "corr": -0.08785860479645768,
      "n": 90
    },
    "dm_obs": {
      "rmse": 0.028788561420853648,
      "mae": 0.022484679813736648,
      "r2": -0.19938818745828835,
      "corr": 0.3571392130997896,
      "n": 90
    },
    "pi_obs": {
      "rmse": 0.027773372825215765,
      "mae": 0.01932580960936313,
      "r2": 0.00715074745511346,
      "corr": 0.08663689941425604,
      "n": 90
    },
    "dw_obs": {
      "rmse": 0.005814471107752536,
      "mae": 0.004200553284079443,
      "r2": 0.7195319048043936,
      "corr": 0.8644463185534363,
      "n": 90
    },
    "i_R_obs": {
      "rmse": 0.0016135849154176108,
      "mae": 0.0008818983265114123,
      "r2": 0.8830651476440065,
      "corr": 0.939734642979512,
      "n": 90
    },
    "i_3m_obs": {
      "rmse": 0.0016710415784656522,
      "mae": 0.0009151301423120547,
      "r2": 0.8742608257714037,
      "corr": 0.9351012601087926,
      "n": 90
    },
    "ds_obs": {
      "rmse": 0.025520703056739414,
      "mae": 0.019558110901433258,
      "r2": -0.009989741423668486,
      "corr": -0.07132327946041253,
      "n": 90
    },
    "dpO_obs": {
      "rmse": 0.1451375490201422,
      "mae": 0.10247789930529702,
      "r2": 0.01813833983673996,
      "corr": 0.18357992726574196,
      "n": 90
    },
    "dyS_obs": {
      "rmse": 0.007375850791743143,
      "mae": 0.005525451167475137,
      "r2": 0.6453576575636804,
      "corr": 0.8522905713175913,
      "n": 90
    },
    "dh_obs": {
      "rmse": 0.005711373026554614,
      "mae": 0.004563689580661866,
      "r2": 0.628684638302882,
      "corr": 0.8985128011303792,
      "n": 90
    },
    "db_obs": {
      "rmse": 0.002832967293545272,
      "mae": 0.0023506148895176176,
      "r2": 0.7385034456162425,
      "corr": 0.8728432023024187,
      "n": 90
    }
  },
  "filtrert": {
    "dy_obs": {
      "rmse": 0.0066280815424265725,
      "mae": 0.004806805139574629,
      "r2": 0.2823395886978295,
      "corr": 0.6307454080338916,
      "n": 90
    },
    "dc_obs": {
      "rmse": 0.007632180794799502,
      "mae": 0.005958813336703885,
      "r2": 0.5210536262356462,
      "corr": 0.731833074915402,
      "n": 90
    },
    "dinv_obs": {
      "rmse": 0.018160303509762787,
      "mae": 0.011934269151309969,
      "r2": 0.812696587584216,
      "corr": 0.9296886091015045,
      "n": 90
    },
    "dx_obs": {
      "rmse": 0.01982369312080699,
      "mae": 0.015077516215882356,
      "r2": 0.21319400174034553,
      "corr": 0.4644095099310238,
      "n": 90
    },
    "dm_obs": {
      "rmse": 0.01851825231963526,
      "mae": 0.015053808929214261,
      "r2": 0.5037279290865067,
      "corr": 0.7106128985266846,
      "n": 90
    },
    "pi_obs": {
      "rmse": 0.00723163358031998,
      "mae": 0.00499947732497484,
      "r2": 0.9326870086912125,
      "corr": 0.9922757607920625,
      "n": 90
    },
    "dw_obs": {
      "rmse": 0.0030238600135142004,
      "mae": 0.002281937014597726,
      "r2": 0.924144618749231,
      "corr": 0.9625326091230526,
      "n": 90
    },
    "i_R_obs": {
      "rmse": 0.00019667696986094284,
      "mae": 0.000142524431715484,
      "r2": 0.9982627299266325,
      "corr": 0.9991531782339441,
      "n": 90
    },
    "i_3m_obs": {
      "rmse": 0.0002451083653949561,
      "mae": 0.0001575773255173319,
      "r2": 0.9972947191442596,
      "corr": 0.9986552025539426,
      "n": 90
    },
    "ds_obs": {
      "rmse": 0.014681082127584616,
      "mae": 0.011397473256219467,
      "r2": 0.6657681519975243,
      "corr": 0.8696863344150079,
      "n": 90
    },
    "dpO_obs": {
      "rmse": 0.036310376184080416,
      "mae": 0.02623478625508617,
      "r2": 0.938545706655106,
      "corr": 0.9971390449333252,
      "n": 90
    },
    "dyS_obs": {
      "rmse": 0.005262227507709548,
      "mae": 0.003980074374169071,
      "r2": 0.8194882059714724,
      "corr": 0.9324734819530978,
      "n": 90
    },
    "dh_obs": {
      "rmse": 0.002947421288766209,
      "mae": 0.002452544010163095,
      "r2": 0.9011113844889387,
      "corr": 0.9827233359854335,
      "n": 90
    },
    "db_obs": {
      "rmse": 0.0007339806653790393,
      "mae": 0.00062927587168261,
      "r2": 0.9824469702417883,
      "corr": 0.9942505104430072,
      "n": 90
    }
  }
}