{
  "predikert": {
    "dy_obs": {
      "rmse": 0.010828445243851865,
      "mae": 0.008278412087177863,
      "r2": -0.9154707026759854,
      "corr": 0.15071584670845323,
      "n": 90
    },
    "dc_obs": {
      "rmse": 0.011715419779570522,
      "mae": 0.008765580287980117,
      "r2": -0.12850970790499305,
      "corr": -0.18536247785095522,
      "n": 90
    },
    "dinv_obs": {
      "rmse": 0.0418058808714381,
      "mae": 0.029757176084290224,
      "r2": 0.007400065967403946,
      "corr": 0.15210572413760395,
      "n": 90
    },
    "dx_obs": {
      "rmse": 0.024139566183297084,
      "mae": 0.01776051952631755,
      "r2": -0.16669531033145368,
      "corr": -0.08644386058285794,
      "n": 90
    },
    "dm_obs": {
      "rmse": 0.02512586012291369,
      "mae": 0.019621046732895258,
      "r2": 0.08638816749184941,
      "corr": 0.3353138281399404,
      "n": 90
    },
    "pi_obs": {
      "rmse": 0.027795265054179147,
      "mae": 0.01929554543412808,
      "r2": 0.0055849131703050725,
      "corr": 0.08358598770270037,
      "n": 90
    },
    "dw_obs": {
      "rmse": 0.007617868491813545,
      "mae": 0.0055262454772219815,
      "r2": 0.5185735207232363,
      "corr": 0.7628276210810967,
      "n": 90
    },
    "i_R_obs": {
      "rmse": 0.0016237533384364925,
      "mae": 0.0008412150590224194,
      "r2": 0.8815867134267892,
      "corr": 0.9389400038689312,
      "n": 90
    },
    "i_3m_obs": {
      "rmse": 0.0016819232477612775,
      "mae": 0.0008970392123622491,
      "r2": 0.872617889898117,
      "corr": 0.9342117400553885,
      "n": 90
    },
    "ds_obs": {
      "rmse": 0.025506125707996912,
      "mae": 0.019535237040616393,
      "r2": -0.008836264750590628,
      "corr": -0.06232958010449221,
      "n": 90
    },
    "dpO_obs": {
      "rmse": 0.14528288408207482,
      "mae": 0.10260609736264906,
      "r2": 0.01617095961414816,
      "corr": 0.18669261181072233,
      "n": 90
    },
    "dyS_obs": {
      "rmse": 0.007262221866208372,
      "mae": 0.005473799580757397,
      "r2": 0.6562003999653101,
      "corr": 0.855627983924156,
      "n": 90
    },
    "dh_obs": {
      "rmse": 0.007730029303318772,
      "mae": 0.006135375841382055,
      "r2": 0.31981955010951524,
      "corr": 0.6330770894881762,
      "n": 90
    },
    "db_obs": {
      "rmse": 0.004313445603978154,
      "mae": 0.0035953568970480757,
      "r2": 0.3937782684791076,
      "corr": 0.6422306516566622,
      "n": 90
    }
  },
  "filtrert": {
    "dy_obs": {
      "rmse": 0.00689305427051044,
      "mae": 0.005378529859356197,
      "r2": 0.22381240097212884,
      "corr": 0.5673679477060026,
      "n": 90
    },
    "dc_obs": {
      "rmse": 0.007742801669404249,
      "mae": 0.0062691881450711705,
      "r2": 0.5070693077193047,
      "corr": 0.718055624388021,
      "n": 90
    },
    "dinv_obs": {
      "rmse": 0.04170459330597864,
      "mae": 0.029670627518467732,
      "r2": 0.012203994821254005,
      "corr": 0.28490226643675065,
      "n": 90
    },
    "dx_obs": {
      "rmse": 0.019494817582313865,
      "mae": 0.014804434495974874,
      "r2": 0.2390837103027028,
      "corr": 0.4914763772883381,
      "n": 90
    },
    "dm_obs": {
      "rmse": 0.019528642874443444,
      "mae": 0.015162428578397301,
      "r2": 0.4480954593861932,
      "corr": 0.6784484450978249,
      "n": 90
    },
    "pi_obs": {
      "rmse": 0.01619371494614872,
      "mae": 0.011855554485297737,
      "r2": 0.6624648191543591,
      "corr": 0.8769413715636833,
      "n": 90
    },
    "dw_obs": {
      "rmse": 0.003638761171614754,
      "mae": 0.0026801605564664476,
      "r2": 0.8901575692752076,
      "corr": 0.94461548520271,
      "n": 90
    },
    "i_R_obs": {
      "rmse": 0.00021388376047953825,
      "mae": 0.00015511175786446597,
      "r2": 0.9979454536484014,
      "corr": 0.9990023523802296,
      "n": 90
    },
    "i_3m_obs": {
      "rmse": 0.0002383264374243584,
      "mae": 0.00015837015903120245,
      "r2": 0.9974423534129379,
      "corr": 0.9987343615217639,
      "n": 90
    },
    "ds_obs": {
      "rmse": 0.01486702438262944,
      "mae": 0.011521946729501418,
      "r2": 0.6572481549680804,
      "corr": 0.8684112848716454,
      "n": 90
    },
    "dpO_obs": {
      "rmse": 0.0251928697872777,
      "mae": 0.01807371281942258,
      "r2": 0.9704167409561395,
      "corr": 0.9982990870537609,
      "n": 90
    },
    "dyS_obs": {
      "rmse": 0.005122296158202772,
      "mae": 0.0038868373142736373,
      "r2": 0.8289607786139593,
      "corr": 0.933471706920931,
      "n": 90
    },
    "dh_obs": {
      "rmse": 0.006787294284212675,
      "mae": 0.005261812501959215,
      "r2": 0.4756090063889882,
      "corr": 0.7247096619670387,
      "n": 90
    },
    "db_obs": {
      "rmse": 0.003221274798073951,
      "mae": 0.002569171865527899,
      "r2": 0.661905271655739,
      "corr": 0.8193239051750535,
      "n": 90
    }
  }
}