{
  "predikert": {
    "dy_obs": {
      "rmse": 0.01167760622471935,
      "mae": 0.008921894358675434,
      "r2": -1.2276705181029142,
      "corr": 0.15763023090336717,
      "n": 90
    },
    "dc_obs": {
      "rmse": 0.011658475772386774,
      "mae": 0.008586783651964337,
      "r2": -0.11756589361475656,
      "corr": -0.22192974564432294,
      "n": 90
    },
    "dinv_obs": {
      "rmse": 0.041815064326108785,
      "mae": 0.02973773009766737,
      "r2": 0.006963931265484891,
      "corr": 0.09371986664998631,
      "n": 90
    },
    "dx_obs": {
      "rmse": 0.0241220134731978,
      "mae": 0.017748044627272492,
      "r2": -0.1649992384940573,
      "corr": -0.08518505215636527,
      "n": 90
    },
    "dm_obs": {
      "rmse": 0.025320940336343817,
      "mae": 0.019711296014274342,
      "r2": 0.072146308253771,
      "corr": 0.33540628579551707,
      "n": 90
    },
    "pi_obs": {
      "rmse": 0.02779832661135342,
      "mae": 0.01938777132787042,
      "r2": 0.005365837992866274,
      "corr": 0.07606976227473304,
      "n": 90
    },
    "dw_obs": {
      "rmse": 0.006040871964591265,
      "mae": 0.004331625949523546,
      "r2": 0.6972652373221777,
      "corr": 0.858520473898574,
      "n": 90
    },
    "i_R_obs": {
      "rmse": 0.0016158123003246218,
      "mae": 0.0008461508234883307,
      "r2": 0.8827420922028222,
      "corr": 0.9395565419752034,
      "n": 90
    },
    "i_3m_obs": {
      "rmse": 0.0016732898475137375,
      "mae": 0.0008937115199614908,
      "r2": 0.8739222517099816,
      "corr": 0.934911970418302,
      "n": 90
    },
    "ds_obs": {
      "rmse": 0.025521411405340845,
      "mae": 0.019546619164622362,
      "r2": -0.01004580843309344,
      "corr": -0.07050896262880976,
      "n": 90
    },
    "dpO_obs": {
      "rmse": 0.14525058690665082,
      "mae": 0.10260923828093742,
      "r2": 0.016608332088391742,
      "corr": 0.18732196984953461,
      "n": 90
    },
    "dyS_obs": {
      "rmse": 0.007290093987923401,
      "mae": 0.005488366523433752,
      "r2": 0.6535563571480323,
      "corr": 0.8556520309010489,
      "n": 90
    },
    "dh_obs": {
      "rmse": 0.007782019189378119,
      "mae": 0.00621084912277997,
      "r2": 0.3106393978595795,
      "corr": 0.616204450160606,
      "n": 90
    },
    "db_obs": {
      "rmse": 0.004178972961809074,
      "mae": 0.003471627160897813,
      "r2": 0.43098728392454666,
      "corr": 0.6650757682904193,
      "n": 90
    }
  },
  "filtrert": {
    "dy_obs": {
      "rmse": 0.0068269670311588,
      "mae": 0.005204114652182909,
      "r2": 0.23862446908402224,
      "corr": 0.5994438095498354,
      "n": 90
    },
    "dc_obs": {
      "rmse": 0.007752968961389221,
      "mae": 0.006099493947292469,
      "r2": 0.5057738952731152,
      "corr": 0.7279448941368377,
      "n": 90
    },
    "dinv_obs": {
      "rmse": 0.03929043087046739,
      "mae": 0.0277588190369604,
      "r2": 0.1232554648994042,
      "corr": 0.5565585098996626,
      "n": 90
    },
    "dx_obs": {
      "rmse": 0.019476642443651142,
      "mae": 0.014782203774153905,
      "r2": 0.24050186281762298,
      "corr": 0.49296889635744673,
      "n": 90
    },
    "dm_obs": {
      "rmse": 0.019263316126107037,
      "mae": 0.015062368173574491,
      "r2": 0.4629905307043116,
      "corr": 0.6897435596367294,
      "n": 90
    },
    "pi_obs": {
      "rmse": 0.01620991678929319,
      "mae": 0.01180011521265607,
      "r2": 0.6617890720768675,
      "corr": 0.8774243867934884,
      "n": 90
    },
    "dw_obs": {
      "rmse": 0.003306208165826084,
      "mae": 0.002489003428243558,
      "r2": 0.9093175135447853,
      "corr": 0.9558902369702668,
      "n": 90
    },
    "i_R_obs": {
      "rmse": 0.00021280516800623546,
      "mae": 0.00015380386653855095,
      "r2": 0.9979661231060247,
      "corr": 0.9990091950145951,
      "n": 90
    },
    "i_3m_obs": {
      "rmse": 0.0002366384635636952,
      "mae": 0.00015584326930604195,
      "r2": 0.9974784547532567,
      "corr": 0.9987506840527511,
      "n": 90
    },
    "ds_obs": {
      "rmse": 0.014546798037242542,
      "mae": 0.01129971342256902,
      "r2": 0.671854455054286,
      "corr": 0.8747189291694577,
      "n": 90
    },
    "dpO_obs": {
      "rmse": 0.025129283180915157,
      "mae": 0.01803786905308515,
      "r2": 0.9705658883239433,
      "corr": 0.9984461875183622,
      "n": 90
    },
    "dyS_obs": {
      "rmse": 0.005179194074138431,
      "mae": 0.0039222433723858875,
      "r2": 0.8251399042656975,
      "corr": 0.9325410199620775,
      "n": 90
    },
    "dh_obs": {
      "rmse": 0.006846252869378448,
      "mae": 0.005346532248900401,
      "r2": 0.46645907616420235,
      "corr": 0.7174742343919025,
      "n": 90
    },
    "db_obs": {
      "rmse": 0.0030968779736373197,
      "mae": 0.0024537489040017705,
      "r2": 0.6875136611281897,
      "corr": 0.8334291408025577,
      "n": 90
    }
  }
}