{
  "irf_pengepol": {
    "BNP": {
      "mean": [
        -0.06514356922418736,
        -0.06726160921875785,
        -0.06910582410806011,
        -0.07048495073712775,
        -0.07133718990118512,
        -0.07167206810204645,
        -0.071535337454486,
        -0.07098833249188326,
        -0.07009624669398684,
        -0.06892181821513688,
        -0.06752223156459783,
        -0.06594788317184053,
        -0.06424218852551167,
        -0.06244193832976512,
        -0.06057791420536824,
        -0.05867559820267037,
        -0.05675588489834184,
        -0.05483574906219716,
        -0.0529288476181335,
        -0.05104604919537995
      ],
      "p05": [
        -0.06554933888650252,
        -0.06872777897288261,
        -0.07233659174320964,
        -0.07578865321312507,
        -0.07870815172030188,
        -0.08128068691218923,
        -0.08328280794491205,
        -0.08481595001152284,
        -0.08609541031483858,
        -0.08691180435542835,
        -0.08731397548812053,
        -0.08739412687759786,
        -0.08719104048483271,
        -0.08674075921423353,
        -0.08614187326044909,
        -0.08537911675323354,
        -0.0843605527582225,
        -0.08307211860935547,
        -0.0818199667980405,
        -0.08047439678628239
      ],
      "p95": [
        -0.0646491224835028,
        -0.06561657647098783,
        -0.06570145564369861,
        -0.06507971619800028,
        -0.06405778910643582,
        -0.06261301204619503,
        -0.061129855780064135,
        -0.05917988031022924,
        -0.05699118865873488,
        -0.05513377813421812,
        -0.05283103511482878,
        -0.05038671143686037,
        -0.04794896483639469,
        -0.04581311475360019,
        -0.043566248623222836,
        -0.0413727896533924,
        -0.03927912860349211,
        -0.03731157230473918,
        -0.03532262421662752,
        -0.033338246165513404
      ]
    },
    "KPI (ann.)": {
      "mean": [
        -0.039660329659525505,
        -0.03877307209436801,
        -0.037861948172558876,
        -0.03691206346863478,
        -0.03592148284201952,
        -0.03489508829452093,
        -0.033840894309602944,
        -0.032767914508220426,
        -0.03168498642223773,
        -0.030600174900455492,
        -0.029520515902234236,
        -0.028451953632529878,
        -0.02739938182002363,
        -0.026366736094817052,
        -0.025357106716915677,
        -0.024372854469310836,
        -0.023415720654932665,
        -0.022486926912887516,
        -0.02158726330438133,
        -0.02071716462451764
      ],
      "p05": [
        -0.03992462708947808,
        -0.03953182190546028,
        -0.039321152050864686,
        -0.03904000945353538,
        -0.03872780452767919,
        -0.03837517340271836,
        -0.03796845893963864,
        -0.03753298281904339,
        -0.03706008172986618,
        -0.03654403267984913,
        -0.03599932869489691,
        -0.035431661886791775,
        -0.034837956490419944,
        -0.03420484313098847,
        -0.033525536728979455,
        -0.0328298977944538,
        -0.03212927319304287,
        -0.03142674052144725,
        -0.03075703140761493,
        -0.03010041920031714
      ],
      "p95": [
        -0.03932010091582889,
        -0.03783940974545426,
        -0.03616745404432425,
        -0.03452576508385967,
        -0.03287234644702529,
        -0.03124861487164925,
        -0.02966192006241653,
        -0.028139663193363113,
        -0.026645173044752567,
        -0.025186697916414116,
        -0.023779980640283162,
        -0.022430628555601476,
        -0.021134093893137057,
        -0.0199558648637478,
        -0.01882051304075567,
        -0.017687452189629575,
        -0.016599645406674444,
        -0.015607759560792387,
        -0.014680200154388957,
        -0.013781447852228335
      ]
    },
    "Rente (ann.)": {
      "mean": [
        1.0,
        0.9602405734251187,
        0.9218871056298026,
        0.8849057275938291,
        0.8492660056591352,
        0.8149381488663685,
        0.7818916395174402,
        0.7500946899693381,
        0.7195141591617327,
        0.6901157081807296,
        0.6618640649869483,
        0.6347233242096995,
        0.6086572416469929,
        0.5836295031636521,
        0.5596039593293585,
        0.5365448236891127,
        0.5144168360570824,
        0.4931853939273167,
        0.47281665576522963,
        0.4532776200416225
      ],
      "p05": [
        1.0,
        0.939051411179661,
        0.8815880124592133,
        0.8274518353631434,
        0.776276377350152,
        0.7277525622798401,
        0.6819430874078274,
        0.6393929479748,
        0.5994485150225062,
        0.5619357401459524,
        0.5267358757994274,
        0.49369851451340774,
        0.462697411488646,
        0.4336125237331941,
        0.40632991683070174,
        0.3807416327010567,
        0.35674552493724576,
        0.3342450688167498,
        0.31314915272310345,
        0.29314471174840195
      ],
      "p95": [
        1.0,
        0.9776641258759305,
        0.9557617436208339,
        0.93429318736093,
        0.9132586150465196,
        0.8926572900833528,
        0.8724873184780888,
        0.85274563214188,
        0.8334280941214343,
        0.8145296544396669,
        0.7960445173903848,
        0.7779663002244103,
        0.7602881741850627,
        0.7430029849783056,
        0.7260519007231104,
        0.7093797652524048,
        0.6930731060736124,
        0.6771262713382358,
        0.6615333889402714,
        0.6462884127089275
      ]
    },
    "RER": {
      "mean": [
        -0.26059426669267066,
        -0.2509659765011668,
        -0.24146237298100567,
        -0.23215750014035072,
        -0.22309580530667691,
        -0.21430308636162537,
        -0.20579325075405028,
        -0.1975725295499958,
        -0.18964213535562932,
        -0.18199996185546582,
        -0.17464168801479688,
        -0.16756150860609964,
        -0.16075262721307418,
        -0.15420759594986647,
        -0.14791855447456978,
        -0.1418774014742866,
        -0.13607591983758066,
        -0.13050586930154112,
        -0.12515905570492444,
        -0.12002738302760874
      ],
      "p05": [
        -0.260660566778466,
        -0.2554467481252531,
        -0.25021738592067144,
        -0.2449569801074836,
        -0.23970584014654348,
        -0.2344929271933935,
        -0.22933678550984987,
        -0.22424944236558028,
        -0.2192387904663658,
        -0.21433330774742068,
        -0.20954346181441788,
        -0.20485074039552686,
        -0.20025549242033636,
        -0.1957573922808565,
        -0.19135564765603838,
        -0.18704914178860282,
        -0.1828365324117907,
        -0.17871632157246894,
        -0.17468690560443537,
        -0.1707466113438485
      ],
      "p95": [
        -0.2605089189278394,
        -0.24550204962208427,
        -0.2309967227333326,
        -0.2171577502928306,
        -0.2040312686393808,
        -0.19161659750305285,
        -0.17989959632580987,
        -0.16871936311960023,
        -0.15815790885025605,
        -0.14836057810251924,
        -0.13915305410172718,
        -0.1305000019801848,
        -0.12237140120152808,
        -0.11473928832652774,
        -0.10757854809282193,
        -0.10085798961821382,
        -0.09455181235054462,
        -0.08863547515494037,
        -0.08308569189910883,
        -0.07788041048751765
      ]
    },