{
  "param_names": [
    "rho_A",
    "rho_C",
    "rho_O",
    "rho_Ys",
    "rho_rp",
    "rho_H",
    "sigma_C",
    "sigma_O",
    "sigma_Ys",
    "sigma_rp",
    "sigma_i",
    "sigma_P",
    "sigma_H",
    "psi_R",
    "psi_P1",
    "psi_Y",
    "h_c",
    "phi_I1",
    "phi_I2"
  ],
  "mean": [
    0.8072307858278595,
    0.7142231551527768,
    0.8432563618780092,
    0.8253196386886195,
    0.7541566382554218,
    0.7111892216209584,
    0.022552903393880306,
    0.10051071724266616,
    0.006697832878645049,
    0.019115428223761752,
    0.0007454821232750937,
    0.004829510912600801,
    0.1153890249300974,
    0.7468128947383897,
    0.31891959413405885,
    0.24234555393172483,
    0.9438754889005426,
    3.976515255541157,
    6.693934983092617
  ],
  "std": [
    0.0010710369817229246,
    0.0012927188631995361,
    0.0007027096026494054,
    0.005164722600380552,
    0.002035475937622473,
    0.0008842192720044643,
    0.0007064732112629366,
    0.00046871058542421166,
    0.0006299863066933436,
    0.0007354487277445754,
    2.168218746725629e-05,
    8.231780430101073e-05,
    0.0070313039220738045,
    0.0052699880763369825,
    0.0016152528437062001,
    0.0027685077105343114,
    0.001133765681288642,
    0.049539480558743826,
    0.1346237080913581
  ],
  "ess": [
    5.896265874915699,
    9.261907541334326,
    9.512237899884035,
    6.518806881079776,
    7.983596874089893,
    6.148038800598026,
    5.847763717600614,
    6.143474458680943,
    8.771947777182502,
    5.884727223297478,
    21.949890122903426,
    8.612062413109074,
    6.8495837766783945,
    6.303032040124939,
    6.5130226297927445,
    6.883572276270627,
    6.819017050011145,
    5.771443735380523,
    6.175982087854732
  ],
  "psrf": [
    3.7358202731063073,
    1.7068240311249023,
    1.3736936427227606,
    2.6877961078361956,
    1.8900617475210486,
    2.462155417679222,
    3.0430690734108357,
    2.6556271098357276,
    1.636821516979344,
    3.5453578761162117,
    1.1470380213513203,
    1.0835853452247388,
    2.5740076890805152,
    3.2486132968345602,
    2.2972831955252517,
    2.5415818493792286,
    2.5178719732039427,
    4.816617044339198,
    3.169334594559883
  ],
  "correlation": [
    [
      1.0,
      -0.6079405640684987,
      0.41745086631291867,
      0.9320634664485213,
      -0.7451230337415581,
      0.8573445830677194,
      -0.7541231675805475,
      0.8770279399462799,
      -0.32060338589386067,
      0.9884673918629444,
      0.4425747670265407,
      -0.13527942227410988,
      0.9546648116433915,
      0.974297075807467,
      0.5644104261816384,
      -0.9166457473803441,
      -0.9429301010959412,
      0.99019342936719,
      -0.9830590913993892
    ],
    [
      -0.6079405640684988,
      1.0,
      0.36436791900370513,
      -0.8212373828920326,
      0.9631685741290907,
      -0.19842658508726616,
      -0.018442396326428964,
      -0.3293530938970688,
      -0.4852227953375022,
      -0.6529084319499702,
      -0.726634320650151,
      -0.2666876240405283,
      -0.7995995823831518,
      -0.7047798624871014,
      0.2786152986727219,
      0.8571287903801357,
      0.7937707121378784,
      -0.5357909296528246,
      0.7339743127493902
    ],
    [
      0.4174508663129187,
      0.3643679190037052,
      1.0,
      0.14041841278407255,
      0.1349003711996548,
      0.737340873292932,
      -0.7528819533239292,
      0.5986806065375233,
      -0.6739470800473714,
      0.3500157848080909,
      -0.19091939022045212,
      -0.5092410045243807,
      0.17796280144774954,
      0.2916146713697608,
      0.8250858581444095,
      -0.07172646702960452,
      -0.21572182484001592,
      0.47605503472853317,
      -0.2850240035837934
    ],
    [
      0.9320634664485213,
      -0.8212373828920325,
      0.14041841278407255,
      1.0,
      -0.9114240900089633,
      0.6786698283038384,
      -0.48230363431764567,
      0.7574257699254312,
      -0.014026578497895851,
      0.9557040846486982,
      0.5561435788345801,
      0.12027275379699896,
      0.9802518388388821,
      0.9738164345076525,
      0.24207391664994551,
      -0.994461069225346,
      -0.9787259089561917,
      0.8972974594822422,
      -0.9763837795550977
    ],
    [
      -0.7451230337415581,
      0.9631685741290908,
      0.13490037119965484,
      -0.9114240900089633,
      1.0,
      -0.40085629764469427,
      0.1463096437224257,
      -0.5062780001632066,
      -0.36920474340872833,
      -0.7854710423327491,
      -0.7400243766040108,
      -0.21971494919101256,
      -0.8886397315730993,
      -0.8229243551029742,
      0.11358232549267164,
      0.9298225775511506,
      0.901038890936044,
      -0.6802850845883409,
      0.8465706842477309
    ],
    [
      0.8573445830677195,
      -0.19842658508726613,
      0.7373408732929321,
      0.6786698283038384,
      -0.40085629764469427,
      1.0,
      -0.8643415723697567,
      0.9135274218344935,
      -0.5781034112035991,
      0.8383009262275659,
      0.20327149383434673,
      -0.2521537119409968,
      0.6959334946211105,
      0.7825567165874587,
      0.7933440429507324,
      -0.6289679510009032,
      -0.7213120002542972,
      0.883613026243653,
      -0.7772380954267412
    ],
    [
      -0.7541231675805475,
      -0.018442396326428967,
      -0.7528819533239292,
      -0.4823036343176456,
      0.1463096437224257,
      -0.8643415723697567,
      1.0,
      -0.8220545960988792,
      0.8106324988384155,
      -0.6924161808111496,
      -0.03201595258547765,
      0.5075706980377788,
      -0.5618991025606441,
      -0.6475870682102748,
      -0.9411196202143128,
      0.4528440893100005,
      0.5354057604450481,
      -0.8112276992279861,
      0.6366984177253486
    ],
    [
      0.8770279399462799,
      -0.3293530938970688,
      0.5986806065375233,
      0.7574257699254312,
      -0.5062780001632066,
      0.9135274218344935,
      -0.8220545960988793,
      1.0,
      -0.4456655424262268,
      0.8630513508248029,
      0.3889486027456484,
      -0.09874991481723494,
      0.7926938891572806,
      0.8719052749564855,
      0.6733207092233613,
      -0.7202234868259438,
      -0.816167588648111,
      0.8982177243323057,
      -0.835685478334102
    ],
    [
      -0.3206033858938606,
      -0.48522279533750223,
      -0.6739470800473714,
      -0.014026578497895853,
      -0.36920474340872833,
      -0.5781034112035991,
      0.8106324988384155,
      -0.44566554242622675,
      1.0,
      -0.26839285550324476,
      0.45896722695355574,
      0.5336343693671994,
      -0.05996868884307905,
      -0.18556613599551275,
      -0.8979421849113953,
      -0.023336227327928262,
      0.01150282698008113,
      -0.4138265155470992,
      0.16298835850761215
    ],
    [
      0.9884673918629443,
      -0.6529084319499702,
      0.350015784808091,
      0.9557040846486983,
      -0.785471042332749,
      0.8383009262275659,
      -0.6924161808111496,
      0.8630513508248028,
      -0.26839285550324476,
      1.0,
      0.47209361993951365,
      -0.05302526038275995,
      0.9612408661666245,
      0.9824879925540837,
      0.49458162967609115,
      -0.941003842181232,
      -0.9557285983173748,
      0.9778493616179043,
      -0.9866304339062486
    ],
    [
      0.44257476702654064,
      -0.7266343206501509,
      -0.19091939022045212,
      0.5561435788345801,
      -0.7400243766040108,
      0.20327149383434673,
      -0.03201595258547765,
      0.3889486027456484,
      0.4589672269535557,
      0.4720936199395136,
      1.0,
      0.09577969608871789,
      0.6092041368340675,
      0.5313908449425755,
      -0.19083543371182207,
      -0.5949266675769188,
      -0.6444886445313415,
      0.3952037526283465,
      -0.5443270638363275
    ],
    [
      -0.13527942227410988,
      -0.2666876240405283,
      -0.5092410045243808,
      0.12027275379699896,
      -0.2197149491910126,
      -0.2521537119409968,
      0.5075706980377788,
