{
  "irf_pengepol": {
    "BNP": {
      "mean": [
        -0.15557365839212253,
        -0.1490596058086296,
        -0.1391263331141576,
        -0.13040531581523507,
        -0.12273235686278305,
        -0.11583084499046557,
        -0.10951503876333128,
        -0.10366462553695285,
        -0.09820040319952802,
        -0.0930687408625333,
        -0.08823195401246564,
        -0.08366236975346698,
        -0.07933867194932231,
        -0.07524365032029086,
        -0.07136281224563655,
        -0.06768352389074671,
        -0.06419447580854909,
        -0.06088534737972365,
        -0.05774659315141912,
        -0.05476930400697428
      ],
      "p05": [
        -0.15925011794269656,
        -0.15540791253896938,
        -0.14744460772578305,
        -0.14089754924872422,
        -0.13545003227277405,
        -0.13064855501132355,
        -0.12609308322435756,
        -0.12155285368546517,
        -0.11766055513794714,
        -0.11404963719825872,
        -0.11062938684226409,
        -0.10728497034264375,
        -0.10410113264021162,
        -0.10102522503743519,
        -0.09803590402356735,
        -0.09504458944928743,
        -0.09204848335414659,
        -0.0893398832061169,
        -0.08652184194216167,
        -0.0837989451026427
      ],
      "p95": [
        -0.15175226794816274,
        -0.14352145155812995,
        -0.1310669537151029,
        -0.11951288975961989,
        -0.10990515486669422,
        -0.10081546662933631,
        -0.09265859597460858,
        -0.0855733826017053,
        -0.0787957869627437,
        -0.07241263426759416,
        -0.06662565955348436,
        -0.061301588224116646,
        -0.056402513175510594,
        -0.05188695789257922,
        -0.04772448924390507,
        -0.043912155742181574,
        -0.04044270070037736,
        -0.0372357726923745,
        -0.03421109939175017,
        -0.031348807063819685
      ]
    },
    "KPI (ann.)": {
      "mean": [
        -0.05269458305508718,
        -0.05038279622210496,
        -0.04763545897299822,
        -0.04510803123897189,
        -0.04278031570400011,
        -0.040614206473238726,
        -0.03858307186427652,
        -0.03666873117555282,
        -0.03485837371194288,
        -0.03314257756727758,
        -0.03151407810408234,
        -0.02996700558477576,
        -0.02849641325515308,
        -0.027097984614504106,
        -0.025767850996759132,
        -0.02450247697647437,
        -0.023298587460860897,
        -0.022153120418873004,
        -0.021063195408143536,
        -0.020026091873716734
      ],
      "p05": [
        -0.05345497243653254,
        -0.05186396974082951,
        -0.05003383429965533,
        -0.04832941775667449,
        -0.046708241159767704,
        -0.04527670519258071,
        -0.04397258633515451,
        -0.04274657925745361,
        -0.04151228180433373,
        -0.04029929720051242,
        -0.039089898105743044,
        -0.037986540041989,
        -0.03692135492198474,
        -0.035888114817689526,
        -0.034910538096938976,
        -0.03397755491036827,
        -0.0330708323327848,
        -0.032189499865197306,
        -0.031332746844562116,
        -0.030497191643444888
      ],
      "p95": [
        -0.0519485227242404,
        -0.04888221776247854,
        -0.045053671334013945,
        -0.04165673578539486,
        -0.038434869983114135,
        -0.035466957293557914,
        -0.032778861370962566,
        -0.030292299465039488,
        -0.028000781169159165,
        -0.025884848334464094,
        -0.023928871599545695,
        -0.022120071271180142,
        -0.020445841896403652,
        -0.018895705205978105,
        -0.017460199320937186,
        -0.01613070629690499,
        -0.01489933058280328,
        -0.013758809760208254,
        -0.01270244608215218,
        -0.011724051718166935
      ]
    },
    "Rente (ann.)": {
      "mean": [
        1.0,
        0.9545398967569041,
        0.9112747178159695,
        0.8700690208764911,
        0.8307991950006341,
        0.7933576700437164,
        0.7576486229556467,
        0.7235848727834288,
        0.6910858794290398,
        0.6600764487500278,
        0.6304858774219314,
        0.6022473712319492,
        0.5752976339527921,
        0.5495765633665608,
        0.5250270153660308,
        0.5015946120657564,
        0.4792275790787285,
        0.4578766027747845,
        0.43749470180739414,
        0.41803710932232835
      ],
      "p05": [
        1.0,
        0.9293560132735772,
        0.8639430167305266,
        0.8033200995068258,
        0.7470167661012382,
        0.6947020492766034,
        0.6461082561235643,
        0.6009622920830696,
        0.5590138027259202,
        0.5200322900668103,
        0.483804920103,
        0.45017064132869716,
        0.4189637515410609,
        0.3899629773722451,
        0.36301033990236053,
        0.33795934810839945,
        0.3146741173761075,
        0.29300497061059466,
        0.2727893977088965,
        0.2539900204799605
      ],
      "p95": [
        1.0,
        0.9753859558916342,
        0.9514359537187114,
        0.928128558681198,
        0.9054337979260103,
        0.8833264227187564,
        0.8617852353264653,
        0.840791784172748,
        0.8203294662666429,
        0.800382961666327,
        0.7809378809528073,
        0.7619805447294593,
        0.7434978444095849,
        0.7254771529735806,
        0.7079057074415953,
        0.6907719632876557,
        0.6740647186487965,
        0.657772848519496,
        0.6418855460355447,
        0.6263923092747831
      ]
    },
    "RER": {
      "mean": [
        -0.2638639621965522,
        -0.25245649896132566,
        -0.2412618558851088,
        -0.23049932699775022,
        -0.22018729207466006,
        -0.21032236808021335,
        -0.20089402400485543,
        -0.19188812454794743,
        -0.18328874660560102,
        -0.1750792376642323,
        -0.16724283588718952,
        -0.15976302843645152,
        -0.15262375295790576,
        -0.1458095051781147,
        -0.1393053904683546,
        -0.13309714217147392,
        -0.12717112042715303,
        -0.1215142997711968,
        -0.11611425048952607,
        -0.11095911671704585
      ],
      "p05": [
        -0.26405470896710054,
        -0.25784202130948114,
        -0.25185670401205823,
        -0.24591350489367983,
        -0.24004631835858342,
        -0.23427133097038266,
        -0.2285934041647936,
        -0.22304804773686288,
        -0.21763594407192077,
        -0.21235610097539787,
        -0.20720655411177683,
        -0.20218478915594254,
        -0.1972879959395289,
        -0.19251322121971298,
        -0.18785746016268148,
        -0.18331771075137446,
        -0.17889100575867467,
        -0.17457443114941962,
        -0.17036513628091624,
        -0.1662603391568322
      ],
      "p95": [
        -0.26367680992665504,
        -0.2457602060919448,
        -0.22866979717359087,
        -0.21273095322321453,
        -0.19789527000736995,
        -0.18409643830952324,
        -0.17125864068556856,
        -0.15931940993869015,
        -0.14822067107607712,
        -0.13791268220705194,
        -0.12833344797600832,
        -0.11943148418607902,
        -0.1111587450748094,
        -0.10347047965325248,
        -0.09632505713536295,
        -0.0896837801061272,
        -0.08351069617375488,
        -0.0777724141500914,
        -0.07243792801079943,
        -0.06747845023462867
      ]
    },