{
  "rho_A": {
    "grid": [
      0.01009895,
      0.03546567051282051,
      0.060832391025641024,
      0.08619911153846152,
      0.11156583205128204,
      0.13693255256410256,
      0.16229927307692305,
      0.18766599358974356,
      0.21303271410256408,
      0.2383994346153846,
      0.2637661551282051,
      0.28913287564102563,
      0.3144995961538461,
      0.3398663166666666,
      0.36523303717948713,
      0.39059975769230765,
      0.41596647820512817,
      0.4413331987179487,
      0.4666999192307692,
      0.4920666397435897,
      0.5174333602564103,
      0.5428000807692308,
      0.5681668012820513,
      0.5935335217948718,
      0.6189002423076922,
      0.6442669628205128,
      0.6696336833333333,
      0.6950004038461538,
      0.7203671243589743,
      0.7457338448717948,
      0.7711005653846154,
      0.7964672858974359,
      0.8218340064102564,
      0.8472007269230769,
      0.8725674474358974,
      0.8979341679487179,
      0.9233008884615385,
      0.948667608974359,
      0.9740343294871795,
      0.99940105
    ],
    "lp": [
      3563.7018523013835,
      3568.6171564618953,
      3568.684880219151,
      3568.4776035762097,
      3568.163753430396,
      3567.7956841237724,
      3567.396159130645,
      3566.9767222983587,
      3566.5436409612144,
      3566.100316733386,
      3565.648417016068,
      3565.188463603359,
      3564.720163279021,
      3564.242604937763,
      3563.754383029769,
      3563.2536783094306,
      3562.738313009115,
      3562.20579046072,
      3561.6533253546454,
      3561.077868653997,
      3560.4761298848734,
      3559.8445986907404,
      3559.1795669368494,
      3558.4771521299235,
      3557.7333223615437,
      3556.9439222705714,
      3556.1046984893505,
      3555.2113214305787,
      3554.2593976171393,
      3553.244462143048,
      3552.161932405128,
      3551.0069879203515,
      3549.7743077178566,
      3548.4575249154273,
      3547.048094633157,
      3545.5328824930116,
      3543.8888360360056,
      3542.070933660818,
      3539.985916882226,
      3537.559545722119
    ],
    "mode_grid": 0.060832391025641024,
    "km_val": 0.804,
    "rep_mean": 0.07170043684072307,
    "lp_at_mode": 3568.684880219151,
    "lp_at_km": 3551.0069879203515,
    "delta_lp": 17.677892298799634
  },
  "rho_O": {
    "grid": [
      0.01009895,
      0.03546567051282051,
      0.060832391025641024,
      0.08619911153846152,
      0.11156583205128204,
      0.13693255256410256,
      0.16229927307692305,
      0.18766599358974356,
      0.21303271410256408,
      0.2383994346153846,
      0.2637661551282051,
      0.28913287564102563,
      0.3144995961538461,
      0.3398663166666666,
      0.36523303717948713,
      0.39059975769230765,
      0.41596647820512817,
      0.4413331987179487,
      0.4666999192307692,
      0.4920666397435897,
      0.5174333602564103,
      0.5428000807692308,
      0.5681668012820513,
      0.5935335217948718,
      0.6189002423076922,
      0.6442669628205128,
      0.6696336833333333,
      0.6950004038461538,
      0.7203671243589743,
      0.7457338448717948,
      0.7711005653846154,
      0.7964672858974359,
      0.8218340064102564,
      0.8472007269230769,
      0.8725674474358974,
      0.8979341679487179,
      0.9233008884615385,
      0.948667608974359,
      0.9740343294871795,
      0.99940105
    ],
    "lp": [
      3555.484611552297,
      3561.713053917264,
      3563.0344086584014,
      3564.020994424481,
      3564.841192071115,
      3565.547523189077,
      3566.1631307280054,
      3566.7001500492115,
      3567.165652622097,
      3567.5640580381355,
      3567.8982672136053,
      3568.170252963431,
      3568.381392589295,
      3568.5326667107483,
      3568.624783765299,
      3568.6582607042264,
      3568.633476453012,
      3568.5507074892976,
      3568.4101509158704,
      3568.2119380601634,
      3567.9561401192304,
      3567.642766263989,
      3567.2717536636915,
      3566.842947909091,
      3566.356071136204,
      3565.81067359356,
      3565.2060621936002,
      3564.5411963325396,
      3563.814536228664,
      3563.023820807331,
      3562.165737742822,
      3561.235420719497,
      3560.2256514071205,
      3559.125513305104,
      3557.9179304779223,
      3556.5747311985037,
      3555.045778304664,
      3553.232516441825,
      3550.909846503169,
      3547.333951794811
    ],
    "mode_grid": 0.39059975769230765,
    "km_val": 0.874,
    "rep_mean": 0.3615379726094632,
    "lp_at_mode": 3568.6582607042264,
    "lp_at_km": 3557.9179304779223,
    "delta_lp": 10.740330226304195
  },
  "phi_I1": {
    "grid": [
      0.50195,
      1.00185,
      1.50175,
      2.0016499999999997,
      2.50155,
      3.0014499999999997,
      3.5013499999999995,
      4.00125,
      4.50115,
      5.001049999999999,
      5.50095,
      6.00085,
      6.500749999999999,
      7.000649999999999,
      7.50055,
      8.000449999999999,
      8.50035,
      9.00025,
      9.50015,
      10.00005,
      10.49995,
      10.99985,
      11.49975,
      11.999649999999999,
      12.49955,
      12.99945,
      13.49935,
      13.99925,
      14.49915,
      14.999049999999999,
      15.498949999999999,
      15.99885,
      16.498749999999998,
      16.998649999999998,
      17.498549999999998,
      17.99845,
      18.49835,
      18.99825,
      19.49815,
      19.99805
    ],
    "lp": [
      3569.4054454417164,
      3511.7976750605767,
      3490.467060696643,
      3481.5450534967777,
      3477.0592769282953,
      3474.4752705042806,
      3472.8191613857316,
      3471.655254539593,
      3470.7650150617233,
      3470.028814173793,
      3469.3765146720266,
      3468.7646651592195,
      3468.1651017158615,
      3467.5588676131692,
      3466.9327893437717,
      3466.2774582828856,
      3465.585993480284,
      3464.8532571783794,
      3464.0753424739155,
      3463.249229887567,
      3462.372551771837,
      3461.4434273212455,
      3460.460344859279,
      3459.42207643181,
      3458.3276148873383,
      3457.1761268724654,
      3455.966917265906,
      3454.6994019490776,
      3453.373086732363,
      3451.987550880487,
      3450.5424341129606,
      3449.03742625729,
      3447.4722589464645,
      3445.8466989065164,
      3444.160542490808,
      3442.413611199945,
      3440.605747986575,
      3438.736814189367,
      3436.806686975184,
      3434.815257193757
    ],
    "mode_grid": 0.50195,
    "km_val": 4.0,
    "rep_mean": 0.5069978137705032,
    "lp_at_mode": 3569.4054454417164,
    "lp_at_km": 3471.655254539593,
    "delta_lp": 97.75019090212345
  },
  "phi_u": {
    "grid": [
      0.010199,
      0.061214435897435894,
      0.11222987179487179,
      0.16324530769230766,
      0.21426074358974356,
      0.26527617948717946,
      0.31629161538461537,
      0.36730705128205127,
      0.41832248717948717,
      0.46933792307692307,
      0.5203533589743589,
      0.5713687948717948,
      0.6223842307692307,
      0.6733996666666666,
      0.7244151025641025,
      0.7754305384615384,
      0.8264459743589743,
      0.8774614102564101,
      0.9284768461538461,
      0.9794922820512819,
      1.0305077179487179,
      1.0815231538461538,
      1.1325385897435898,
      1.1835540256410257,
      1.2345694615384615,
      1.2855848974358974,
      1.3366003333333334,
      1.3876157692307691,
      1.438631205128205,
      1.489646641025641,
      1.540662076923077,
      1.5916775128205127,
      1.6426929487179487,
      1.6937083846153846,
      1.7447238205128204,
      1.7957392564102563,
      1.8467546923076923,
      1.8977701282051282,
      1.948785564102564,
      1.999801
    ],