{
  "summary": {
    "rho_A": {
      "mean": 0.7303231161233986,
      "std": 0.18959007593829025,
      "p5": 0.4045328227892609,
      "p50": 0.7890749471167018,
      "p95": 0.9625311739801533,
      "km": 0.804,
      "psrf": 2.0686262858843447,
      "ess": 7.762597228120039
    },
    "rho_C": {
      "mean": 0.7972996293351171,
      "std": 0.157356002832703,
      "p5": 0.4869467866157029,
      "p50": 0.8142770800495893,
      "p95": 0.9959244177824838,
      "km": 0.725,
      "psrf": 1.2617303582833301,
      "ess": 10.06836153236601
    },
    "rho_O": {
      "mean": 0.8110713074735865,
      "std": 0.046979502994094716,
      "p5": 0.7318459222432985,
      "p50": 0.8151820007310069,
      "p95": 0.8839089264896027,
      "km": 0.874,
      "psrf": 1.0481247338275612,
      "ess": 50.174087066628054
    },
    "rho_Ys": {
      "mean": 0.7456206870869883,
      "std": 0.06439168641509058,
      "p5": 0.6400863845771426,
      "p50": 0.7393406226611849,
      "p95": 0.8554308875919505,
      "km": 0.783,
      "psrf": 1.02640286454296,
      "ess": 31.555877726731808
    },
    "rho_rp": {
      "mean": 0.4704923835399501,
      "std": 0.20404106234522146,
      "p5": 0.15548134634196165,
      "p50": 0.4349325394586018,
      "p95": 0.7991682134973765,
      "km": 0.737,
      "psrf": 1.3777439397156415,
      "ess": 9.125013105610162
    },
    "rho_H": {
      "mean": 0.7921550632509361,
      "std": 0.21338642270521294,
      "p5": 0.3450397828010538,
      "p50": 0.8734458962778132,
      "p95": 0.9985966917959685,
      "km": 0.694,
      "psrf": 1.2815817489780534,
      "ess": 13.845248907736703
    },
    "sigma_C": {
      "mean": 0.030979457327736354,
      "std": 0.0023191008675090244,
      "p5": 0.02730876058665549,
      "p50": 0.030863249782652168,
      "p95": 0.03493690614346733,
      "km": 0.03,
      "psrf": 1.0390190892604418,
      "ess": 86.8533651975975
    },
    "sigma_O": {
      "mean": 0.07032591840524767,
      "std": 0.005333554850384276,
      "p5": 0.062007822378230375,
      "p50": 0.07007771920197348,
      "p95": 0.07886735546484615,
      "km": 0.079,
      "psrf": 1.0125904065598106,
      "ess": 146.4096600022219
    },
    "sigma_Ys": {
      "mean": 0.011855707218000599,
      "std": 0.0008756358873714797,
      "p5": 0.0103394440106313,
      "p50": 0.011854355305998678,
      "p95": 0.01331319167764552,
      "km": 0.011,
      "psrf": 1.001801962703501,
      "ess": 102.96142785919093
    },
    "sigma_rp": {
      "mean": 0.003263364888808407,
      "std": 0.001229791007847872,
      "p5": 0.001343673205140072,
      "p50": 0.0033207338399586783,
      "p95": 0.005284473764160298,
      "km": 0.006,
      "psrf": 1.0301115361386157,
      "ess": 68.20009541433816
    },
    "sigma_i": {
      "mean": 0.00033705584893568917,
      "std": 3.962377727110429e-05,
      "p5": 0.00027311203650074573,
      "p50": 0.0003371513906465595,
      "p95": 0.00040223519320232006,
      "km": 0.0003,
      "psrf": 1.0001933060439965,
      "ess": 89.00648208620854
    },
    "sigma_P": {
      "mean": 0.0026686703808243254,
      "std": 0.00025225472963478666,
      "p5": 0.0022650016447355505,
      "p50": 0.0026497168891570153,
      "p95": 0.003106610901440934,
      "km": 0.003,
      "psrf": 1.074017656015854,
      "ess": 54.68354834410484
    },
    "sigma_H": {
      "mean": 0.05212245534067051,
      "std": 0.006007891829276936,
      "p5": 0.04236905226513887,
      "p50": 0.05163195209100211,
      "p95": 0.06214178731667988,
      "km": 0.05,
      "psrf": 1.0231627417791036,
      "ess": 66.69600056477441
    },
    "psi_R": {
      "mean": 0.6932990403484005,
      "std": 0.02044730533521603,
      "p5": 0.6587239062366046,
      "p50": 0.6948697839458431,
      "p95": 0.7232227264927384,
      "km": 0.666,
      "psrf": 1.0149159741535563,
      "ess": 79.4838372242932
    },
    "psi_P1": {
      "mean": 0.3251598155409848,
      "std": 0.04779400194063472,
      "p5": 0.25217621914456273,
      "p50": 0.3247821351063515,
      "p95": 0.4024732980851593,
      "km": 0.292,
      "psrf": 1.0500322734970493,
      "ess": 48.96065730725574
    },
    "psi_Y": {
      "mean": 0.2561680726468006,
      "std": 0.014775097997349135,
      "p5": 0.23163604985432049,
      "p50": 0.25648630736297406,
      "p95": 0.2799067215932958,
      "km": 0.242,
      "psrf": 1.054811790914973,
      "ess": 85.29808216019033
    },
    "h_c": {
      "mean": 0.9422586888136123,
      "std": 0.007127185556166512,
      "p5": 0.9298207489702932,
      "p50": 0.9425853349477975,
      "p95": 0.9537479837553215,
      "km": 0.938,
      "psrf": 1.00761494205461,
      "ess": 104.20156723854554
    },
    "phi_I1": {
      "mean": 3.5666233131375167,
      "std": 0.3137890110773946,
      "p5": 3.1286806099264686,
      "p50": 3.5228466558634026,
      "p95": 4.08967116370239,
      "km": 4.0,
      "psrf": 1.5344047104674208,
      "ess": 8.766870697370273
    },
    "phi_I2": {
      "mean": 8.6951272604185,
      "std": 0.744337601356998,
      "p5": 7.681656135622084,
      "p50": 8.499677661451791,
      "p95": 9.884081705217188,
      "km": 8.0,
      "psrf": 3.781354306221933,
      "ess": 6.871122191270427
    },
    "phi_u": {
      "mean": 0.20131837643818426,
      "std": 0.10362220944397552,
      "p5": 0.042727324175857305,
      "p50": 0.19270198089293578,
      "p95": 0.4000782207782847,
      "km": 0.2192,
      "psrf": 1.0709996054500708,
      "ess": 12.89514913050579
    },
    "sigma_A": {
      "mean": 0.006,
      "std": 0.0,
      "p5": 0.006,
      "p50": 0.006,
      "p95": 0.006,
      "km": 0.006,
      "psrf": 1.0,
      "ess": Infinity,
      "fixed": true
    }
  },
  "meta": {
    "n_production": 6000,
    "burnin": 4000,
    "acc_rate": 0.2643333333333333,
    "final_scale": 1.0,
    "n_recalibrations": 0,
    "recalib_log": [],
    "psrf_final": 3.781354306221933,
    "sigma_A_fixed": 0.006,
    "use_reparam": true,
    "ess_min": 6.871122191270427
  }
}